seq;timestamp_ms;red;ir;red_corrected;ir_corrected
1;135093;40603;100950;-10.7880634283;-4.3962347307
2;135113;40616;100938;2.1427885969;-15.1056686268
3;135133;40603;100945;-12.05150315;-7.5421102066
4;135153;40612;100939;-0.7691659035;-14.2453033601
5;135173;40621;100933;8.087457182;-20.5521902303
6;135193;40606;100932;-7.9054708501;-20.737921796
7;135213;40597;100920;-16.5923445084;-32.6931107263
8;135233;40599;100916;-16.3343250711;-37.2274855714
9;135253;40588;100905;-25.3885384163;-47.1797950474
10;135276;40596;100902;-17.9724813046;-49.6520086552
11;135296;40577;100860;-36.0769319077;-91.4768688662
12;135316;40574;100846;-38.6170890185;-105.5474224454
13;135339;40575;100839;-37.7454632909;-111.4759927391
14;135349;40576;100847;-36.8887395249;-102.5819873255
15;135369;40558;100785;-53.5806458499;-163.8021935467
16;135399;40558;100788;-51.303303841;-160.5006371523
17;135409;40562;100759;-48.0416373047;-188.5751937854
18;135439;40553;100771;-56.5722228885;-176.1500100642
19;135459;40543;100725;-67.0559543971;-221.0859496596
20;135479;40533;100716;-77.6351991136;-228.5885708903
21;135499;40551;100699;-57.8298108938;-244.5222136957
22;135519;40549;100700;-59.1838927057;-242.8303133859
23;135534;40547;100694;-61.7633112155;-247.3388246709
24;135555;40535;100736;-73.4589547016;-202.9894699806
25;135575;40541;100723;-66.3168714154;-215.6710198643
26;135598;40540;100720;-66.7026927007;-218.3370178133
27;135613;40528;100714;-79.4401692691;-222.8035093096
28;135633;40534;100721;-74.1064299482;-213.5681843034
29;135653;40539;100719;-66.6080966594;-214.6678572185
30;135681;40541;100718;-62.5813015924;-215.4423196382
31;135691;40538;100704;-65.9241392566;-228.3501849652
32;135711;40529;100716;-76.1341464293;-214.6024404438
33;135733;40543;100705;-61.3249151961;-224.8006624685
34;135757;40535;100704;-67.8239258735;-224.1162781439
35;135777;40532;100689;-71.86464164;-237.3948493274
36;135800;40547;100709;-55.6266817283;-216.1355563432
37;135811;40523;100680;-79.1125630776;-243.9568596571
38;135831;40526;100713;-75.4853679543;-210.9965272753
39;135851;40526;100697;-74.5301552372;-225.6071568573
40;135877;40526;100704;-74.0928726137;-216.6826172187
41;135890;40531;100718;-68.3924216228;-201.7211074925
42;135910;40523;100705;-75.7307643908;-214.0698731775
43;135935;40525;100708;-74.0599894096;-209.8020929369
44;135960;40536;100701;-62.5079573582;-216.1190490922
45;135974;40524;100718;-73.6172583383;-198.5316986176
46;135994;40536;100720;-60.9685362594;-195.9671340503
47;136014;40537;100721;-59.3573528631;-193.0749852083
48;136035;40529;100707;-67.8171494569;-205.6228136816
49;136055;40524;100737;-73.7201829609;-175.2260219684
50;136076;40530;100765;-67.140912452;-146.9819978589
51;136096;40551;100817;-45.3985718408;-94.6317824529
52;136116;40563;100849;-34.3930285745;-62.2547565369
53;136137;40579;100870;-19.4289119884;-40.8619325007
54;136159;40581;100914;-16.091155433;3.4863213293
55;136169;40590;100897;-6.7166308813;-13.6351605894
56;136193;40598;100916;0.9945161544;5.1898110606
57;136205;40579;100897;-17.3676730136;-13.7680274635
58;136236;40579;100919;-18.0878153935;8.5849342843
59;136256;40587;100912;-11.4528893669;0.7798948505
60;136282;40591;100929;-6.4082736186;18.2970372118
61;136296;40587;100911;-10.5317658405;0.726190696
62;136319;40598;100906;0.6469603726;-4.4985357918
63;136330;40584;100908;-12.1754315108;-3.0622149625
64;136350;40587;100907;-8.2745351225;-4.5249522738
65;136380;40571;100890;-24.7337780396;-21.4687904592
66;136400;40580;100879;-17.4317552571;-31.3341302687
67;136420;40582;100862;-14.2260528774;-47.4552297675
68;136443;40579;100842;-17.4481453085;-67.9818704896
69;136460;40581;100852;-14.993812705;-58.0610986817
70;136479;40578;100895;-17.6908523521;-15.3717658061
71;136495;40514;100862;-81.8582102025;-48.0537130505
72;136517;40562;100842;-35.2973130307;-66.4907908022
73;136537;40568;100861;-27.909167589;-47.3123451082
74;136559;40565;100859;-29.7007756323;-49.2115960112
75;136570;40568;100850;-26.6853588148;-58.3012123352
76;136602;40563;100840;-30.5058831373;-67.8564560413
77;136620;40571;100845;-23.1396002901;-62.278138648
78;136631;40554;100840;-40.5923160709;-66.9294009753
79;136659;40557;100850;-37.2827636811;-57.1486014147
80;136679;40559;100845;-36.21437354;-61.2969250657
81;136700;40527;100836;-67.8664081678;-70.1162965611
82;136720;40570;100820;-24.056234563;-86.3242893563
83;136730;40559;100801;-34.8350201228;-104.86763891
84;136753;40573;100865;-20.4232466345;-40.0603942256
85;136768;40568;100841;-26.1601607727;-63.5755684452
86;136795;40569;100839;-25.1031575775;-65.6990951878
87;136817;40558;100848;-34.8017342308;-56.4473488719
88;136837;40559;100850;-34.0193230871;-53.8744744905
89;136857;40577;100851;-15.6909246039;-52.5624364885
90;136877;40560;100863;-32.3669807399;-40.6575243069
91;136895;40579;100870;-13.8205098951;-32.9116374782
92;136906;40572;100859;-20.6830785822;-43.8186955928
93;136937;40560;100870;-31.6454153923;-33.2086373161
94;136959;40575;100880;-17.2550656049;-22.9638430411
95;136982;40568;100868;-24.0882546161;-34.27933862
96;136992;40573;100883;-18.7037067157;-19.1894939212
97;137012;40570;100885;-21.8965457698;-17.5626323596
98;137038;40577;100880;-14.4300855292;-22.3479114925
99;137053;40573;100880;-18.6595295936;-22.1083485121
100;137072;40589;100889;-2.8834997872;-12.9496180202
101;137100;40575;100879;-16.8474152976;-23.0146561925
102;137120;40575;100894;-15.6890390784;-8.1206628496
103;137140;40573;100927;-17.9554075533;25.1702344793
104;137160;40580;100920;-11.4126731713;18.1509510638
105;137180;40565;100927;-26.4681521214;24.663302108
106;137193;40568;100910;-23.603043174;7.536750059
107;137215;40570;100884;-21.2159306769;-18.2552364502
108;137235;40568;100908;-22.5128242919;5.6512118642
109;137260;40573;100887;-17.4607789918;-15.0652885443
110;137280;40598;100893;6.7943707298;-8.9626185374
111;137301;40573;100899;-17.5577521494;-3.1799996923
112;137321;40569;100883;-21.6600261579;-19.1154186926
113;137331;40569;100855;-21.3296369202;-46.8167879881
114;137364;40576;100871;-13.991369899;-30.7575857865
115;137386;40584;100862;-6.4999604667;-39.720399709
116;137396;40572;100821;-18.634614826;-80.1654471718
117;137417;40586;100867;-4.4574394957;-33.6720814237
118;137438;40574;100863;-16.1916304844;-37.6009297542
119;137459;40568;100866;-21.6566716782;-34.956655167
120;137480;40564;100868;-26.3520769426;-32.5134532059
121;137493;40547;100861;-43.0723226668;-39.0828716111
122;137519;40567;100871;-23.3231171305;-28.9598917932
123;137539;40579;100868;-11.2960863365;-32.0838235537
124;137559;40562;100888;-27.8944885937;-12.257916544
125;137571;40574;100875;-15.7434048119;-24.9433756311
126;137593;40573;100872;-16.6165152159;-27.4309069
127;137617;40571;100878;-18.1063012837;-21.3013791873
128;137640;40575;100874;-14.0865472637;-25.4373211939
129;137663;40580;100870;-9.6260993202;-29.3115220674
130;137682;40572;100881;-17.7579516576;-18.0666075813
131;137693;40558;100883;-31.4997816807;-16.0689166572
132;137717;40571;100882;-18.5450011823;-17.2657581185
133;137738;40560;100892;-29.3907031973;-7.1369443024
134;137759;40573;100887;-16.0889707967;-11.675915178
135;137780;40592;100876;1.9277544579;-22.7136025713
136;137795;40572;100889;-17.1643539773;-10.3221173749
137;137822;40577;100890;-11.8672013048;-8.7708234097
138;137845;40565;100880;-23.8113607131;-18.7883576088
139;137858;40565;100896;-23.6136504408;-3.1492338573
140;137879;40570;100901;-18.456007952;2.3407471266
141;137900;40565;100894;-24.084716976;-4.44964239
142;137921;40594;100887;5.3132083353;-11.9452115408
143;137932;40576;100923;-12.0968078025;23.752262412
144;137965;40591;100906;2.6094991554;6.8717673313
145;137985;40575;100895;-13.3018918165;-4.1628951138
146;138004;40576;100913;-12.1711934283;13.561630183
147;138014;40591;100904;2.562366066;4.5492759902
148;138035;40593;100922;3.9301246731;23.112776943
149;138056;40591;100919;2.4940469044;20.0601298057
150;138077;40593;100937;3.8227177784;37.6167503183
151;138100;40593;100945;3.6269987741;45.4305560561
152;138116;40580;100950;-9.1099875136;50.1958196675
153;138134;40588;100954;-1.2209757131;53.8461600146
154;138162;40600;100963;10.8978756719;62.5327135138
155;138173;40599;100908;9.5451008403;7.4982379709
156;138198;40595;100949;5.849026987;48.4965709569
157;138218;40598;100947;8.5522614305;46.2038507806
158;138234;40596;100946;6.7535329577;44.7980032642
159;138266;40596;100941;7.1297821631;39.6050688317
160;138289;40588;100905;-0.7749589866;3.6218140796
161;138304;40593;100933;4.5746629299;31.45400359
162;138315;40598;100927;8.551695198;25.4370598434
163;138338;40598;100923;8.0816268218;21.2604292387
164;138360;40601;100942;11.651163582;39.8179383292
165;138382;40591;100921;0.8884436336;18.6972852244
166;138394;40572;100931;-17.1164801877;28.9513705021
167;138419;40594;100945;4.8522586935;42.5123015018
168;138434;40595;100941;5.4249307222;38.0574260223
169;138463;40598;100958;7.4498372985;55.1172151091
170;138473;40598;100969;7.5348745049;65.7013665377
171;138494;40600;100967;9.0242374459;63.3717905321
172;138515;40586;100962;-4.7436807622;57.6058262884
173;138538;40602;100957;11.7977630224;52.6338478598
174;138570;40601;100965;10.4559525299;60.6192147096
175;138584;40588;100963;-2.6422478849;57.9142384523
176;138597;40591;100958;0.0352415929;52.336000284
177;138620;40606;100970;14.902505017;64.0799109621
178;138642;40602;100963;10.7759519211;57.027407558
179;138653;40571;100975;-19.6367226461;68.7421043288
180;138676;40601;100971;10.5669259026;64.5681548296
181;138696;40609;100966;17.8000893246;59.0232705004
182;138719;40610;100982;18.3453209783;74.4853761931
183;138738;40593;100971;1.2420053334;63.4263703871
184;138764;40594;100963;2.5381896846;55.1098999027
185;138775;40602;100919;10.564760784;11.1608799758
186;138797;40608;100976;16.445672692;67.6606595985
187;138818;40621;100990;29.3895888578;80.8383014577
188;138830;40607;100984;15.1351053052;74.4594224652
189;138850;40609;100959;16.460169381;49.5592044053
190;138886;40601;100977;7.5888307296;67.3043880217
191;138897;40638;100991;44.8535507871;80.6518894937
192;138919;40597;100978;3.6089506357;67.1606018623
193;138940;40594;100982;0.2060244657;71.0009811523
194;138960;40609;100982;15.4360228225;70.7158694915
195;138983;40611;100984;16.7302130251;72.2253812356
196;138994;40594;100981;-0.0231692078;68.7704595285
197;139021;40610;100986;17.2408839862;73.5044383869
198;139047;40606;100976;12.9379544135;63.3921273791
199;139058;40610;100986;16.7483591337;72.9273285974
200;139078;40629;100987;36.0472399935;73.4639817302
201;139098;40606;100962;12.8233685921;48.1625045982
202;139118;40609;100973;15.6430245191;58.8694647103
203;139142;40604;100974;10.6541278413;60.0055959239
204;139153;40605;100968;11.4660541965;53.5261968708
205;139171;40612;100967;18.6408557135;51.726656029
206;139191;40627;100984;32.8861605321;68.5494815807
207;139226;40601;100984;6.5413475503;68.5657120817
208;139236;40609;100977;14.2241803521;60.9478070118
209;139257;40609;100980;14.4609953694;63.3472555737
210;139282;40608;100995;13.0258175148;78.3335422698
211;139295;40606;100986;10.936416424;69.0527277391
212;139310;40619;100984;24.1603716497;66.5678062962
213;139340;40611;101004;16.6751101532;86.0795988897
214;139354;40605;100992;10.2979968052;73.8891208808
215;139375;40608;101006;12.7623573674;87.495223135
216;139396;40615;100991;20.2942285068;71.6800623121
217;139417;40621;101000;26.1676318733;80.3744343387
218;139438;40618;101010;22.6558528733;90.1860345489
219;139468;40627;101001;31.4683150714;80.6616620152
220;139490;40612;101010;15.9544079332;89.1733312866
221;139503;40619;101018;23.029957734;96.651988865
222;139514;40618;101008;22.0251720824;86.2897133153
223;139535;40632;101016;36.1853432579;93.6124844947
224;139557;40624;101028;27.4099737964;105.1671851575
225;139577;40617;101021;20.0121167942;97.8251767778
226;139605;40625;101023;28.2186764546;99.1834258412
227;139631;40630;101036;33.0384097912;111.5186280365
228;139648;40560;101045;-36.6758300161;119.9682536204
229;139663;40629;101031;31.8754633837;105.5706081582
230;139674;40622;101045;24.7908208475;118.967062753
231;139694;40628;101030;30.3962675594;103.3936271933
232;139715;40625;101037;27.0372379124;109.9061849145
233;139737;40617;101059;18.7703499571;130.9470779879
234;139758;40628;101043;30.0633262801;114.3338249779
235;139779;40630;101044;31.9302935917;114.8657614908
236;139801;40624;101045;25.528926844;115.4459972999
237;139823;40627;101044;28.7948787934;113.8052218716
238;139843;40626;101067;27.9305666472;135.9869999132
239;139863;40623;101062;25.014214121;130.1151703122
240;139874;40621;101075;22.9208278559;142.3445263673
241;139895;40628;101028;29.41097939;94.9343062431
242;139930;40641;101028;41.8070917428;94.704611652
243;139949;40620;101020;20.9353175876;86.1737185149
244;139969;40626;101038;26.9094222779;103.3491932469
245;139980;40621;101036;21.7389247719;100.7016160897
246;140001;40627;101043;26.8567667924;107.4743511832
247;140021;40633;101050;32.2326840454;114.3233258842
248;140045;40636;101042;35.4598787511;105.4212628063
249;140067;40658;101031;57.0627766403;93.7217116104
250;140087;40655;101039;53.5763891374;101.3593591816
251;140099;40646;101055;44.3411320222;116.8618864876
252;140120;40642;101059;40.7908463341;120.3988970082
253;140142;40640;101061;38.3853664512;121.6430069871
254;140162;40636;101054;34.3833655026;113.9273448336
255;140183;40672;101071;70.0632909171;130.2704106597
256;140207;40650;101108;47.6141857141;166.6091018967
257;140229;40636;101080;33.2188187495;137.8758831904
258;140248;40660;101066;57.3977404306;123.0733230674
259;140259;40639;101066;36.1951810607;122.4156402367
260;140280;40632;101071;28.5480597322;127.0008335137
261;140301;40640;101082;36.8514108709;137.491875388
262;140322;40636;101085;32.7264599733;139.2181813719
263;140344;40644;101071;40.755116054;124.7307658131
264;140361;40635;101097;30.9454835363;150.2541331866
265;140382;40651;101088;46.2969858996;140.6699633667
266;140395;40643;101087;38.312277462;138.7975693798
267;140417;40633;101090;28.741949304;140.7691531019
268;140440;40659;101071;54.1732442928;121.493474017
269;140464;40638;101078;33.2742421264;127.5097324293
270;140475;40661;101074;55.9252215419;122.8407013903
271;140498;40654;101074;47.9019067668;122.6038425689
272;140526;40647;101076;40.7865035161;123.86573256
273;140545;40647;101082;40.9030759047;129.0019429783
274;140556;40638;101075;31.8877143677;121.3354638555
275;140579;40652;101087;45.5702759967;132.8096286881
276;140602;40652;101096;45.1879194783;141.3081279168
277;140614;40638;101076;31.0587836644;120.5969903701
278;140642;40641;101074;34.0212774286;117.7485567097
279;140659;40645;101075;37.9076766313;118.1360164954
280;140687;40647;101072;39.7906169218;114.6672100057
281;140697;40659;101085;51.3616104709;127.0349475303
282;140720;40627;101072;19.6241040924;113.5898847475
283;140742;40642;101055;34.0323947887;96.0866769427
284;140765;40643;101072;35.1708652859;112.4782650406
285;140777;40655;101054;46.8001292953;93.9187883709
286;140809;40653;101061;44.5858756989;100.4943701702
287;140816;40636;101088;27.3222619927;126.9235776898
288;140836;40694;101061;84.8116687305;99.381870625
289;140863;40647;101060;37.6192659352;97.6181280761
290;140883;40643;101055;33.5459813216;92.2434097798
291;140905;40653;101071;43.7045974945;107.979356878
292;140915;40672;101061;61.9945114701;97.5579838186
293;140945;40652;101069;42.2260741873;104.792760031
294;140959;40648;101086;37.8053122054;121.2152620201
295;140979;40671;101057;60.1500010273;91.8296612812
296;141003;40653;101073;42.0333279116;107.3229528201
297;141025;40658;101068;46.6933991135;101.6648858829
298;141036;40667;101107;55.5369940322;139.9568774167
299;141058;40665;101068;53.3433078431;100.6198915956
300;141087;40657;101078;45.6125465266;109.9380917377
301;141101;40650;101080;38.2963364922;111.1336012851
302;141119;40654;101086;41.7294583896;116.6506805836
303;141139;40667;101078;53.4867177369;108.3447354286
304;141165;40662;101086;47.7078306607;115.7743975397
305;141187;40664;101077;50.8076259263;105.9435614291
306;141197;40658;101067;44.8292349606;95.4504116444
307;141219;40671;101091;57.1959976303;119.2347879029
308;141236;40667;101086;53.1470009474;113.4695112279
309;141261;40669;101097;54.7041281306;123.6169836155
310;141283;40668;101101;53.4884586699;127.0597286722
311;141296;40659;101090;44.5356051326;115.6285102656
312;141320;40660;101094;45.7949544976;118.7377475823
313;141342;40660;101103;45.286581023;127.0778116926
314;141363;40658;101107;42.2915471733;131.0409373791
315;141387;40663;101115;47.0226023203;137.8656531695
316;141400;40669;101101;52.4338585328;123.0910906921
317;141412;40663;101101;46.372967432;122.3874625619
318;141432;40677;101102;59.8687046636;122.9652100653
319;141464;40676;101118;58.6416227618;138.2929143995
320;141485;40673;101127;55.7659966682;146.4590685126
321;141505;40661;101083;43.3937975259;102.2487399952
322;141525;40661;101077;43.5394203104;95.7772183904
323;141550;40674;101047;56.7591205866;65.276799072
324;141564;40673;101040;55.7032764728;57.8835823542
325;141580;40661;101083;43.2994631709;100.4356559413
326;141608;40671;101096;52.2891682053;113.001017875
327;141620;40673;101071;54.0088273383;87.6079476965
328;141645;40633;101081;14.6065756882;97.1864535248
329;141667;40660;101020;40.2283824698;35.5894674804
330;141684;40649;101058;30.7736124935;73.2065985328
331;141706;40659;101060;39.6440294319;75.4185970333
332;141733;40651;101037;30.7905786413;52.1729508252
333;141743;40637;101034;16.7565217732;48.6630482501
334;141765;40679;101041;58.5181074108;54.8907178647
335;141785;40639;101039;18.4624266323;53.108974177
336;141805;40648;101051;28.0184601266;65.2315126083
337;141816;40650;101060;29.7809514666;73.7437174316
338;141839;40653;101025;32.3305652677;38.2297643632
339;141857;40644;101023;23.265398362;35.8406746099
340;141876;40658;101036;37.3887786422;48.710697932
341;141910;40646;101033;25.456048528;45.6896295864
342;141920;40656;101029;35.4777161662;41.3108145022
343;141940;40654;101012;33.6149110899;24.0779461353
344;141967;40653;101029;31.8285627432;41.0845858748
345;141978;40633;101016;11.8621859398;27.9049254915
346;142001;40644;101010;22.6913044999;21.5600047895
347;142034;40648;101021;26.3691031923;32.4646320944
348;142050;40641;101020;18.8089078939;31.4807316482
349;142062;40647;100980;24.4594680937;-8.675984236
350;142082;40638;101016;16.1122542395;26.9012796797
351;142102;40646;101009;22.9871593772;19.744132186
352;142122;40660;101013;36.1302538702;23.7406355281
353;142144;40642;101025;17.7131969016;35.8748309989
354;142166;40638;101018;13.8008661794;28.7268262174
355;142185;40631;101014;7.3745350366;24.3361987247
356;142196;40659;101025;35.6734702779;35.2409688768
357;142218;40657;101039;33.0242850939;49.1178836772
358;142239;40644;101034;20.154878123;43.9180355141
359;142260;40650;101013;26.5200528947;22.6088345798
360;142281;40646;101024;22.7947531341;33.3694806073
361;142296;40664;101033;40.6838322354;42.3375918815
362;142322;40662;101011;38.5895873465;20.2412095495
363;142351;40660;101012;35.990772578;21.1236666268
364;142365;40670;101023;45.6275685808;31.8157979299
365;142386;40667;101012;42.1004137465;20.6440167264
366;142397;40650;100972;24.5977404232;-19.2395543029
367;142418;40642;101021;17.4160145862;29.7062128022
368;142444;40652;101004;26.3333115918;12.8995287876
369;142456;40662;101011;36.1393918636;19.598676021
370;142476;40661;101017;35.0448230171;25.0621241304
371;142507;40669;101021;42.5275578412;29.3101651301
372;142519;40662;101029;35.1985714596;37.2822496695
373;142541;40659;101031;32.2375399087;38.6842138661
374;142562;40660;101029;33.1803613118;35.9815981505
375;142591;40659;101035;30.6432946049;42.4125071981
376;142609;40660;101038;32.2746014607;45.0236559839
377;142620;40675;101034;47.4290268168;40.7008513689
378;142640;40677;101042;48.7939505814;48.2609208875
379;142667;40658;101046;30.1780107489;52.2656411182
380;142678;40666;101053;37.8598416693;59.0689489599
381;142698;40665;101040;36.4664113225;45.5629821711
382;142720;40668;101045;39.3537724373;50.4085637133
383;142755;40663;101042;34.2771582622;47.2030022669
384;142759;40643;101047;14.1805346581;51.9250995153
385;142779;40653;101031;23.6872333702;35.6341750254
386;142806;40673;101043;43.7300872602;47.3058973062
387;142817;40652;101058;22.6503864368;61.9998329805
388;142839;40680;101055;50.0542783143;58.9529589578
389;142862;40653;101055;22.8377702655;58.6408909069
390;142885;40674;101056;43.4625497403;58.9486020236
391;142902;40664;101046;33.4049030065;48.7219262384
392;142921;40667;101055;36.282370621;57.7147360532
393;142948;40676;101045;44.8719982947;47.5107254174
394;142960;40670;101051;38.630137717;53.0281638681
395;142982;40670;101053;39.0378391023;54.7983443751
396;143003;40666;101038;34.5829859132;39.7610334706
397;143024;40662;101063;30.5202350824;64.3268642215
398;143038;40666;101054;34.1300211752;54.8937963587
399;143062;40674;101050;41.4925858299;50.7304921594
400;143089;40674;101071;41.8252683122;71.3645722258
401;143109;40668;101071;35.7680078447;70.9276088676
402;143128;40690;101071;57.3491346187;70.5137995672
403;143140;40725;101066;91.9693356549;65.2231203061
404;143161;40671;101049;36.8997528643;48.0813461618
405;143174;40677;101046;43.0586206831;44.8008533641
406;143205;40680;101034;45.8431609969;32.6795644374
407;143235;40676;101030;41.9304143748;28.3753688639
408;143247;40669;101030;34.8662968686;28.3007974806
409;143258;40689;101038;54.3859211351;36.3226544686
410;143280;40667;101032;31.9052606311;30.0678786412
411;143301;40676;101021;41.3400038762;18.6479791406
412;143322;40671;101001;35.7712563535;-1.161217552
413;143340;40659;101019;23.4675129198;17.05050531
414;143356;40663;101010;27.1131850614;7.9931830798
415;143376;40687;101024;51.1295170549;21.4722614472
416;143404;40653;101024;17.105540483;21.4672053017
417;143427;40668;101007;31.5793804377;4.8835996863
418;143438;40659;101025;22.726987991;22.719695301
419;143461;40675;101023;38.8296230154;20.0242541985
420;143487;40669;101018;32.150460604;15.2584267073
421;143504;40671;101017;34.1534773831;14.2498252145
422;143526;40687;101024;49.9990677756;21.0054859982
423;143547;40669;101005;31.7360297052;1.9030979664
424;143562;40677;101042;39.84732693;38.5872340425
425;143585;40663;101024;25.2010063688;20.6648905477
426;143599;40682;101018;44.3140299928;14.7750570773
427;143626;40671;101021;32.6264220074;17.6391433316
428;143639;40688;101019;49.644647307;15.2936026631
429;143659;40675;101024;36.7577022909;20.1208941241
430;143687;40676;101026;36.9256875126;22.4129776871
431;143710;40673;101017;34.3572468425;13.213958498
432;143723;40679;100978;40.1265437469;-25.7093484517
433;143748;40671;101017;31.8284687872;13.3102453765
434;143761;40670;101026;30.7596543806;21.960885631
435;143786;40668;101020;28.612100044;15.8201375901
436;143802;40668;101027;28.3615317389;23.0023753017
437;143824;40662;101035;22.2440400396;31.0670068628
438;143845;40685;101030;44.3535879877;25.583454643
439;143859;40680;101026;39.6727314736;21.1222563429
440;143880;40671;101033;30.4896585853;28.0787759013
441;143903;40679;101018;37.6209548595;13.6578443241
442;143935;40685;101023;44.4459476864;17.7338087335
443;143941;40698;101019;57.2078251767;13.6455780127
444;143961;40648;101011;6.8931032732;6.0028846772
445;143981;40670;101017;28.5794285191;12.0476475699
446;144001;40688;101008;46.2873495275;2.8550157063
447;144025;40673;101000;31.4699993613;-5.1583467886
448;144046;40666;100989;23.9317587402;-15.8839111309
449;144059;40653;101013;11.1545087461;7.9442239428
450;144091;40659;100989;16.4521231015;-15.8196640395
451;144101;40676;100975;33.197821906;-29.7152431016
452;144126;40675;100983;32.0247132832;-21.7843333822
453;144151;40668;100980;25.228188476;-24.6106573618
454;144164;40666;100984;23.1179815177;-20.4763703662
455;144185;40669;100984;25.5385055425;-20.540592349
456;144199;40696;101000;53.134380021;-4.6142295294
457;144221;40668;100998;23.9889996136;-6.6521458956
458;144250;40682;101000;37.7675794565;-3.9762734179
459;144275;40678;100999;33.7866331119;-5.4797218771
460;144286;40673;101004;28.7921486609;-0.7698562731
461;144306;40662;100983;17.7470361068;-21.5166998248
462;144322;40670;100998;25.5909777684;-6.1367133215
463;144350;40671;100996;26.5687782616;-8.0755216314
464;144361;40673;100997;28.4542776907;-7.3317722584
465;144388;40676;100997;30.6880544692;-7.4750336471
466;144400;40685;100976;39.5519434173;-28.1574942333
467;144427;40665;100980;19.8495215201;-23.9213181119
468;144454;40689;100989;43.9267089594;-15.1586774619
469;144466;40673;101009;27.5640614608;4.7311776977
470;144489;40669;100998;23.3646838993;-5.7641842203
471;144502;40665;100993;18.9225648162;-10.6472236746
472;144527;40674;101006;28.3693313565;1.9905025037
473;144549;40670;100992;23.8286342751;-11.8647455851
474;144575;40667;100999;20.5918775309;-4.7937719844
475;144582;40675;100995;28.4687080784;-8.7627817356
476;144602;40669;100995;22.6266587641;-8.8126292308
477;144630;40674;100993;27.4447517316;-10.8341940105
478;144640;40694;100999;46.9311376922;-4.8074113968
479;144666;40669;101004;21.9479459998;0.4346769672
480;144695;40679;101006;31.2837366309;2.3225695928
481;144702;40708;101011;59.8801956536;7.2228245313
482;144722;40681;100996;33.0393568629;-7.9022643043
483;144749;40670;101004;21.7591375915;0.2601880775
484;144762;40668;101006;19.5279461236;2.3663795575
485;144782;40667;101014;18.6722747173;10.3813814737
486;144805;40679;101000;30.9470355035;-4.0270352858
487;144831;40674;101013;25.6230866682;9.1608658287
488;144848;40671;101028;22.7764072737;24.2037249945
489;144860;40682;100993;33.6849572082;-10.7722225958
490;144880;40669;100974;20.5807046181;-29.6921970006
491;144918;40672;100978;23.2828871373;-25.6536655288
492;144929;40674;100965;25.0375846711;-38.4894205011
493;144939;40662;100964;12.9110857984;-39.3545757088
494;144966;40674;100956;23.940409822;-47.0508399813
495;144987;40673;100956;23.1098219454;-46.6663621449
496;145004;40670;100962;20.1977816465;-40.5013156565
497;145019;40666;100975;16.0785856168;-27.5545255215
498;145039;40667;100959;17.7313772955;-43.376326845
499;145062;40662;100976;11.6897532074;-26.2398335442
500;145086;40678;100974;28.05939366;-27.7185880944
501;145099;40679;100978;28.6105297687;-23.8091796657
502;145123;40676;100969;25.7539651793;-32.9202784729
503;145145;40688;100990;37.62397572;-11.8561532553
504;145159;40682;100982;31.2723255359;-19.8137886206
505;145196;40669;100969;17.6816567921;-32.3109497015
506;145210;40673;100964;21.9322996874;-37.1578734664
507;145220;40662;100974;11.0441018305;-27.1222591645
508;145244;40669;100989;18.0250254892;-12.3354453253
509;145264;40677;100987;25.7461995599;-14.3775495037
510;145284;40684;100991;32.4339980821;-10.0356129529
511;145307;40687;100980;35.3759859344;-20.7438433856
512;145327;40692;100997;40.3410601607;-4.0108859765
513;145354;40677;100986;25.1012713351;-15.0555131922
514;145368;40674;100976;21.915237909;-24.7525412579
515;145390;40687;100988;34.2854247812;-12.4787581583
516;145402;40680;100927;27.4003323328;-73.2868549261
517;145424;40668;100973;16.1886593476;-27.2565013033
518;145448;40671;100972;17.8573806566;-27.8404716228
519;145463;40676;100983;22.944568689;-16.8874371578
520;145491;40672;100976;18.748959342;-24.2114361576
521;145511;40680;100968;26.855133356;-31.9052065276
522;145521;40678;100968;24.3283215686;-31.5121637621
523;145544;40667;100987;13.7603091458;-12.1713824271
524;145567;40665;100971;11.7375783364;-28.6716664864
525;145579;40682;100987;28.1815576964;-12.4918124749
526;145599;40672;100981;17.6280238909;-18.3485217065
527;145632;40672;100963;18.0794689611;-36.0812230293
528;145654;40667;100985;12.9665122671;-13.8614622672
529;145669;40667;100982;12.8500385518;-16.8520874815
530;145683;40675;100971;21.0790170483;-28.082318235
531;145706;40673;100963;18.8808651673;-35.7342511042
532;145732;40669;100959;15.2669693973;-39.4697351495
533;145747;40682;100931;27.5984152448;-66.7206501521
534;145768;40664;100948;10.077902753;-50.0112798053
535;145786;40670;100953;16.2323086612;-45.0867943192
536;145806;40658;100946;3.4856229171;-51.3695646032
537;145829;40660;100956;5.2594816494;-41.20074574
538;145852;40634;100941;-20.9463521294;-55.9377434012
539;145862;40664;100966;8.9215517995;-30.8091254084
540;145885;40678;100935;23.2430306539;-61.588411599
541;145903;40666;100945;11.1440522199;-51.4024676924
542;145936;40660;100923;5.3683383369;-72.8948926582
543;145946;40676;100941;21.0967955244;-54.545806269
544;145968;40731;100956;75.7442896172;-39.271933101
545;145987;40657;100935;1.756089761;-60.0244251918
546;146011;40653;100942;-1.9756495556;-53.0531273561
547;146021;40662;100935;6.9878846957;-59.7696701976
548;146047;40669;100936;13.5924508705;-58.1586849087
549;146075;40662;100942;6.6565957742;-52.102503634
550;146085;40670;100930;14.6373739712;-63.8840457334
551;146105;40665;100937;9.7275330433;-56.7056448909
552;146130;40655;100946;-0.4897442295;-47.2949166678
553;146140;40663;100977;7.4215467743;-16.1461154628
554;146163;40676;100932;20.1815051961;-60.9094560305
555;146191;40665;100942;8.8309621758;-50.5051453594
556;146204;40661;100930;4.9381717584;-62.2869570706
557;146235;40661;100947;5.0231321003;-45.2248281438
558;146256;40660;100946;4.058931779;-46.0292537871
559;146271;40652;100945;-3.9907041247;-46.5589445352
560;146283;40606;100932;-49.9544104319;-59.0622633929
561;146308;40656;100941;1.0997886626;-50.2079915384
562;146322;40659;100937;3.990306422;-54.0671485525
563;146336;40666;100940;10.4603383413;-50.6255653902
564;146362;40660;100946;4.5053900293;-44.3510643522
565;146393;40655;100941;-1.156673945;-48.7472221091
566;146411;40667;100921;10.8269470388;-68.396729468
567;146425;40671;100933;14.8270649202;-56.4502943117
568;146446;40660;100925;4.1608086422;-64.5804235507
569;146469;40649;100930;-6.5701141172;-58.9058374602
570;146490;40671;100928;15.1169815116;-60.2594443582
571;146504;40665;100895;8.9204677472;-92.9241768221
572;146537;40650;100933;-5.6754187052;-55.1818334449
573;146554;40665;100929;9.5471695058;-58.8508784274
574;146567;40587;100897;-68.2599415036;-90.152920688
575;146589;40662;100897;6.551282719;-89.7074186341
576;146601;40634;100904;-21.5641800235;-82.3667388706
577;146624;40656;100895;0.7170864611;-90.948148173
578;146645;40657;100891;1.502292327;-94.2640147015
579;146662;40652;100893;-3.6383584646;-91.9474439061
580;146682;40631;100896;-24.6613350639;-88.6902068179
581;146705;40658;100902;2.3426532825;-82.190308321
582;146734;40659;100893;3.2243118431;-90.3875960537
583;146747;40655;100871;-0.018891442;-111.8105624826
584;146774;40654;100887;-0.3408936007;-95.9217625696
585;146789;40650;100881;-4.1307297025;-100.7858579031
586;146818;40657;100894;1.3145317145;-87.6643045309
587;146824;40656;100917;0.4706125904;-64.4926946999
588;146844;40639;100902;-16.2779891207;-78.968232091
589;146868;40656;100886;0.7539725568;-94.3765694095
590;146886;40670;100895;14.6613396989;-84.8951493189
591;146910;40654;100891;-1.2108564947;-88.7374884688
592;146924;40661;100884;5.8102195461;-95.3747909738
593;146947;40658;100884;2.2850694569;-94.494486633
594;146966;40664;100892;8.0034701929;-85.9224663687
595;146986;40661;100890;5.0798701354;-87.6840121119
596;147006;40654;100885;-1.8085136562;-92.4227216259
597;147033;40647;100884;-7.94872467;-93.108191115
598;147046;40653;100920;-2.6708387145;-56.5048828263
599;147072;40651;100888;-5.0412229845;-87.9687743164
600;147087;40635;100891;-20.4713018873;-84.7109705819
601;147109;40655;100896;-0.1377191814;-79.6520265704
602;147134;40661;100899;5.6257692588;-76.2262069164
603;147154;40653;100902;-2.5412658328;-72.5083160632
604;147169;40661;100882;4.9449057806;-91.9354481303
605;147184;40664;100891;8.2941158753;-82.6867286533
606;147209;40659;100899;3.4303356605;-74.6223197839
607;147224;40668;100899;12.1882859655;-74.3086429796
608;147246;40673;100892;17.3941971762;-80.873614666
609;147266;40656;100896;0.1700854944;-76.2244715759
610;147297;40652;100906;-3.2682264718;-65.9874118489
611;147314;40650;100900;-5.3646903344;-71.9100911594
612;147327;40651;100892;-5.0330417245;-79.3497398407
613;147353;40654;100875;-2.8486512468;-95.3573973263
614;147366;40657;100891;1.0038935532;-79.4997691238
615;147381;40658;100876;2.2520050581;-94.1518243678
616;147407;40639;100836;-16.5513895049;-133.0677484782
617;147422;40656;100850;0.4359787661;-118.4326110611
618;147442;40643;100857;-12.7001131647;-111.4153679759
619;147472;40653;100842;-2.7175645762;-125.8017265933
620;147485;40668;100840;12.5896479877;-127.047138652
621;147511;40649;100838;-6.6307105285;-128.1151075296
622;147523;40680;100825;24.4326733395;-140.5086925778
623;147545;40644;100821;-11.5347263586;-143.9976374685
624;147560;40652;100818;-3.82282239;-146.3479435571
625;147580;40650;100822;-6.0042529443;-141.7336686236
626;147612;40642;100847;-13.641488735;-115.8959621328
627;147625;40640;100823;-16.2954447393;-138.9089509337
628;147652;40648;100822;-7.4769226144;-139.2983005411
629;147666;40646;100822;-9.5698450798;-138.9575789546
630;147684;40648;100818;-8.0189921493;-142.505525244
631;147704;40641;100846;-15.1271921004;-113.6027788987
632;147737;40645;100820;-10.8533270895;-138.5127157355
633;147754;40661;100814;5.1227706357;-143.9161139583
634;147766;40640;100813;-15.5817853895;-144.5401251427
635;147782;40636;100818;-18.9722552279;-139.0591497158
636;147808;40646;100800;-9.9389979544;-155.9605290085
637;147824;40635;100815;-20.7457603468;-139.9555860416
638;147847;40648;100816;-7.1636195571;-138.3119253384
639;147879;40636;100800;-18.9544246302;-153.7943097126
640;147899;40634;100796;-21.4320655556;-156.9176305612
641;147917;40632;100845;-23.4355864597;-107.3533235984
642;147930;40574;100781;-80.50220511;-170.6071349279
643;147944;40641;100795;-13.1910251855;-155.8556758533
644;147970;40640;100807;-13.8751089069;-142.9653192668
645;147985;40633;100791;-20.8666878782;-158.1256820041
646;148007;40641;100802;-13.1628348084;-146.6969159727
647;148035;40628;100793;-26.7429126239;-154.8315158775
648;148047;40649;100779;-6.025357259;-167.9152739502
649;148067;40642;100846;-12.9795352002;-100.3109768459
650;148095;40629;100771;-25.7969626886;-174.6205951323
651;148109;40672;100768;16.9949879211;-176.8248841892
652;148140;40630;100759;-23.349960387;-184.8808938386
653;148145;40644;100755;-9.1948504718;-187.9044602809
654;148165;40638;100785;-15.1299886966;-156.8436505975
655;148194;40621;100752;-31.8460568463;-188.845653878
656;148206;40630;100736;-22.793701955;-203.9872014343
657;148231;40634;100740;-19.6660607074;-199.2858667192
658;148244;40639;100756;-15.0389574623;-182.1629542471
659;148273;40663;100745;8.9991163618;-192.2964221219
660;148289;40647;100760;-6.6681372634;-176.5379038378
661;148310;40647;100752;-6.8934263982;-183.5310368598
662;148340;40682;100753;28.0001423216;-181.7098869872
663;148344;40647;100768;-6.9529288671;-165.9025220806
664;148364;40642;100806;-11.9206463862;-127.1235227915
665;148391;40645;100789;-8.6937130976;-143.2662215835
666;148404;40649;100767;-5.2436791904;-164.2160483363
667;148438;40650;100784;-3.1796390992;-146.7366175711
668;148450;40651;100796;-2.3792977699;-134.2422433428
669;148464;40649;100797;-4.7790290658;-132.7243482449
670;148484;40659;100801;5.2342275426;-128.098784978
671;148509;40656;100815;1.5806184382;-113.2313943536
672;148527;40667;100810;12.3712831674;-117.5455414588
673;148542;40662;100825;7.2632962696;-102.2475877665
674;148571;40675;100845;20.184797745;-82.0786152873
675;148592;40675;100833;19.8683957449;-93.3587826003
676;148611;40668;100831;12.6514449796;-94.7134456905
677;148636;40679;100836;24.1889708665;-89.4088290918
678;148650;40685;100833;30.4371551575;-91.97369702
679;148671;40681;100848;25.9691003294;-76.4952900702
680;148684;40678;100852;22.7156204066;-72.0962958006
681;148713;40692;100832;37.0352657421;-91.9209949644
682;148726;40691;100859;35.427994319;-64.4502948009
683;148752;40665;100865;9.2850787415;-57.9811030272
684;148767;40686;100843;30.0691784845;-79.5897430173
685;148787;40684;100863;27.6052466226;-59.3023918872
686;148808;40682;100852;25.2109869139;-70.4291577999
687;148832;40694;100850;36.7396601524;-72.0485439706
688;148847;40691;100854;33.1151716601;-67.3800105727
689;148875;40688;100855;30.2066210295;-65.9781230688
690;148891;40672;100842;15.0328159413;-78.8496429154
691;148911;40694;100835;36.4886576251;-85.2162292826
692;148928;40692;100825;34.2999465197;-94.6933656461
693;148948;40700;100818;42.3795920498;-101.2605670359
694;148961;40681;100813;23.2174291674;-105.785566213
695;148987;40708;100811;50.0420824807;-107.3253286342
696;149015;40688;100800;30.5906336311;-117.704298934
697;149025;40683;100781;25.0954823512;-135.771609264
698;149047;40688;100790;29.7987293861;-126.4067729059
699;149064;40687;100793;28.5680630667;-122.8617086151
700;149084;40681;100777;22.2960794229;-138.0258131038
701;149111;40689;100777;29.9383543518;-137.0981937505
702;149123;40686;100782;26.8418073038;-131.4825234473
703;149151;40692;100783;32.3649317246;-130.5015093865
704;149165;40687;100787;27.1722500198;-125.7175938293
705;149201;40694;100774;32.6936672265;-137.4796326852
706;149219;40690;100792;29.1053501982;-119.445182255
707;149238;40707;100793;45.6970782817;-117.7772218062
708;149248;40691;100775;29.4604386942;-134.993069859
709;149271;40683;100779;21.6930756409;-130.3098890486
710;149292;40688;100803;26.7107155083;-105.8475506016
711;149315;40697;100763;35.7366736284;-144.9252312226
712;149327;40692;100737;30.2975151739;-169.9456442337
713;149346;40686;100788;23.8470098867;-118.4349374563
714;149366;40696;100781;33.8257223801;-124.9108687817
715;149386;40698;100785;35.8309546042;-120.3866543994
716;149418;40709;100793;47.2488448276;-111.7740031002
717;149430;40713;100781;50.9394034652;-123.0892799041
718;149453;40696;100799;34.452602007;-104.8408764894
719;149465;40671;100782;9.0789458673;-121.1808339916
720;149487;40697;100788;34.4067726657;-114.4459640899
721;149507;40691;100800;28.1690785912;-102.0331695235
722;149537;40710;100802;46.7426607738;-99.5609740591
723;149551;40708;100818;44.4652767711;-83.0439690406
724;149575;40708;100813;44.3898119356;-87.5972681495
725;149588;40706;100790;42.3351342456;-110.1448000029
726;149620;40714;100796;50.1216263891;-103.7855788034
727;149633;40720;100801;55.9184322951;-98.3150915237
728;149647;40712;100802;47.4858685892;-96.7280003981
729;149669;40726;100783;60.5694258278;-115.179451278
730;149686;40723;100807;57.0054436641;-90.8041205358
731;149706;40713;100788;47.0682912958;-109.4558986578
732;149734;40723;100796;56.8902281138;-100.773419207
733;149747;40740;100791;73.7591309946;-105.2155985949
734;149773;40721;100799;54.5114338432;-96.3480771548
735;149790;40723;100768;56.0497494312;-127.0825317579
736;149807;40730;100789;62.9820083366;-105.8947408438
737;149826;40721;100788;53.7588327832;-106.1403287322
738;149856;40724;100801;56.5810874749;-92.3149175776
739;149879;40727;100790;59.2950620917;-102.9791959867
740;149892;40730;100805;61.3666358363;-87.6730887637
741;149905;40729;100785;60.4093072285;-107.0943890246
742;149935;40739;100805;70.2834070567;-86.4112514935
743;149948;40737;100811;68.0396050046;-80.2147790313
744;149969;40745;100803;75.5268013836;-87.908421894
745;149993;40758;100800;88.0145338882;-90.3173646608
746;150015;40735;100818;64.45068665;-72.0544727796
747;150035;40753;100809;81.8020116361;-80.7623822667
748;150049;40739;100814;67.3499328674;-75.4362108214
749;150075;40750;100819;78.278212444;-69.8950937612
750;150095;40776;100820;103.6154624954;-68.4371169137
751;150112;40758;100812;85.5109636436;-76.3193313584
752;150123;40749;100830;76.408197482;-58.025666499
753;150153;40742;100834;68.7706927278;-53.4435483257
754;150166;40752;100827;77.886494961;-60.2124202893
755;150187;40754;100816;79.4334252903;-71.2064542027
756;150215;40747;100808;72.2826402195;-78.6225924149
757;150231;40760;100827;84.7975016192;-59.1919134612
758;150248;40758;100831;82.3922326135;-55.1569339262
759;150269;40764;100824;87.8963006335;-61.9941948795
760;150289;40769;100826;92.2538452163;-59.3987437876
761;150308;40751;100831;73.6604993439;-54.0827168951
762;150332;40762;100850;84.6579617479;-35.0230941958
763;150348;40775;100839;96.8012373564;-45.7609667867
764;150373;40766;100837;87.5751853787;-47.9200630804
765;150394;40767;100820;87.5172320893;-64.1501608767
766;150407;40764;100809;83.5698215849;-74.717920297
767;150428;40765;100819;85.3550702869;-64.7144626155
768;150455;40787;100812;106.7036262918;-71.4052276699
769;150467;40774;100829;93.1990844072;-54.1086509427
770;150494;40774;100810;92.9350425399;-72.6136546739
771;150514;40771;100809;89.182333543;-73.3246640985
772;150529;40791;100805;108.501121995;-77.050609659
773;150549;40770;100807;87.470679026;-74.6526673096
774;150569;40773;100779;89.8273033877;-101.8999735065
775;150592;40768;100773;84.2429663849;-107.3740108624
776;150612;40767;100769;82.7493809392;-111.1593983991
777;150626;40764;100788;79.1775509968;-91.7988721972
778;150657;40786;100780;100.5014287944;-98.9243846864
779;150667;40748;100786;62.0481071858;-92.3370087184
780;150694;40760;100781;73.5997125297;-96.9840852275
781;150714;40794;100781;107.2051965113;-96.6077245762
782;150732;40779;100782;91.8718907686;-95.2286746584
783;150752;40779;100791;91.0805729856;-85.7739167463
784;150766;40776;100785;87.7256017574;-91.3236540257
785;150799;40791;100784;102.7402695727;-91.8412032382
786;150813;40799;100773;110.1855428683;-102.3260362864
787;150830;40786;100782;96.6888759945;-93.0971687594
788;150845;40783;100787;92.9703365312;-87.6136125334
789;150865;40783;100801;92.1001666219;-73.0852137294
790;150891;40787;100765;95.9193551389;-108.5722301883
791;150905;40786;100780;94.5874458789;-93.0861668305
792;150932;40799;100799;107.386386569;-73.5940200492
793;150946;40790;100777;97.4943806349;-95.0951509827
794;150973;40793;100783;99.9879317588;-88.920391129
795;150991;40788;100791;94.1989836381;-80.6903620859
796;151006;40790;100792;95.8265239179;-79.308067592
797;151026;40787;100791;92.6052319951;-79.8896134921
798;151046;40781;100806;86.4163633494;-64.5481180172
799;151079;40797;100794;101.4739574277;-75.9874529588
800;151089;40795;100822;98.9283324889;-47.8382657019
801;151120;40802;100793;105.4615574801;-76.452733081
802;151140;40796;100821;98.7022114047;-48.0728813246
803;151161;40796;100802;98.372853274;-66.6549121691
804;151175;40803;100798;104.4602484141;-70.6545478392
805;151189;40824;100799;124.960480753;-69.4658260079
806;151209;40803;100801;103.6539920495;-66.8986561143
807;151222;40804;100798;104.2048916167;-69.3898434463
808;151242;40803;100796;102.4692152476;-71.0366435944
809;151271;40810;100790;109.4017231512;-76.8062444227
810;151296;40796;100791;94.0772147864;-75.3538322477
811;151315;40795;100781;92.6398221696;-84.9840593099
812;151335;40809;100798;106.2381152506;-67.7148472256
813;151363;40806;100793;102.9150740913;-72.1581557136
814;151378;40814;100804;110.553133354;-61.0608168764
815;151394;40805;100789;101.3400036536;-75.7879116354
816;151410;40813;100789;108.635975046;-75.2780594604
817;151438;40811;100771;105.8840284079;-92.724851157
818;151458;40804;100769;98.5187121517;-94.5402517139
819;151476;40812;100753;105.8800829596;-110.039108045
820;151496;40812;100688;104.7432016789;-173.751866328
821;151509;40815;100752;106.9752855107;-109.1667054151
822;151533;40805;100744;97.0050429866;-116.823364115
823;151547;40804;100750;95.4812844354;-110.4566424591
824;151574;40810;100738;100.8529923454;-121.7615526279
825;151588;40811;100747;101.275669138;-112.0839427838
826;151619;40817;100746;106.7381532069;-112.5530689711
827;151635;40820;100747;109.2481742065;-111.0639815452
828;151655;40796;100759;85.0089385054;-98.6101132814
829;151673;40801;100747;89.585286958;-110.0315285121
830;151686;40813;100753;100.8596992334;-103.4680806074
831;151714;40818;100746;105.482322435;-109.7676145815
832;151728;40831;100728;117.8291707898;-127.2607684415
833;151753;40823;100735;109.3938850142;-119.8994040113
834;151769;40819;100744;104.7976832396;-110.287013381
835;151789;40823;100747;108.1110849254;-106.6194690719
836;151813;40836;100743;119.8841213571;-109.9961944856
837;151839;40825;100745;108.035383017;-107.6858011979
838;151853;40811;100753;93.4192714808;-99.2572008752
839;151867;40838;100757;119.700630015;-94.6056261205
840;151888;40828;100765;109.0963545255;-85.9146546741
841;151913;40838;100775;119.3185898387;-75.8924442678
842;151926;40838;100763;119.0899233881;-87.6338934539
843;151946;40827;100760;106.493330889;-89.7158759385
844;151972;40840;100765;119.4211367507;-84.1630938969
845;151986;40842;100769;120.9554011068;-80.1940103565
846;152013;40844;100761;122.3287412859;-87.9574367116
847;152026;40843;100767;120.7050172605;-81.3622870745
848;152048;40833;100759;110.5705752056;-88.8735794715
849;152083;40845;100777;121.7076173701;-70.3983112106
850;152088;40836;100770;112.0725619228;-76.9991695145
851;152108;40869;100783;144.2554803178;-63.9504108678
852;152135;40835;100783;109.6464789015;-63.9290631637
853;152149;40844;100783;117.1613036769;-63.0210339162
854;152176;40857;100775;129.2924896232;-70.7295548679
855;152200;40849;100788;120.8579956018;-58.0074425998
856;152222;40858;100794;129.237085881;-51.891213127
857;152242;40858;100792;127.9441626837;-53.0100391947
858;152258;40851;100786;120.2088876606;-58.61153043
859;152272;40761;100782;31.0169853575;-62.6419622991
860;152299;40847;100773;116.8471701361;-71.515471163
861;152313;40844;100764;112.6347000748;-79.7147106754
862;152327;40852;100774;119.968860696;-69.2499571803
863;152354;40842;100765;109.8524334878;-78.0034444762
864;152374;40859;100745;126.4035173004;-97.6161246584
865;152403;40863;100758;130.1367149586;-84.1829890606
866;152419;40857;100749;123.2974168133;-92.7065213176
867;152433;40908;100754;172.608259503;-86.9717205088
868;152447;40845;100729;109.2317943905;-111.5128444985
869;152476;40869;100735;132.2141708338;-105.4465634553
870;152503;40850;100750;112.307023962;-89.6552505672
871;152524;40840;100746;101.9561272127;-93.2262743952
872;152544;40853;100728;114.7827116779;-111.1007258071
873;152554;40854;100742;114.9542867155;-96.6860540503
874;152568;40869;100742;129.1808999036;-95.9408358989
875;152594;40835;100746;94.9564484485;-90.8686105922
876;152614;40856;100725;115.9502630648;-111.5741480934
877;152634;40854;100698;113.7274909752;-138.2814781074
878;152648;40867;100730;126.1092515403;-105.8188081594
879;152668;40855;100747;112.9948891398;-87.9142324213
880;152688;40869;100746;126.6496158975;-88.5438781459
881;152717;40861;100726;117.912813052;-108.2082066173
882;152732;40859;100736;115.2246591014;-97.8528057292
883;152747;40867;100745;122.5299219519;-88.1760763462
884;152769;40871;100748;125.7562940507;-84.7403166113
885;152789;40882;100762;136.0838264565;-70.6200524543
886;152819;40860;100755;113.4099721411;-77.1513117139
887;152839;40871;100744;123.6531153088;-87.4694527773
888;152853;40882;100759;133.8853767395;-72.0957152245
889;152881;40869;100756;120.9188279229;-75.0519595438
890;152891;40863;100761;114.3249290558;-69.8372287652
891;152907;40890;100761;140.707884022;-69.5119684985
892;152941;40887;100763;136.020625246;-66.6919629729
893;152963;40888;100750;137.023329873;-79.6433944359
894;152976;40888;100758;136.2400064546;-71.3834276342
895;152993;40909;100765;156.5206599179;-63.8772074396
896;153014;40878;100756;124.8563240906;-72.437346817
897;153034;40882;100764;128.0125306585;-64.1585746373
898;153059;40885;100767;129.9938184633;-61.1472691466
899;153076;40880;100760;124.1176897957;-67.7854295567
900;153102;40884;100763;127.7277077806;-64.3108690654
901;153112;40875;100754;118.2381053919;-72.9081954289
902;153132;40892;100796;134.7685901124;-30.8127079163
903;153152;40877;100732;119.3775652187;-94.3979489772
904;153170;40867;100749;108.6140475775;-76.8546702375
905;153197;40882;100741;122.6872550765;-84.3573607772
906;153207;40883;100717;123.057633263;-107.9329604513
907;153243;40882;100720;121.6437067781;-104.5011315236
908;153265;40874;100719;113.0423816763;-104.9693918911
909;153285;40873;100722;111.6358792532;-101.3901369716
910;153304;40893;100718;130.8971267346;-105.272975961
911;153315;40887;100708;124.3072169502;-114.7498217599
912;153342;40894;100712;130.3458823442;-109.7164332769
913;153353;40883;100710;118.7310266069;-110.969093423
914;153379;40883;100727;118.2734913628;-93.9198418739
915;153398;40880;100713;114.4958124252;-107.3812220106
916;153415;40882;100704;115.7495993433;-115.7613630247
917;153435;40862;100719;95.2982984433;-100.1812339339
918;153455;40891;100703;123.7045029263;-115.5235780287
919;153466;40882;100708;113.9175131311;-110.0320813022
920;153497;40900;100713;131.4153848993;-104.8384693233
921;153522;40898;100680;128.4583244849;-136.75662214
922;153546;40902;100685;131.8502961284;-131.0349275239
923;153552;40895;100713;124.3301462377;-102.6025537419
924;153572;40891;100733;120.231600554;-82.5345263191
925;153589;40887;100705;115.6384678878;-109.9238240083
926;153609;40900;100712;127.703054818;-102.1115691847
927;153628;40894;100713;120.8980382704;-100.8872104912
928;153655;40896;100726;122.5278298679;-87.6471298424
929;153672;40898;100718;123.6124307514;-94.8586225188
930;153692;40900;100708;124.9769022644;-104.3819095931
931;153724;40899;100726;123.3741199699;-86.0598315445
932;153744;40897;100717;120.7540713708;-94.6415351281
933;153761;40894;100721;117.3700154153;-90.0701593173
934;153771;40909;100716;131.8918153461;-94.6385623556
935;153797;40898;100739;120.3278227068;-71.1963691113
936;153823;40901;100728;122.0410328119;-81.816421376
937;153846;40907;100745;127.2051938619;-64.6313300578
938;153849;40909;100733;128.5144425161;-76.2717313138
939;153869;40932;100662;150.7661758748;-146.5178629322
940;153889;40909;100721;127.1953862476;-87.0223392378
941;153918;40902;100733;119.5856508149;-74.6057957009
942;153943;40902;100740;119.1426198132;-67.2855056813
943;153953;40911;100704;127.5125127739;-102.8979364214
944;153979;40915;100735;131.1916511822;-71.506474066
945;154004;40926;100731;141.2926232346;-75.0306278364
946;154017;40919;100732;133.5051680733;-73.7601377977
947;154040;40900;100727;113.9712048254;-78.3380749995
948;154060;40917;100722;130.3865366305;-82.8450824265
949;154070;40916;100717;128.7183339904;-87.3426977046
950;154103;40915;100702;127.0433461068;-102.1549175476
951;154113;40954;100702;165.0704140799;-101.6785963868
952;154128;40925;100708;135.0979915759;-95.0656150185
953;154148;40910;100685;119.5031523066;-117.3473881896
954;154168;40924;100665;133.1876463827;-136.6217699497
955;154203;40901;100693;109.7548158385;-108.30611285
956;154217;40905;100686;112.95470452;-114.6915527542
957;154245;40911;100699;118.1039920704;-101.0866597196
958;154262;40906;100653;112.7556019471;-146.3644012369
959;154286;40924;100698;130.3087119366;-100.8648240896
960;154302;40920;100704;125.4390379451;-94.4561577756
961;154319;40927;100693;131.7692937657;-104.9595663291
962;154334;40920;100696;123.9174931514;-101.5169930924
963;154349;40917;100706;120.2552391044;-91.0052410065
964;154377;40922;100690;124.8505919606;-106.4027909254
965;154389;40916;100703;117.9921331571;-92.904644279
966;154409;40926;100691;127.4107947907;-104.4225867756
967;154445;40927;100675;127.638445045;-120.1030442722
968;154449;40919;100695;118.9679357173;-99.6454475119
969;154469;40923;100734;122.5241942387;-60.0816327961
970;154489;40945;100695;144.0230584781;-98.2758881911
971;154520;40918;100690;116.4153681343;-103.1616487577
972;154531;40939;100700;136.8545274541;-92.9139236568
973;154559;40929;100702;126.3215336027;-90.2661617412
974;154569;40939;100700;135.3232396947;-91.6405460288
975;154591;40934;100710;129.8121842594;-81.2821889739
976;154618;40922;100697;117.2478179529;-93.9419705364
977;154638;40917;100708;111.6586865316;-82.625433734
978;154661;40931;100721;124.95294111;-69.2042123398
979;154671;40931;100694;124.2420355474;-95.5982163635
980;154691;40943;100712;134.9903584886;-77.1044807592
981;154717;40940;100726;131.5508860954;-63.1090381666
982;154734;40928;100712;118.9452378566;-76.8218925536
983;154762;40936;100721;126.7022431152;-67.3259039854
984;154778;40937;100724;127.1481941361;-63.9245697902
985;154798;40907;100705;96.2128997502;-82.4837093536
986;154815;40930;100717;119.0835009657;-70.2334157118
987;154835;40934;100712;121.9313127753;-75.0060752655
988;154852;40927;100717;114.2574269226;-69.5711157751
989;154872;40937;100715;124.4531495609;-71.1218588498
990;154898;40950;100699;136.1831422013;-86.7026306876
991;154910;40937;100699;122.4264238096;-86.273492977
992;154930;40943;100688;127.7786375712;-96.769890487
993;154950;40945;100689;129.1241656817;-95.2736764762
994;154974;40932;100705;116.2563953896;-79.1504542859
995;155000;40945;100674;128.7835126152;-109.355372063
996;155010;40922;100658;105.2471669526;-124.6117186114
997;155044;40942;100682;124.6411988835;-100.1987909334
998;155064;40936;100671;117.8997437556;-110.8021697785
999;155084;40938;100675;119.1513333797;-106.42828734
1000;155100;40940;100669;120.5418729795;-111.9156313088
1001;155114;40940;100656;119.5592132168;-124.1423353774
1002;155142;40941;100677;119.0337072984;-102.4064026058
1003;155152;40938;100674;115.7143493246;-104.9211248129
1004;155179;40959;100679;136.6913919133;-99.3125392784
1005;155198;40937;100677;113.901349106;-101.0676933676
1006;155219;40945;100677;121.0474632329;-100.4142646003
1007;155239;40945;100691;120.2105703488;-85.785755785
1008;155245;40946;100688;120.5195328631;-88.2875352383
1009;155265;40957;100665;130.8273921217;-110.7220060895
1010;155304;40952;100664;125.9654698305;-111.6871297671
1011;155314;40961;100677;134.2353940611;-98.1516541062
1012;155338;40931;100663;103.6627818251;-111.5303122464
1013;155365;40938;100661;110.2183048011;-112.9467289713
1014;155385;40945;100673;116.7406346133;-100.4336375546
1015;155405;40959;100660;129.5911580055;-112.8609616233
1016;155421;40947;100660;116.7662143167;-112.4338919239
1017;155432;40956;100655;125.4708622045;-116.9193393723
1018;155460;40942;100663;110.7852528367;-108.3175554672
1019;155470;40957;100653;124.8163551102;-117.4052597551
1020;155498;40946;100663;114.3345400375;-107.1028496918
1021;155521;40951;100654;118.4996484011;-115.606152071
1022;155541;40943;100658;109.491332082;-111.0798574828
1023;155567;40949;100652;115.0235239112;-116.4944968134
1024;155580;40948;100667;113.2838308066;-100.9227849174
1025;155591;40965;100655;129.0710173142;-112.0977545168
1026;155611;40940;100646;104.0772885967;-120.5923338932
1027;155644;40944;100649;107.9582090649;-117.3720385051
1028;155661;40933;100624;96.578972792;-141.5849703298
1029;155676;40946;100658;108.8380076223;-106.893989418
1030;155691;40936;100668;98.2065513663;-96.5075949664
1031;155714;40950;100645;110.8985899665;-118.8000329645
1032;155737;40958;100636;117.5632002204;-126.6315908255
1033;155750;40943;100638;101.5658916581;-124.0020904171
1034;155779;40929;100618;88.6121249537;-144.006805646
1035;155804;40944;100627;104.1640127703;-134.2369594804
1036;155811;40937;100615;96.9216521482;-145.4425657919
1037;155831;40937;100601;96.3192651907;-158.6583157684
1038;155851;40929;100596;87.6659341752;-162.8763018944
1039;155885;40918;100596;73.8547281951;-162.1426771537
1040;155895;40941;100600;96.1583255611;-157.3718900728
1041;155923;40943;100613;97.6858202276;-143.592646759
1042;155934;40950;100600;104.2843744868;-155.7950031842
1043;155954;40939;100627;93.3357849222;-128.1852781911
1044;155974;40951;100620;105.8277708117;-134.627319621
1045;156007;40931;100604;85.7152254447;-149.7112131003
1046;156018;40945;100620;99.4020460076;-133.0281112486
1047;156032;40956;100618;110.19545655;-134.4052279558
1048;156056;40950;100612;102.9989338142;-139.4406372464
1049;156084;40964;100610;117.0990780673;-141.6746070946
1050;156101;40954;100632;106.798721638;-118.7396995134
1051;156121;40947;100643;99.4254987215;-106.4421750433
1052;156135;40960;100658;111.9132552522;-90.5793588271
1053;156155;40962;100669;113.236471113;-79.2600305647
1054;156177;40946;100670;95.3827778798;-77.844571861
1055;156195;40956;100667;103.772465457;-81.4736324276
1056;156222;40963;100669;110.0342655679;-79.8622085494
1057;156232;40977;100687;123.7084863929;-61.6663523962
1058;156251;40982;100698;128.9215375366;-50.0928118606
1059;156277;40986;100703;131.2447979222;-44.5709788743
1060;156297;40974;100731;117.4632942245;-16.3016239396
1061;156323;40986;100723;127.7069771189;-24.1009211438
1062;156340;40996;100727;138.1805895694;-20.5008440988
1063;156351;40984;100734;125.6889809312;-13.3111314689
1064;156374;40985;100743;127.0781334399;-3.6089442191
1065;156397;40989;100726;131.2452995918;-20.1441658026
1066;156411;40993;100733;134.707233606;-13.2359559671
1067;156428;40977;100741;118.3815903712;-5.4505545485
1068;156448;40974;100756;115.1668831669;9.2239845762
1069;156481;40986;100730;125.8181350044;-15.8033244231
1070;156492;40987;100727;126.456041739;-18.6940514703
1071;156513;40979;100728;118.4805958769;-18.5064544831
1072;156526;40981;100716;119.9564441384;-30.7501740788
1073;156546;40987;100726;124.7843449944;-20.536096937
1074;156566;40985;100705;121.1804369681;-40.8202503184
1075;156592;40992;100693;127.0255307844;-52.3845339305
1076;156613;40989;100699;123.384019702;-46.7185880266
1077;156634;40986;100688;120.2410410531;-57.750595352
1078;156655;40968;100688;101.3859719929;-56.9211800719
1079;156682;40987;100677;119.4412184143;-67.4482881273
1080;156698;40979;100674;110.7805368898;-70.2194796159
1081;156721;40976;100674;107.5452102078;-69.7881399877
1082;156741;40976;100660;107.3065703575;-83.2788989046
1083;156770;40982;100670;113.668544698;-73.1681148064
1084;156783;40964;100659;95.3693977842;-84.0124537884
1085;156794;40974;100667;104.6779632499;-75.6659629773
1086;156823;40977;100670;107.3841345823;-71.8384459302
1087;156845;40973;100671;102.4838500833;-70.7384979055
1088;156853;40981;100663;109.7538442664;-78.4615382747
1089;156873;40977;100687;104.9082610471;-54.1190328606
1090;156893;40986;100672;113.0646097076;-68.552942545
1091;156917;40983;100672;109.5868370936;-68.3140910663
1092;156938;40967;100676;92.7975690508;-63.755600097
1093;156959;40975;100673;99.7727674685;-66.0853493735
1094;156972;40995;100661;118.6405359855;-77.8635815883
1095;157004;40986;100675;108.9105662312;-63.8189372857
1096;157018;40982;100664;104.4578777024;-74.4892114404
1097;157034;40977;100675;98.9953847002;-63.2118581871
1098;157051;40967;100682;89.697046617;-55.784496841
1099;157085;40983;100634;105.7877635376;-103.7887584675
1100;157103;40975;100685;97.685265129;-52.8476063995
1101;157114;41014;100675;136.4637406343;-62.6013273768
1102;157148;40982;100670;103.3843852707;-66.5807035103
1103;157168;40986;100670;106.8688825119;-66.1605889341
1104;157183;40997;100684;117.1519988824;-51.8819615879
1105;157203;40989;100741;107.6944476033;4.8728342441
1106;157213;40995;100690;112.9557363928;-46.053193087
1107;157234;40979;100693;96.6014891464;-42.7106653559
1108;157257;40992;100684;108.6308279022;-51.1744992259
1109;157278;40994;100690;110.4577153106;-45.0587729601
1110;157298;40993;100675;108.973085989;-59.8102797538
1111;157319;40963;100661;78.6191720791;-73.5076230959
1112;157339;40982;100656;97.154038291;-78.186096159
1113;157356;40987;100666;101.9136880175;-67.9995383986
1114;157378;40992;100649;105.9107137514;-84.4668702178
1115;157400;40995;100631;109.2142346979;-101.9393527665
1116;157422;40975;100643;88.5421058205;-89.345999446
1117;157432;40994;100610;106.9377092011;-121.7814870592
1118;157466;40980;100641;92.6288524247;-90.6842759998
1119;157489;40986;100632;97.9610885183;-99.0901556286
1120;157509;40985;100606;96.1020384478;-124.1102011611
1121;157524;40984;100620;94.6766400639;-109.7735525885
1122;157534;40968;100621;78.3179369648;-108.3605907508
1123;157552;40987;100627;96.4660668865;-102.0770147282
1124;157591;40987;100622;95.4174979001;-106.0828945445
1125;157592;40983;100621;90.9142655809;-106.5366710234
1126;157612;40981;100601;88.7412205911;-125.8573609892
1127;157639;40996;100621;103.6031764613;-105.7583900784
1128;157653;40978;100628;85.2915495277;-98.3187073634
1129;157673;40987;100618;94.0958261641;-107.5802332416
1130;157693;40991;100634;97.1226674303;-91.0556235639
1131;157716;40979;100630;84.7699286788;-94.4741021364
1132;157741;40993;100624;98.7331586792;-100.0052016042
1133;157761;40973;100614;78.5251387807;-109.7263108477
1134;157785;40985;100620;89.6557339328;-102.9706014281
1135;157806;41001;100630;104.7865668169;-92.5065170644
1136;157815;40984;100627;87.1931875207;-95.0467111547
1137;157835;40966;100644;68.3590812746;-77.6160985511
1138;157856;40979;100632;81.2656297095;-89.2808581883
1139;157880;40985;100629;86.909617362;-92.0019052087
1140;157907;40988;100647;89.7255898473;-73.6208832921
1141;157929;40996;100651;96.9964750552;-69.2538590185
1142;157949;40990;100643;89.8534134296;-76.8438537471
1143;157962;40994;100640;93.857615282;-79.5693760175
1144;157991;40982;100656;81.3219010286;-63.1828758792
1145;158001;40992;100627;90.8254439507;-91.7293442735
1146;158028;40964;100674;63.4101379473;-44.5638273411
1147;158049;40942;100649;40.9329553011;-69.0625899697
1148;158066;40988;100647;87.1177294761;-70.4910719465
1149;158077;40983;100660;81.9286194259;-57.2270004455
1150;158097;40978;100623;76.0648135689;-94.0537220901
1151;158117;40993;100622;90.1279987961;-94.8777640713
1152;158139;40981;100623;77.389099663;-93.1004535601
1153;158160;40990;100606;85.6534426739;-109.3548885953
1154;158172;41002;100605;97.132531626;-109.8702675643
1155;158209;40993;100580;87.9841133616;-134.7030272687
1156;158233;40982;100616;76.5871844766;-98.0721325283
1157;158253;40979;100610;73.1144131179;-103.2157770419
1158;158265;40987;100612;80.8314529017;-100.8550273906
1159;158276;40986;100570;79.9126663259;-142.1863813456
1160;158298;40983;100614;75.7416925444;-97.6198272905
1161;158320;41003;100615;95.4682403408;-96.0477316952
1162;158330;40987;100602;79.2572371764;-108.6188248079
1163;158369;40999;100619;90.7306352693;-91.3079248939
1164;158384;41002;100611;93.1239183465;-98.7673618451
1165;158404;41005;100618;95.4230882052;-91.1458481703
1166;158417;41002;100611;92.1391685054;-97.7496073979
1167;158437;41005;100608;94.8784806512;-100.4792662392
1168;158461;40997;100615;86.2223384189;-93.0502345498
1169;158474;40996;100618;85.0361185757;-89.5824450697
1170;158503;40997;100623;85.0323453065;-83.7941301716
1171;158521;40977;100620;64.7648608208;-86.2755787586
1172;158544;40993;100619;80.5977655348;-87.212800111
1173;158562;40986;100625;72.8511260081;-80.9200792612
1174;158591;40997;100631;83.6887602399;-74.3305300424
1175;158601;40995;100610;81.3872113158;-94.7784084722
1176;158621;40991;100626;76.8291349815;-78.0997959836
1177;158633;40990;100630;75.7651629566;-74.0237105141
1178;158654;40998;100621;83.6343013697;-82.8687699856
1179;158674;40994;100628;79.1892866295;-75.4384729675
1180;158700;41012;100627;96.3575738767;-75.7367071838
1181;158721;40990;100638;73.5080437293;-64.5336682711
1182;158741;41019;100629;102.7573755676;-73.437476909
1183;158762;41008;100628;90.9538470564;-73.9129807339
1184;158782;40984;100634;66.3028629418;-67.4485622059
1185;158810;40992;100611;74.4746632625;-90.142427791
1186;158816;41001;100606;83.1806941651;-94.7118226668
1187;158836;41016;100594;97.5601879485;-106.103404489
1188;158856;40997;100589;77.7242139854;-110.3615953271
1189;158881;40995;100582;76.0432334252;-116.7144074413
1190;158901;40987;100580;67.3520065265;-118.4443023293
1191;158921;40989;100561;69.6838950924;-137.0192490648
1192;158949;40985;100545;64.8318619969;-151.993628399
1193;158960;40981;100565;60.2982606126;-131.3054310952
1194;158980;40986;100583;64.824927319;-112.8953473984
1195;159000;40989;100537;67.3383125707;-158.2580562378
1196;159020;40987;100548;65.1854693202;-146.6277184245
1197;159040;41001;100556;78.71750046;-137.6339218821
1198;159060;40987;100535;64.470360458;-157.6925679393
1199;159080;40985;100546;62.1547961851;-145.8601846256
1200;159108;40984;100537;61.4408459163;-154.2551298751
1201;159128;40998;100534;75.0902043808;-156.5383634935
1202;159148;40997;100511;73.7465200517;-178.7104888508
1203;159162;40984;100526;60.2374909818;-162.8289182704
1204;159182;40982;100530;57.3747727173;-157.7049954712
1205;159202;40969;100504;44.3804363366;-183.0867715705
1206;159222;40974;100506;49.4169750258;-180.1622185672
1207;159246;40988;100499;62.3591489034;-186.2361420389
1208;159266;40976;100510;50.7525539969;-174.6469828204
1209;159289;40980;100526;54.3458319895;-157.7208850041
1210;159309;40977;100519;50.7747028778;-163.6907799536
1211;159316;40978;100524;51.3940613621;-157.8295167048
1212;159336;40986;100495;59.4804846278;-186.066690502
1213;159357;40971;100499;44.1264762964;-181.403299249
1214;159384;40971;100507;44.1344068694;-172.4308205213
1215;159403;40964;100493;36.9338336647;-185.3561920167
1216;159423;40980;100496;52.6163460179;-181.299088231
1217;159448;40983;100497;56.4483871121;-179.7357234704
1218;159458;40972;100497;44.989557468;-178.7951790759
1219;159478;40979;100487;50.8775443312;-187.7620995623
1220;159500;40975;100508;46.638902069;-166.010388397
1221;159520;40974;100494;44.6289789541;-178.8418893085
1222;159547;40970;100503;40.5840933949;-169.0025999774
1223;159567;40979;100499;49.669966811;-172.2458753269
1224;159594;40970;100498;40.5362918537;-172.3924099791
1225;159614;40977;100488;47.1483866132;-181.4248798072
1226;159629;40971;100482;40.9739928911;-186.7524232974
1227;159639;40986;100425;55.6359957475;-242.5378720085
1228;159659;40992;100469;62.2342126954;-197.4578453931
1229;159679;40972;100450;41.8378556207;-215.0231390746
1230;159696;40982;100443;51.0654331959;-221.1107410297
1231;159729;40971;100444;39.8581513814;-218.9867788081
1232;159749;40976;100428;44.6586899502;-233.7814043454
1233;159768;40979;100418;47.4635327536;-242.3633521206
1234;159779;40968;100433;36.7649720344;-226.3049591858
1235;159799;40963;100433;31.2490370341;-225.6134429905
1236;159819;40975;100440;42.6984672887;-217.5433372806
1237;159847;40977;100434;44.8022275666;-222.5096107097
1238;159858;40973;100430;40.6276128425;-225.3413221185
1239;159878;40977;100426;44.4479346031;-228.0710139808
1240;159898;40967;100442;34.3194394199;-210.8863970181
1241;159917;40968;100424;35.4325393596;-227.8749864337
1242;159938;40984;100426;50.8633072775;-224.9929043396
1243;159958;40967;100434;33.7282325976;-215.6342995646
1244;159978;40968;100423;34.3948683325;-225.3114489266
1245;160007;40979;100425;45.254495949;-222.3547862597
1246;160027;40975;100419;40.8982982741;-227.2734814616
1247;160047;40975;100436;40.5320857843;-209.279070754
1248;160062;40979;100427;44.2017761715;-217.0641490714
1249;160083;40995;100421;59.8364206743;-222.053599346
1250;160103;40963;100414;27.7500803237;-227.879514872
1251;160123;40990;100408;54.9782465118;-232.4997717124
1252;160147;40975;100408;39.7978112217;-231.5726436946
1253;160161;40968;100416;32.6400403222;-222.5917208884
1254;160181;41010;100423;74.1562157524;-214.2228103432
1255;160201;40979;100420;42.8293164989;-215.8442485498
1256;160221;40977;100415;39.8192659601;-220.146334476
1257;160243;40986;100420;50.594317993;-214.0859978271
1258;160264;40994;100422;56.8281497923;-210.5067490643
1259;160289;40986;100466;48.4059280102;-165.8044558891
1260;160309;40989;100458;51.5056982967;-173.4372384138
1261;160330;40984;100447;46.6280643952;-183.6583179767
1262;160350;40990;100436;52.6615846371;-193.0875658636
1263;160364;40997;100447;59.3115742961;-181.1638904339
1264;160375;41002;100454;63.5013494924;-173.6315250048
1265;160398;40991;100434;52.0400249801;-193.4392881435
1266;160420;40988;100467;49.4317391708;-159.3807382538
1267;160450;40976;100468;36.5058641235;-157.1327802504
1268;160470;41032;100451;92.162230447;-173.4787198891
1269;160494;41002;100450;61.9610714115;-173.634445861
1270;160514;40995;100443;54.7504638806;-179.5929889098
1271;160530;41003;100437;62.057903158;-184.5537353936
1272;160541;41000;100397;58.6957210561;-223.2163213966
1273;160563;40986;100424;44.4171457286;-195.065638307
1274;160592;40993;100403;51.4182572567;-215.5410377712
1275;160606;40980;100429;38.1896205493;-188.6664847614
1276;160626;40995;100392;53.0239048115;-224.4225677022
1277;160646;40995;100407;52.8595832854;-208.2592520013
1278;160669;40988;100417;44.7846286406;-197.365488669
1279;160681;41002;100408;58.9542035444;-205.3806469138
1280;160702;41008;100387;64.8157542235;-225.1655467782
1281;160724;41005;100394;61.5554888834;-217.1713283681
1282;160754;41009;100402;65.5879025343;-208.2641885357
1283;160765;41005;100398;61.3075639941;-211.2320365754
1284;160785;40991;100406;46.9929729252;-202.2335293884
1285;160805;41002;100396;57.6246154319;-211.1900618404
1286;160823;40990;100401;45.0439940085;-205.0793849444
1287;160837;41004;100403;58.737805145;-201.947945885
1288;160861;41001;100397;54.8988144355;-206.8186550286
1289;160882;40993;100411;47.2969892896;-191.9865598545
1290;160900;41002;100405;55.7463273229;-196.8835396666
1291;160920;41002;100401;55.0008715846;-199.7353080821
1292;160939;41006;100415;59.0659321052;-185.0114145549
1293;160959;41000;100407;53.6774676761;-192.472482471
1294;160982;41023;100410;76.1457247939;-188.4590012886
1295;161003;41010;100406;62.7389503326;-191.1115732072
1296;161024;41006;100411;57.7259518217;-185.1330544346
1297;161043;40995;100409;46.7149737671;-186.5035116442
1298;161063;41020;100410;71.5401429959;-184.5635620184
1299;161094;41014;100409;65.4972957456;-184.4969924073
1300;161112;41002;100403;53.1229683349;-189.5246337558
1301;161132;40965;100401;15.639583523;-190.6355040618
1302;161148;41050;100412;100.4159286368;-178.6927081823
1303;161159;41004;100411;54.012161252;-178.7182489809
1304;161180;41006;100411;55.0527963618;-178.0762749091
1305;161211;41007;100430;55.2308279335;-158.1714838092
1306;161219;41007;100428;54.8124075379;-159.3390860342
1307;161239;40980;100429;28.2862659208;-157.3987853818
1308;161259;41025;100438;73.7022296962;-147.4970698283
1309;161282;41004;100434;52.949634019;-150.7500828602
1310;161303;41019;100428;66.5346607113;-156.3430061448
1311;161331;41026;100432;72.7976606438;-151.598239462
1312;161339;41045;100423;91.0578608454;-159.7598749831
1313;161359;41036;100431;81.0082482782;-150.9759228618
1314;161378;41022;100435;67.3049455694;-146.3408610485
1315;161398;41022;100435;67.7916734985;-145.7296155886
1316;161424;41034;100420;79.1666896971;-159.780202264
1317;161445;41019;100412;64.7986168496;-167.2262423326
1318;161457;41013;100423;58.7180958427;-155.2560924042
1319;161479;41028;100404;71.9174695469;-173.0848975325
1320;161499;41032;100412;75.7207566775;-164.3023630479
1321;161519;41025;100408;68.6828635975;-167.5319902838
1322;161553;41021;100418;64.1934862772;-157.5203103019
1323;161566;41017;100424;59.5463306587;-150.816788989
1324;161577;41023;100436;65.2807249941;-137.848197801
1325;161598;41040;100434;80.7084939725;-138.2474363959
1326;161627;41047;100417;88.5506975001;-155.4141138821
1327;161647;41025;100399;65.3787920629;-172.287948076
1328;161664;41025;100438;64.4937057704;-132.3996334058
1329;161684;41034;100434;73.2007610007;-135.7165169865
1330;161704;41029;100446;67.9347562436;-123.0967756702
1331;161719;41024;100424;63.0591835794;-144.5879282257
1332;161742;41023;100430;61.5948132571;-137.8420224226
1333;161763;41036;100431;74.6070358544;-135.9588867516
1334;161779;41033;100434;71.5436693596;-132.2260714175
1335;161799;41051;100445;88.5889740712;-120.5856966973
1336;161824;41033;100436;70.3566295484;-129.2042787319
1337;161844;41045;100426;82.3221917649;-138.8410859863
1338;161861;41031;100443;67.3103247874;-120.8562188539
1339;161884;41039;100436;76.2960917474;-127.2557887373
1340;161906;41024;100422;60.5607631811;-140.498418009
1341;161917;41020;100427;55.8369642905;-134.8881833878
1342;161943;41043;100440;78.3981087982;-121.3089641477
1343;161971;41029;100425;64.3413992575;-135.7105090922
1344;161991;41044;100437;79.2301575717;-123.1840061844
1345;162007;41047;100425;82.0349050904;-134.7088282661
1346;162018;41032;100430;66.0546535581;-128.9544596253
1347;162040;41035;100425;67.6287376462;-132.5704631936
1348;162062;41036;100434;69.1717921328;-123.1885108562
1349;162082;41027;100442;59.599413276;-114.9879826014
1350;162102;41051;100445;83.0594857053;-111.3419683477
1351;162122;41045;100455;76.551729109;-100.7487142897
1352;162141;41051;100470;81.5983385013;-85.2823570613
1353;162167;41051;100453;82.5214132492;-101.9017136577
1354;162178;41045;100463;76.1344875857;-91.4119464095
1355;162201;41043;100470;73.0782671049;-83.7543782724
1356;162223;41047;100459;77.0566710826;-94.7701540992
1357;162236;41041;100421;69.950587641;-132.0641466414
1358;162256;41057;100425;85.295220078;-127.1769294001
1359;162295;41048;100418;76.0055975682;-133.6057914302
1360;162315;41056;100431;83.7277120747;-120.1766167844
1361;162330;41054;100413;81.8536440546;-137.4058647112
1362;162341;41076;100402;103.2612676313;-147.4988040008
1363;162363;41052;100437;78.8055469062;-112.0772959248
1364;162381;41044;100418;70.0072544244;-130.3441446005
1365;162414;41057;100439;82.5661721227;-108.7964523869
1366;162432;41043;100420;68.317954523;-127.1964676839
1367;162452;41053;100428;78.1522589721;-118.6836229745
1368;162465;41060;100435;83.940418861;-111.3752968409
1369;162487;41051;100437;74.519153919;-108.7226416285
1370;162499;41035;100440;58.2238107548;-104.9723305193
1371;162521;41066;100437;89.3764870708;-107.3477901836
1372;162551;41054;100432;77.3289268972;-112.2500485125
1373;162562;41045;100432;68.0249876203;-111.7422599152
1374;162582;41068;100448;90.1801438037;-95.0783737007
1375;162602;41074;100449;95.3076496407;-93.4218354177
1376;162624;41055;100449;76.0660968749;-92.8388516273
1377;162646;41066;100440;87.3898853076;-101.5229678866
1378;162668;41072;100454;92.805358717;-87.2439756334
1379;162679;41058;100395;78.66906792;-145.5258202312
1380;162698;41076;100457;95.7801178515;-83.0294546051
1381;162718;41009;100444;28.4224242051;-95.5270348462
1382;162738;41079;100449;97.7516539575;-90.0592352744
1383;162775;41071;100459;89.4100912102;-79.4185010975
1384;162787;41065;100456;82.6330516875;-82.0472908293
1385;162798;41113;100461;130.16089589;-76.870128742
1386;162835;41055;100462;71.2766254835;-75.5745139332
1387;162839;41067;100470;82.7795673536;-67.2310756416
1388;162859;41089;100460;104.3840623213;-76.9267735668
1389;162879;41065;100477;80.1112755238;-59.7093630974
1390;162908;41083;100469;97.7976502273;-67.5797863564
1391;162920;41081;100481;95.6592347304;-55.3528637327
1392;162942;41067;100488;80.2088123728;-47.5757636759
1393;162964;41069;100475;81.1860463637;-60.1223439017
1394;162989;41087;100471;99.8096872707;-64.0625966153
1395;163009;41082;100459;94.4066488514;-75.6713217186
1396;163032;41081;100460;93.1799518819;-74.3650932558
1397;163052;41068;100454;80.074008337;-80.0681664503
1398;163064;41071;100437;82.5887455583;-96.6277611673
1399;163086;41055;100436;66.2305689558;-96.8652260068
1400;163109;41063;100424;73.9758538594;-108.3694623577
1401;163120;41066;100439;76.3624045332;-93.0863158136
1402;163155;41070;100421;79.8707777865;-110.6296168329
1403;163176;41067;100423;76.4515633523;-108.0187243886
1404;163196;41070;100429;79.0007988703;-101.4508524156
1405;163216;41077;100408;85.5170996664;-121.7804900814
1406;163230;41070;100407;77.7668047264;-122.3007338536
1407;163242;41000;100410;7.4982451386;-118.702192188
1408;163265;41077;100415;84.5234593;-113.1169427462
1409;163287;41077;100429;84.3538518227;-98.7076675321
1410;163301;41109;100419;115.7209986928;-108.171958703
1411;163321;41086;100421;92.0986604548;-105.5246296207
1412;163341;41084;100430;89.4887174396;-95.9249130689
1413;163369;41095;100415;100.1404110356;-110.4373914157
1414;163381;41094;100433;98.4136881617;-91.9692247956
1415;163403;41092;100425;96.5056136579;-99.5404043812
1416;163430;41097;100429;100.4352060459;-94.8717416248
1417;163449;41088;100424;91.3856344469;-99.2184936962
1418;163467;41086;100423;88.7798603997;-99.8834745337
1419;163493;41095;100427;97.395191429;-95.8804024274
1420;163518;41091;100435;92.812401197;-87.4022995678
1421;163534;41096;100460;96.6199089773;-61.5689451638
1422;163546;41104;100434;103.809230113;-87.102139953
1423;163560;41098;100445;98.2431855376;-76.145936921
1424;163587;41094;100462;93.4286290403;-59.1548351544
1425;163605;41092;100453;90.8158454186;-67.7424398957
1426;163625;41102;100460;100.0992801186;-60.3103788965
1427;163645;41090;100465;87.4453241408;-54.9047908828
1428;163670;41106;100470;103.399644515;-49.9962366049
1429;163682;41104;100452;101.0986998344;-67.4031694027
1430;163704;41091;100466;87.0198509331;-53.0859577096
1431;163727;41095;100474;91.1799089476;-45.144253079
1432;163750;41116;100471;111.0313320522;-47.7764324175
1433;163766;41103;100493;97.1966662965;-25.5919714186
1434;163786;41094;100460;87.8042321923;-58.39894478
1435;163806;41106;100480;99.3541059232;-38.3073420384
1436;163822;41106;100470;99.100148108;-48.1598709978
1437;163845;41106;100459;98.4270628344;-58.4205364445
1438;163868;41106;100444;98.1333223376;-73.0131957866
1439;163889;41145;100433;136.6149775531;-83.9803018882
1440;163903;41096;100439;87.3230600521;-77.6533455639
1441;163923;41108;100423;99.0864369953;-93.1558895689
1442;163943;41100;100414;90.8923797121;-101.6157289528
1443;163961;41099;100419;88.8674387963;-95.9240994346
1444;163985;41103;100421;92.0016347817;-93.2688335303
1445;164010;41100;100406;88.7120154351;-108.2693149665
1446;164022;41131;100407;118.8937369729;-106.7539390397
1447;164042;41101;100409;88.7016213446;-104.0986805744
1448;164061;41103;100415;90.1922933257;-97.575298709
1449;164081;41092;100406;78.6944806752;-106.0202588884
1450;164101;41109;100411;95.11373526;-100.4928405833
1451;164119;41119;100405;104.5090053031;-106.2219082563
1452;164146;41096;100422;81.2453032076;-88.6764601779
1453;164171;41107;100419;91.6472862752;-90.8168297175
1454;164184;41118;100453;102.2756272825;-56.6359070959
1455;164213;41111;100428;94.8819595289;-81.3501738874
1456;164233;41108;100427;91.3862909545;-81.9603658298
1457;164253;41117;100422;99.8480050004;-86.5475765613
1458;164269;41117;100423;99.239299761;-85.0889784136
1459;164281;41112;100448;93.6466373717;-59.8741910939
1460;164304;41117;100444;98.166228979;-63.6063241041
1461;164327;41128;100428;108.5331354526;-79.2092784724
1462;164348;41133;100452;112.9911505039;-54.9189984315
1463;164364;41137;100434;116.4682237817;-72.5466940772
1464;164384;41122;100436;100.9430297265;-70.1969836605
1465;164404;41108;100439;86.4904616417;-66.8639953606
1466;164420;41122;100457;99.7771160308;-48.6704529024
1467;164444;41135;100457;112.7320536636;-48.3658218086
1468;164467;41128;100449;104.9671017238;-56.111543804
1469;164480;41126;100447;102.4972550974;-57.9134009764
1470;164500;41113;100421;88.687184612;-83.2973788673
1471;164537;41109;100447;84.1914021355;-56.9809511395
1472;164557;41134;100451;108.8387506344;-52.8439684543
1473;164573;41127;100452;101.4055132894;-51.5538229743
1474;164585;41130;100454;103.9628855129;-49.3875596204
1475;164612;41133;100453;106.4950378666;-50.213874125
1476;164637;41141;100455;113.3379658887;-47.8226943108
1477;164654;41114;100468;85.9733252758;-34.6629890876
1478;164674;41126;100459;97.6576623109;-43.4770330527
1479;164694;41132;100456;103.3145431377;-46.2771296313
1480;164715;41133;100471;103.9543010582;-31.2840208338
1481;164727;41135;100455;104.9756882068;-46.9491181173
1482;164751;41134;100454;103.4131141829;-47.7391560043
1483;164763;41133;100452;102.1560340371;-49.5701717211
1484;164794;41127;100445;95.8898603526;-56.0417456613
1485;164817;41127;100437;95.4145966424;-63.8588868419
1486;164837;41126;100435;93.9557323018;-65.6792948958
1487;164841;41130;100416;97.4357124322;-84.2724075672
1488;164861;41145;100402;111.6823833322;-97.725144822
1489;164888;41117;100403;83.3723297295;-96.1270045839
1490;164900;41132;100415;97.4695105837;-83.9841573621
1491;164923;41113;100407;78.4118533874;-91.0790667904
1492;164942;41134;100404;98.6010837381;-93.7378487743
1493;164969;41127;100414;90.8077686151;-83.2809329654
1494;164989;41128;100401;91.1221300032;-95.7143900827
1495;165018;41132;100400;95.2496975463;-96.1329715029
1496;165030;41126;100404;89.2171888353;-91.7543303014
1497;165042;41063;100407;25.9121305527;-88.8138800728
1498;165066;41135;100401;97.8734554011;-94.2303317646
1499;165099;41126;100411;88.0730677003;-83.5433077602
1500;165110;41151;100409;112.5716182995;-85.1490216972
1501;165130;41143;100400;104.1335655004;-93.7660114429
1502;165150;41141;100406;101.7082007223;-87.4153177931
1503;165170;41133;100422;92.7295002435;-70.9262163822
1504;165182;41120;100412;79.18758838;-80.4732501457
1505;165206;41134;100424;92.6258115869;-68.1680229527
1506;165230;41144;100409;102.0810615071;-83.155651959
1507;165252;41128;100430;85.6109865112;-61.8124010772
1508;165272;41149;100439;105.9966704658;-52.4817792706
1509;165292;41143;100446;99.4151069257;-45.1874319373
1510;165316;41142;100439;98.4331681674;-51.9042533864
1511;165328;41142;100433;98.3285052911;-57.578577526
1512;165352;41134;100442;89.335897025;-48.3315964103
1513;165365;41141;100408;96.1460587849;-82.0694027628
1514;165395;41143;100445;97.3019106897;-44.5303201084
1515;165419;41143;100446;96.7661210532;-43.5056064375
1516;165439;41151;100448;104.2851609001;-41.5016989343
1517;165452;41151;100461;103.8217160275;-28.3575271646
1518;165472;41148;100462;100.4796581046;-26.9659705492
1519;165485;41145;100475;96.3283392883;-13.6965283373
1520;165509;41140;100483;90.8823380519;-6.2017156853
1521;165521;41151;100457;101.5472363356;-32.2671291524
1522;165542;41155;100484;105.2658238929;-4.9732196326
1523;165562;41140;100470;89.8089567698;-18.8240680438
1524;165595;41155;100468;104.1061937344;-20.5873678215
1525;165615;41162;100498;110.3645528874;9.4577832008
1526;165632;41162;100497;109.7794982558;8.422520714
1527;165644;41160;100485;107.4679830127;-3.5839543166
1528;165669;41159;100495;106.6156337449;6.1182537255
1529;165681;41154;100496;100.5700331874;7.5412945686
1530;165718;41165;100482;110.7229659263;-6.6039758256
1531;165721;41162;100472;107.1759430332;-16.5461502649
1532;165741;41172;100466;116.6195549054;-22.6278166714
1533;165778;41166;100462;110.0071874795;-26.5236065709
1534;165799;41157;100456;100.8533982148;-32.5407621935
1535;165814;41158;100469;100.7103837962;-19.0143260379
1536;165826;41149;100444;90.8989661596;-43.6821835888
1537;165842;41161;100457;102.7227220304;-30.7270486306
1538;165872;41160;100441;101.5990843299;-46.7514783983
1539;165892;41134;100464;75.0042651619;-23.3979731186
1540;165910;41159;100429;99.3568043957;-58.0948045627
1541;165928;41154;100437;94.3428491845;-50.125059731
1542;165947;41150;100437;89.654431455;-49.8248573728
1543;165972;41154;100431;93.1404546605;-55.2908432521
1544;165979;41155;100461;93.7009652069;-25.1977921104
1545;165999;41163;100419;101.0727487381;-67.0381151238
1546;166028;41167;100434;104.7724737581;-51.844007304
1547;166048;41166;100441;103.5701267029;-44.5892621284
1548;166072;41170;100436;107.0007443885;-49.485067735
1549;166085;41170;100469;106.4791092177;-16.3232787291
1550;166109;41146;100437;81.6494665988;-47.8987293426
1551;166131;41151;100434;85.9155815651;-50.6847874572
1552;166151;41161;100425;95.0337741905;-59.3723614295
1553;166162;41163;100452;96.3177760979;-32.206104583
1554;166182;41166;100475;98.8839531345;-9.1799071403
1555;166202;41158;100459;90.5447111699;-25.0776808066
1556;166227;41166;100455;98.7548576661;-29.1417524396
1557;166251;41166;100459;98.0830069374;-24.5129592335
1558;166268;41168;100460;99.162330979;-23.3279961865
1559;166292;41161;100454;91.8293154138;-29.4878195776
1560;166318;41166;100456;96.6555017608;-27.3519106571
1561;166338;41173;100465;103.3979423911;-18.1593293364
1562;166358;41172;100477;102.1480534764;-6.0271712004
1563;166370;41175;100476;105.0442705743;-7.0365233396
1564;166382;41172;100463;101.02940751;-20.0530945844
1565;166407;41173;100486;100.6515951843;2.5626066869
1566;166439;41158;100485;85.3227443294;1.8560752204
1567;166450;41185;100480;111.8204171367;-3.1578060042
1568;166470;41167;100479;93.5267039711;-4.2281389317
1569;166490;41167;100461;93.2354195507;-22.2085399782
1570;166514;41181;100462;106.5155242941;-20.7681329601
1571;166527;41162;100472;86.6731036399;-10.5421825775
1572;166552;41168;100456;92.8207979362;-26.8124400896
1573;166564;41130;100460;54.6075674451;-22.8673510973
1574;166583;41159;100447;83.3205280214;-35.4765725787
1575;166616;41163;100434;86.7302026191;-48.1950425466
1576;166636;41171;100436;94.1406954876;-45.9595720199
1577;166643;41172;100442;94.6361737554;-39.783732198
1578;166663;41161;100433;83.5280599028;-48.9578370643
1579;166688;41167;100457;88.8590464215;-24.7092389194
1580;166713;41173;100446;93.9113070347;-35.152871939
1581;166725;41178;100429;98.3576677572;-51.9154870481
1582;166746;41169;100461;89.0387068143;-20.0200253643
1583;166762;41168;100450;87.6664326857;-30.9891466195
1584;166782;41158;100453;77.146609668;-27.7587704942
1585;166807;41176;100459;94.8825832759;-21.598154567
1586;166827;41173;100490;91.4528228456;9.2088246091
1587;166843;41177;100466;94.9496826736;-14.7403441271
1588;166868;41176;100464;93.1498510284;-16.4301166509
1589;166897;41180;100453;97.0325730991;-27.5768792003
1590;166905;41182;100484;98.5126312251;3.3896462016
1591;166925;41165;100464;80.950002348;-16.4916027301
1592;166945;41190;100476;105.2644829409;-4.4332256731
1593;166980;41180;100476;95.0669230416;-4.330929133
1594;166993;41181;100489;95.5137665515;8.6455535097
1595;167008;41140;100470;53.994990792;-10.3732802298
1596;167038;41183;100481;96.6565996554;0.5421459177
1597;167058;41173;100502;85.9083451674;21.5009273077
1598;167078;41179;100476;91.4178927831;-4.490206918
1599;167098;41176;100483;88.2938393339;2.3852028449
1600;167112;41189;100495;100.6637997548;14.4390664102
1601;167125;41189;100497;100.1038795814;16.4118572237
1602;167150;41182;100490;92.6786427097;9.0722068082
1603;167163;41184;100497;94.4978804517;15.9399548693
1604;167196;41190;100483;99.4947229611;2.2491855705
1605;167213;41185;100485;93.7464939795;4.2438186927
1606;167233;41171;100505;79.3146393302;23.9909440688
1607;167253;41187;100499;94.8048656905;17.7687105919
1608;167280;41181;100497;87.7689556696;15.7276292183
1609;167293;41188;100498;94.3631569296;16.6429807959
1610;167306;41267;100495;173.3968179253;13.5338927884
1611;167334;41190;100496;95.8159368935;14.4209006291
1612;167348;41175;100480;80.3279677601;-1.677355723
1613;167368;41191;100457;95.8177366831;-24.4371083315
1614;167388;41180;100478;84.3649948514;-3.302433844
1615;167408;41176;100474;79.9344548187;-7.1478043958
1616;167427;41183;100452;86.7289538907;-29.1505643063
1617;167443;41170;100466;73.784136;-15.2331307471
1618;167470;41182;100451;85.106796216;-30.0714109012
1619;167484;41170;100456;72.7968535231;-24.8114278685
1620;167517;41183;100457;84.8833569972;-23.7501280758
1621;167537;41189;100460;90.096749794;-20.6994352864
1622;167549;41189;100472;89.4389099166;-8.6911285934
1623;167569;41186;100430;86.0445961287;-50.6578223698
1624;167583;41178;100479;77.6250378633;-1.6903379715
1625;167616;41185;100459;84.1087947347;-21.2337779379
1626;167626;41191;100476;89.7699751002;-4.2711520111
1627;167646;41179;100484;77.493938953;3.6750630173
1628;167666;41190;100480;88.1649379299;-0.3585893803
1629;167700;41193;100469;91.002800502;-11.244249858
1630;167713;41181;100459;78.6383982047;-21.2533637577
1631;167726;41188;100467;85.1484018377;-13.2139541151
1632;167752;41190;100474;86.6522172189;-6.0553193532
1633;167765;41188;100476;84.6318582639;-3.9785392211
1634;167786;41184;100487;79.9474655894;6.8529512664
1635;167806;41184;100482;79.387760523;1.8258981666
1636;167837;41198;100471;92.7836248462;-9.1455114076
1637;167857;41191;100496;85.3082327595;15.7638890876
1638;167874;41190;100496;83.66624297;15.7557513599
1639;167887;41175;100498;68.2420006277;17.626675549
1640;167913;41196;100493;89.1658531023;12.3329640293
1641;167926;41186;100497;78.6586260916;16.2556147135
1642;167947;41195;100497;87.420049831;16.295370165
1643;167968;41196;100499;88.0620318023;18.2589928343
1644;167988;41183;100497;74.6183728747;16.1672685458
1645;168008;41185;100493;76.1666633916;12.095990885
1646;168025;41190;100499;80.6106164142;18.0594344564
1647;168051;41201;100510;91.2756545062;28.7432038325
1648;168064;41206;100503;95.6476742616;21.5215176994
1649;168095;41194;100522;83.4349593747;40.7320561152
1650;168111;41182;100516;71.1885179181;34.428544355
1651;168131;41206;100508;94.7287207022;26.0250388788
1652;168151;41198;100515;86.3113733079;32.5872320457
1653;168173;41182;100513;68.9686826944;30.974706384
1654;168186;41194;100513;81.0263102256;30.8262215036
1655;168212;41192;100516;78.6787919484;33.5427174795
1656;168225;41188;100507;74.4825557069;24.2410412012
1657;168246;41205;100496;91.1954409142;13.2846412866
1658;168271;41192;100493;77.4675228726;10.2425993795
1659;168291;41193;100481;77.7650128143;-1.7548466425
1660;168311;41201;100492;85.0245424745;9.1927039521
1661;168329;41193;100460;76.8524847127;-22.6896850734
1662;168356;41189;100459;71.9345547061;-23.5922231911
1663;168369;41193;100447;75.7367357508;-35.5859136091
1664;168401;41189;100470;71.4614894901;-12.4757894643
1665;168419;41172;100483;53.8734267401;0.6282065151
1666;168427;41227;100491;108.1630119739;8.635037452
1667;168447;41197;100480;78.3524102455;-2.1661378199
1668;168466;41182;100490;63.3614175461;7.4483519365
1669;168487;41192;100488;73.0901227654;5.3703487549
1670;168513;41186;100501;66.4435460832;18.3110081307
1671;168527;41194;100495;74.1289712517;12.428273725
1672;168551;41201;100486;80.8360441347;3.2251235061
1673;168571;41191;100499;70.5673116817;15.9455621712
1674;168587;41196;100496;74.8030340792;12.9339569291
1675;168607;41190;100501;67.8475543415;17.975232254
1676;168624;41197;100516;74.6038350111;32.5156385261
1677;168650;41199;100510;75.4929572414;26.4748386025
1678;168676;41198;100490;74.9065215964;6.7939216154
1679;168685;41200;100544;76.5367389546;60.3359736236
1680;168705;41197;100498;72.8234054714;13.9459561517
1681;168743;41206;100504;81.1728687433;20.0926647457
1682;168763;41198;100499;72.708611619;15.2269768646
1683;168777;41203;100514;77.574857181;29.6905473872
1684;168790;41199;100394;73.7427341756;-89.928352252
1685;168816;41197;100491;70.7447109164;7.4958404531
1686;168830;41194;100528;67.4532280018;44.1532123602
1687;168853;41189;100520;61.7641461479;35.8998638765
1688;168873;41204;100527;75.9763665411;42.6331652136
1689;168902;41209;100515;81.1485369598;30.3163814095
1690;168907;41201;100507;72.8687161269;22.166558959
1691;168927;41171;100525;42.8327644465;39.8527996788
1692;168954;41186;100526;57.2889913592;40.5154760233
1693;168967;41197;100513;67.5433107517;27.8799037617
1694;168988;41197;100529;67.444163215;43.4197110618
1695;169008;41194;100514;64.4461072695;27.9258524354
1696;169029;41196;100518;65.8763366807;31.8755531417
1697;169049;41183;100524;51.968898557;38.1332018045
1698;169076;41188;100522;57.350424388;35.5194434949
1699;169090;41172;100521;41.1853723968;34.4053237717
1700;169116;41185;100507;53.8527573933;20.7812496506
1701;169129;41156;100498;24.1613200349;11.7979068337
1702;169142;41196;100498;63.75977471;11.4506477938
1703;169162;41195;100505;62.5034744037;17.8257395058
1704;169192;41180;100487;47.0437314652;0.1666835607
1705;169212;41191;100485;57.4898232309;-1.2200967171
1706;169229;41180;100487;46.936644311;0.1627340379
1707;169257;41185;100476;51.1632276401;-11.4335577939
1708;169271;41147;100475;12.9341908131;-11.9725866555
1709;169298;41183;100478;48.6243472391;-8.8225149965
1710;169318;41192;100490;57.2860246479;3.1873082012
1711;169338;41182;100497;46.9992679734;10.1622589192
1712;169357;41185;100484;50.0026899654;-3.4547520886
1713;169371;41186;100500;50.4526573836;12.3619883449
1714;169397;41176;100497;39.7066223964;10.0637351629
1715;169410;41185;100483;48.7884835433;-3.7485425763
1716;169437;41178;100501;42.1142143885;13.8309954934
1717;169457;41179;100491;42.253149941;3.6950498911
1718;169483;41189;100504;51.7477073792;16.7437947547
1719;169503;41181;100514;43.5014718646;26.7898900718
1720;169517;41180;100507;42.2792445625;19.5012465797
1721;169531;41175;100541;37.2639504705;52.9797743316
1722;169545;41205;100515;67.8404351885;26.7654832888
1723;169571;41189;100519;51.1921215162;30.8085674271
1724;169592;41185;100528;46.8703848847;39.6344575925
1725;169605;41198;100524;59.305200263;35.5211793221
1726;169625;41175;100542;35.6586602131;53.373431187
1727;169663;41195;100524;55.9100467281;34.8365326055
1728;169672;41179;100551;39.6482211216;61.5128487686
1729;169692;41198;100474;57.724056402;-15.1863606278
1730;169706;41197;100543;56.5476469035;53.5417018534
1731;169723;41194;100542;53.1756428288;52.4041171489
1732;169743;41191;100547;50.2713384658;57.0317274324
1733;169763;41182;100541;41.4134256133;50.6908174352
1734;169802;41206;100554;64.9826715918;63.5718076964
1735;169816;41194;100539;52.9739846658;48.2246450659
1736;169830;41190;100538;48.4219998197;47.014560502
1737;169857;41193;100545;50.8800554482;53.6115612766
1738;169871;41182;100571;40.0789329938;79.2390980177
1739;169885;41197;100561;54.4247078843;68.9538319017
1740;169913;41180;100528;37.0801767464;35.7555676585
1741;169933;41193;100557;50.0015693226;64.3630790039
1742;169953;41193;100559;49.924342549;65.9622546605
1743;169976;41196;100555;53.7450563686;61.5898185787
1744;169990;41186;100542;43.2651697992;48.5158033954
1745;170019;41188;100518;44.4261121686;24.5499065993
1746;170042;41171;100526;27.0647125659;32.3051582431
1747;170056;41181;100512;36.7746815453;18.1645632213
1748;170076;41177;100527;32.6487807645;32.9651425773
1749;170096;41189;100507;44.4638183794;12.8665950153
1750;170118;41181;100505;35.7421679586;10.945995742
1751;170132;41165;100509;20.2201324252;14.7506758427
1752;170146;41179;100506;34.2070085164;11.5007615814
1753;170176;41166;100511;20.5621052724;16.5378749732
1754;170204;41167;100503;22.4257284395;8.3755660673
1755;170212;41178;100507;33.3209455335;12.2961873856
1756;170232;41147;100529;2.1626613441;34.1373810306
1757;170252;41168;100525;22.8995304257;29.9994808036
1758;170275;41181;100536;35.3755939943;40.7000911263
1759;170292;41177;100527;31.3984376779;31.4745915711
1760;170307;41186;100515;40.1612488336;19.4349935052
1761;170327;41187;100529;40.3475085119;33.4835464745
1762;170345;41191;100542;43.6892531512;46.3350348338
1763;170365;41175;100549;27.678428803;52.8681598909
1764;170389;41180;100545;32.6864179763;48.5193841854
1765;170409;41183;100554;35.6509873993;57.1802683258
1766;170429;41181;100551;33.6265702605;53.8576391209
1767;170451;41174;100554;26.4509747487;56.8657219369
1768;170468;41181;100550;33.0779340511;52.6264327321
1769;170491;41187;100556;39.5499299709;58.0860567133
1770;170522;41184;100572;36.4765987219;73.6536381194
1771;170542;41182;100572;34.3299712054;73.2542472387
1772;170566;41184;100561;35.899971109;62.0723097118
1773;170581;41281;100570;131.6825606758;70.7238043347
1774;170597;41179;100536;29.9504971624;36.520406205
1775;170621;41185;100585;35.8631744563;84.8747083671
1776;170643;41201;100601;51.443812631;100.3287995388
1777;170663;41185;100581;35.0541367978;79.9844043909
1778;170683;41203;100586;52.5754521188;84.6170699982
1779;170686;41184;100585;33.3559318809;83.1993185702
1780;170706;41182;100564;31.1306142238;61.9056456829
1781;170741;41172;100588;20.8098201642;85.449473083
1782;170756;41174;100619;22.7739178193;116.1376132873
1783;170772;41176;100595;25.114072162;91.5014902157
1784;170797;41190;100595;38.5839021881;90.9964549625
1785;170812;41187;100592;35.1332163719;87.5781661027
1786;170832;41174;100595;21.8291237381;90.1742333926
1787;170852;41177;100602;24.5107050421;96.737611135
1788;170867;41174;100590;22.1864161778;84.2728827872
1789;170890;41172;100604;21.0869402005;97.4669199006
1790;170919;41177;100583;25.1467992329;76.2925704088
1791;170933;41177;100579;24.9644978689;71.8990055166
1792;170962;41170;100555;17.9315576368;47.6070789866
1793;170982;41166;100547;13.947075065;39.3806546425
1794;170999;41174;100541;21.7943047754;33.1621641882
1795;171019;41164;100545;11.0682517411;36.7747924438
1796;171033;41165;100556;11.9555232856;47.6558258358
1797;171047;41161;100542;8.4493807988;33.8965227358
1798;171075;41169;100542;15.954457951;33.634412426
1799;171095;41167;100547;14.1386633412;38.459958545
1800;171115;41154;100541;1.3883303628;32.3540775927
1801;171133;41169;100535;16.2320411051;26.0777481687
1802;171153;41154;100540;1.0488690486;30.7000979318
1803;171170;41157;100542;4.4379206845;32.5854630924
1804;171199;41148;100532;-4.8319035827;22.5731578472
1805;171213;41129;100548;-23.9303318645;38.3491556576
1806;171227;41163;100527;9.7760540557;17.3440414463
1807;171260;41161;100545;7.8461155508;35.0389377332
1808;171269;41146;100542;-7.0929586494;31.8302099784
1809;171289;41098;100544;-54.9079017852;33.6362542379
1810;171309;41146;100543;-6.9641158699;32.4481911729
1811;171330;41152;100546;-1.1945860542;35.3829264957
1812;171358;41141;100536;-11.8348694134;25.1665276621
1813;171373;41151;100551;-1.8048616562;40.0472777267
1814;171394;41143;100544;-9.5318830007;32.8218945487
1815;171419;41147;100548;-5.5313477495;36.5943261579
1816;171444;41160;100545;7.390610284;33.3430542944
1817;171455;41148;100554;-4.5788481615;42.1451610748
1818;171475;41146;100550;-6.5008755724;38.0109125269
1819;171495;41147;100558;-5.4279675148;45.8376654046
1820;171511;41164;100568;11.3017204013;55.5448476252
1821;171528;41153;100556;0.1777293272;43.393184919
1822;171548;41177;100557;23.9216000571;44.086738016
1823;171576;41152;100574;-1.0230266889;60.7584524124
1824;171596;41160;100573;7.0271703973;59.4627127881
1825;171620;41152;100573;-1.4539682025;59.5417617808
1826;171639;41136;100570;-17.0378482332;55.8673007637
1827;171653;41148;100596;-4.7078143018;81.2655556949
1828;171667;41145;100590;-8.0324026273;74.9395170574
1829;171691;41152;100598;-0.852658581;82.7629340989
1830;171711;41172;100595;19.0581880305;79.3140222219
1831;171743;41163;100620;9.8127588503;103.5576953728
1832;171759;41143;100611;-10.2905521807;94.1483482904
1833;171779;41160;100586;6.4657701569;68.9935074234
1834;171793;41154;100605;0.4576121098;87.6818526378
1835;171821;41152;100612;-1.0492906567;93.8938465348
1836;171835;41153;100586;-0.1375011289;67.5328314285
1837;171856;41148;100607;-5.1236574539;88.1727143367
1838;171876;41162;100613;8.9984127881;93.7934977985
1839;171901;41159;100613;5.8513661881;93.1633232581
1840;171921;41156;100595;2.655474647;74.5857822536
1841;171936;41131;100588;-21.9819689076;67.0838989613
1842;171950;41154;100596;0.8602007977;75.0434105753
1843;171967;41145;100571;-8.6747893657;50.1127120907
1844;171987;41147;100574;-6.4029081486;52.4895622353
1845;172008;41149;100579;-4.4621644702;57.2045106931
1846;172028;41136;100574;-17.5808633306;52.0898678389
1847;172062;41146;100565;-6.9202955058;42.3854230971
1848;172079;41138;100565;-15.1315454484;42.2583507623
1849;172095;41151;100573;-2.2858351643;50.4848381602
1850;172111;41138;100561;-15.178960943;38.0733438713
1851;172129;41142;100583;-11.293355624;59.5427069498
1852;172149;41140;100588;-13.2481145071;64.2467733799
1853;172169;41150;100566;-3.2286224777;42.0885944136
1854;172189;41141;100586;-12.1641022123;61.8315203623
1855;172221;41130;100586;-22.830128407;61.5622771294
1856;172237;41123;100588;-29.7951878017;63.1418719726
1857;172254;41119;100576;-33.9995520017;50.9862917369
1858;172271;41129;100576;-23.9931884151;50.6474624377
1859;172296;41148;100571;-4.2962315362;45.4640168894
1860;172316;41161;100582;8.5129718942;56.1548586317
1861;172336;41131;100583;-21.5275088426;56.8421564884
1862;172356;41129;100588;-23.5584253257;61.505928179
1863;172378;41137;100585;-15.863707341;58.38716755
1864;172393;41132;100591;-21.0178104532;64.1899620837
1865;172421;41127;100585;-25.8044190581;57.2450490498
1866;172443;41143;100622;-9.2107093696;93.972430663
1867;172455;41131;100608;-20.9458426925;79.5853522778
1868;172475;41128;100606;-23.6267772339;77.1496634114
1869;172495;41147;100609;-4.4032091093;79.7009624993
1870;172518;41118;100612;-33.5542185471;82.7052865368
1871;172535;41134;100612;-17.2238744066;82.5021229464
1872;172550;41125;100612;-26.4853856286;81.9267992806
1873;172578;41143;100626;-7.8823696354;95.0967395407
1874;172597;41129;100639;-22.3046032626;107.6818210224
1875;172624;41143;100627;-8.0913052391;95.0998435292
1876;172636;41134;100621;-16.9878556375;88.6647771647
1877;172656;41128;100648;-22.9344803681;115.1980421275
1878;172680;41136;100630;-14.9524009411;96.5453394
1879;172700;41142;100634;-8.9899973897;99.8785363436
1880;172721;41146;100627;-5.6318645249;92.5163285793
1881;172745;41145;100626;-6.4721671351;91.0963543071
1882;172754;41130;100607;-21.2803318276;71.7491696758
1883;172774;41114;100613;-36.8884753152;77.42467882
1884;172794;41125;100611;-25.5524432621;75.1121770221
1885;172808;41135;100612;-15.4975375273;75.6815919365
1886;172828;41128;100616;-22.7189820327;79.0379097719
1887;172860;41132;100610;-18.3975309563;72.6585735792
1888;172882;41129;100620;-21.0177620975;82.5565409601
1889;172900;41121;100609;-29.048705472;71.209310541
1890;172920;41131;100614;-19.2121825935;75.8060480356
1891;172940;41123;100608;-27.3360413533;69.4347310042
1892;172962;41136;100613;-14.363449577;74.0997040672
1893;172978;41149;100628;-1.5807013758;88.5361866418
1894;172997;41123;100636;-27.2513359983;95.9047068032
1895;173013;41122;100630;-27.5187445422;89.3409024414
1896;173030;41130;100628;-19.3277343313;86.8853903208
1897;173053;41134;100622;-16.2992481065;80.7457882943
1898;173087;41121;100631;-28.8371615353;89.0868255917
1899;173092;41126;100624;-23.6785698857;81.6694536763
1900;173112;41107;100658;-42.3480825252;115.2208254896
1901;173130;41128;100623;-20.9599417102;79.7204544004
1902;173150;41132;100626;-16.5023594097;82.1285728679
1903;173179;41115;100643;-33.7995773483;98.7824187585
1904;173193;41124;100638;-24.6997679356;93.3471615743
1905;173213;41125;100626;-23.5116590203;80.8851637937
1906;173240;41135;100647;-13.4244144894;101.3942637064
1907;173252;41139;100639;-9.3564259835;92.937629766
1908;173272;41130;100611;-18.0065527652;64.6687127913
1909;173301;41124;100649;-25.0898987064;101.87683661
1910;173316;41117;100632;-31.7547185917;84.4769736987
1911;173331;41130;100646;-18.5695679315;98.3033233451
1912;173364;41109;100639;-39.423572595;90.7356224655
1913;173384;41116;100647;-32.3098019734;98.1350295697
1914;173402;41124;100648;-24.0891909925;98.6063606566
1915;173422;41124;100607;-23.6027167312;57.3953542788
1916;173438;41123;100647;-24.567691018;96.9471017217
1917;173456;41116;100647;-31.0926589334;96.2990280443
1918;173472;41118;100641;-29.1372840792;89.7868812858
1919;173497;41131;100651;-16.0829330595;99.3379414542
1920;173521;41125;100649;-22.2096033216;96.9023993028
1921;173541;41125;100643;-22.3603523685;90.4873737191
1922;173557;41123;100637;-24.2326639136;84.118899129
1923;173577;41115;100624;-31.7043712903;70.8717707791
1924;173594;41116;100628;-30.4203108012;74.1985307447
1925;173616;41114;100610;-32.2061105386;55.7549173986
1926;173631;41108;100612;-38.1993605355;57.594298413
1927;173651;41110;100599;-36.1429626013;44.4773516081
1928;173671;41106;100600;-39.9313100084;45.266973192
1929;173691;41104;100598;-41.7105648431;43.0677762011
1930;173715;41108;100580;-37.0642816859;24.489067166
1931;173730;41103;100590;-42.3963098149;34.3200075894
1932;173760;41096;100571;-49.2284744433;15.7440564376
1933;173776;41097;100566;-48.0560625109;10.6651004583
1934;173792;41094;100584;-50.4898159533;28.3818532865
1935;173812;41087;100587;-56.7480247267;31.0360592227
1936;173835;41095;100582;-48.5839488606;25.8809050138
1937;173855;41089;100564;-54.4329587121;7.8343040225
1938;173877;41096;100581;-47.8340532211;24.925544939
1939;173892;41092;100573;-51.03917713;16.9555936448
1940;173922;41082;100580;-60.7214848315;23.7151970736
1941;173944;41094;100586;-48.2122704714;29.2669297748
1942;173967;41099;100579;-43.5022221278;22.2741811061
1943;173987;41098;100584;-44.7971333135;27.2783837181
1944;174004;41102;100584;-40.5235741791;27.0968811987
1945;174024;41080;100580;-61.9953595402;22.8883771209
1946;174041;41097;100583;-45.0953185305;25.7369138013
1947;174058;41075;100596;-66.5991611581;38.6187542307
1948;174074;41093;100580;-48.3391493753;22.627756718
1949;174102;41082;100593;-58.82189019;35.425475624
1950;174112;41089;100590;-51.4885025458;32.2422756042
1951;174132;41092;100583;-48.1192207869;25.0906264853
1952;174152;41081;100583;-58.6960640499;24.9396511337
1953;174172;41093;100593;-46.2719693708;34.5528253059
1954;174202;41098;100591;-41.4668519949;32.5624892105
1955;174217;41085;100594;-54.0036670467;35.4257297203
1956;174249;41091;100589;-47.5880055358;30.2702143996
1957;174255;41086;100575;-52.3687249132;16.1568586003
1958;174275;41093;100500;-45.3525817917;-58.6748982562
1959;174295;41089;100614;-49.3174976818;54.9219171058
1960;174318;41090;100587;-48.6003610767;27.9161428589
1961;174336;41093;100591;-45.1568425356;32.0050752324
1962;174354;41087;100605;-50.9205026717;45.5527742594
1963;174376;41078;100598;-59.6433136487;38.1250176331
1964;174391;41084;100590;-53.3782105653;29.9961582907
1965;174411;41083;100601;-54.1038888519;40.8784576422
1966;174446;41095;100588;-41.5604361557;27.9112922286
1967;174466;41091;100591;-45.0951261534;30.8540012077
1968;174482;41076;100589;-59.4940765535;28.4970089774
1969;174497;41079;100589;-56.4173969326;28.185687108
1970;174512;41081;100569;-53.9981011397;8.2105492453
1971;174536;41075;100553;-60.0038562762;-7.5628878651
1972;174556;41074;100539;-60.6386325868;-21.6715193711
1973;174576;41063;100557;-71.4082424537;-3.6322887236
1974;174596;41061;100524;-73.2323639475;-36.3486495625
1975;174616;41067;100535;-67.088243642;-25.1208797274
1976;174636;41065;100531;-68.4448400016;-29.2723988983
1977;174651;41081;100524;-52.1723892528;-36.1339269068
1978;174681;41070;100525;-63.3046276735;-34.562705993
1979;174693;41055;100524;-78.0535145922;-35.2878874146
1980;174713;41064;100524;-68.5862650059;-35.195331917
1981;174733;41059;100537;-73.0956506014;-22.1686223235
1982;174753;41068;100547;-63.6517882027;-12.1924294045
1983;174774;41057;100527;-74.7174147867;-32.1517003317
1984;174805;41062;100529;-69.0941188003;-29.7249357546
1985;174820;41068;100514;-62.9400858833;-44.5309279661
1986;174834;41060;100538;-70.591110916;-20.4278753983
1987;174854;41053;100531;-77.1871454355;-27.2690989542
1988;174874;41060;100529;-69.8200325254;-29.100970145
1989;174906;41065;100530;-64.6864291401;-28.1253317673
1990;174922;41071;100541;-57.793095498;-17.3978224297
1991;174937;41065;100550;-63.8116924365;-8.4695874666
1992;174952;41055;100553;-73.0014720175;-5.0514953084
1993;174969;41072;100531;-55.982133126;-26.7628007279
1994;174989;41056;100543;-71.9487624974;-14.7936991809
1995;175016;41047;100541;-80.3213000911;-16.8302998776
1996;175036;41057;100568;-69.7468418212;10.0286170593
1997;175056;41065;100537;-61.2140625896;-20.9571687071
1998;175079;41056;100547;-69.8234540038;-10.999544351
1999;175095;41061;100556;-65.2461573566;-2.018032802
2000;175125;41066;100574;-60.3195053402;16.1803100302
2001;175145;41062;100548;-64.2539841284;-9.732153517
2002;175152;41053;100569;-72.8806981146;11.1684421378
2003;175172;41069;100570;-56.4008725219;11.9600146553
2004;175194;41070;100579;-54.8904997689;20.8657318676
2005;175231;41051;100574;-73.2770775086;16.0460802226
2006;175233;41072;100581;-52.0031439797;22.9210045804
2007;175253;41057;100569;-66.2331350629;10.6446668114
2008;175290;41068;100586;-54.8912812093;27.4587640285
2009;175298;41057;100588;-65.6310718122;29.2952272757
2010;175318;41060;100692;-62.5122284924;132.6230504715
2011;175338;41071;100606;-51.4472457484;46.4026116693
2012;175358;41060;100602;-62.3245222457;42.2309242375
2013;175378;41070;100611;-52.2532834352;51.0153413561
2014;175394;41063;100591;-59.0640680047;30.8227796381
2015;175425;41061;100605;-60.205891116;44.3690993987
2016;175447;41060;100640;-61.1362570313;79.097549881
2017;175467;41068;100613;-53.0458602804;51.9476507909
2018;175487;41073;100606;-47.9817132007;44.8340990422
2019;175491;41062;100618;-58.7360545495;56.5660575571
2020;175511;41057;100484;-62.7297964822;-77.2594137169
2021;175542;41068;100631;-51.4152504314;69.1788313464
2022;175557;41055;100606;-64.3021018471;44.2154415958
2023;175572;41061;100636;-58.4662630158;73.9020504955
2024;175597;41074;100617;-45.4211569378;54.4999708061
2025;175617;41073;100631;-46.3009594183;68.1449025296
2026;175637;41043;100622;-76.0318342472;58.8365899683
2027;175657;41055;100646;-63.8245260627;82.4097993436
2028;175687;41071;100642;-47.3235226034;78.1718676967
2029;175703;41075;100633;-42.7771576371;68.6767672194
2030;175719;41073;100662;-44.4317787562;97.1182603588
2031;175741;41057;100650;-60.2450055917;84.5426784652
2032;175768;41074;100650;-42.615878885;84.2243858045
2033;175779;41060;100664;-56.2951952605;97.7712664209
2034;175799;41072;100651;-44.6843510054;84.3800582781
2035;175814;41067;100664;-49.5658936499;96.8430011054
2036;175834;41064;100673;-52.4029018402;105.2346650233
2037;175865;41069;100690;-46.719644105;121.3393333273
2038;175881;41033;100687;-82.4739777345;117.8787840565
2039;175908;41070;100696;-45.4456404139;126.4457371355
2040;175928;41072;100701;-43.3688888797;130.9305429845
2041;175948;41071;100703;-44.2881402039;132.4086788039
2042;175968;41068;100713;-47.5672892962;141.4538111205
2043;175984;41064;100718;-50.6578641305;145.4189043846
2044;176000;41072;100715;-42.5212252891;141.5001749589
2045;176018;41072;100715;-42.6811109832;141.3636044866
2046;176034;41079;100735;-35.5254096916;160.7662901684
2047;176056;41075;100716;-39.16078018;141.0254574028
2048;176076;41084;100722;-29.7792825644;146.1043197796
2049;176096;41074;100715;-39.3484480445;138.2218928873
2050;176120;41077;100722;-36.2335601497;144.4156429867
2051;176136;41079;100723;-33.9582256927;144.6065368297
2052;176152;41077;100711;-36.5559761255;132.0772705424
2053;176183;41085;100697;-28.2016272865;117.5188198921
2054;176194;41073;100694;-40.0652923521;113.8233975678
2055;176214;41078;100700;-34.8045083288;119.2515311583
2056;176234;41051;100693;-61.4095097288;111.717706237
2057;176254;41070;100693;-42.110967625;111.1867325965
2058;176274;41065;100666;-46.6909769052;83.762629432
2059;176305;41062;100697;-49.540070652;113.9907670083
2060;176321;41083;100679;-28.5223446846;95.4551128692
2061;176346;41054;100698;-57.2222019819;113.9248658082
2062;176372;41066;100701;-44.8431071295;116.375354469
2063;176392;41019;100712;-91.2207408549;126.7559751383
2064;176412;41063;100698;-46.8205924516;112.2098267041
2065;176428;41061;100693;-49.642796803;106.7803770891
2066;176444;41068;100626;-41.42878464;39.5485884713
2067;176460;41059;100706;-50.5328646986;118.8289253864
2068;176476;41067;100703;-42.4992539826;115.4576037578
2069;176500;41050;100702;-59.4801423546;113.819774954
2070;176513;41053;100719;-56.3380894603;130.118873092
2071;176533;41068;100714;-41.1304207917;124.5535532058
2072;176553;41072;100707;-36.9436932483;117.0264039919
2073;176573;41058;100729;-50.6878021245;138.3922345968
2074;176594;41056;100719;-51.2488474349;127.418838971
2075;176614;41079;100709;-28.853680974;117.011935151
2076;176633;41060;100720;-47.8129576699;127.4426600541
2077;176658;41068;100727;-39.8021837099;133.4573108998
2078;176678;41060;100714;-47.8001169973;119.7866570939
2079;176698;41062;100725;-45.8142570808;130.2441550057
2080;176718;41053;100726;-54.7844484569;130.6999706244
2081;176743;41055;100726;-52.6573835284;130.4884666371
2082;176759;41068;100729;-39.1944517222;132.7298723619
2083;176775;41065;100748;-41.7988075294;150.5776715818
2084;176796;41050;100733;-56.4090917378;134.9747627351
2085;176816;41065;100729;-41.1136906344;130.4550723337
2086;176836;41059;100732;-46.7892323277;132.9236967426
2087;176862;41059;100733;-45.9160758746;132.7936216954
2088;176878;41066;100726;-38.5434158783;124.9780063227
2089;176894;41062;100737;-42.5616409788;135.5085097153
2090;176925;41063;100736;-42.0836207751;133.8555904616
2091;176946;41062;100731;-43.3073830631;128.3348583066
2092;176967;41064;100737;-40.5578533845;133.5892738771
2093;176980;41058;100715;-46.2098559474;110.8633299509
2094;177000;41055;100718;-48.8545807391;113.0102071093
2095;177023;41055;100721;-49.4120651637;115.7776283306
2096;177049;41059;100723;-45.0768803223;117.3170404477
2097;177069;41038;100715;-65.2125645071;108.7293031472
2098;177074;41063;100714;-39.8879432461;107.1636867661
2099;177094;41063;100707;-39.1400459085;99.5510428797
2100;177118;41055;100695;-47.4763916874;87.2909752486
2101;177138;41055;100710;-47.8142994537;101.950614712
2102;177158;41056;100716;-47.1583159182;107.5828503744
2103;177173;41047;100701;-56.1808089689;91.9528715137
2104;177204;41048;100712;-54.2431381116;102.4628793986
2105;177220;41053;100718;-49.2313255675;107.9762592653
2106;177243;41053;100710;-49.3369716086;98.4986168769
2107;177267;41052;100715;-49.7591778926;103.2926415207
2108;177287;41054;100726;-47.1979432011;114.0889388256
2109;177298;41051;100730;-49.7130348703;117.5194246095
2110;177318;41054;100733;-45.9713041193;119.7754306669
2111;177338;41065;100726;-34.4910161104;112.247004837
2112;177354;41054;100738;-45.7563243353;123.6082711722
2113;177385;41070;100744;-29.3585253202;129.3569770949
2114;177413;41053;100741;-46.1961328585;125.5008544249
2115;177433;41044;100734;-55.0209387019;117.7177328479
2116;177453;41063;100749;-35.9420525968;131.8626093515
2117;177453;41046;100755;-52.692576861;137.1643494168
2118;177473;41048;100693;-50.7706315835;75.2515676492
2119;177504;41062;100748;-36.6839613802;129.6099145166
2120;177522;41056;100748;-42.4120011997;128.3185769714
2121;177542;41058;100753;-40.2221713197;132.7539806488
2122;177570;41045;100754;-52.9343594966;133.4937315579
2123;177583;41048;100757;-49.7046854017;135.8416789638
2124;177603;41050;100741;-47.4943243567;119.2482081667
2125;177623;41036;100734;-61.2150727277;111.6927676911
2126;177643;41049;100730;-48.0022749676;107.1601673855
2127;177660;41048;100727;-48.6271692133;103.5239455582
2128;177676;41049;100725;-47.4592660077;100.7347563773
2129;177701;41041;100715;-55.5454068657;90.4324164663
2130;177715;41039;100722;-57.4077677648;97.0218331102
2131;177735;41044;100723;-51.9709015187;97.4581568642
2132;177755;41041;100691;-54.5202517431;65.05696797
2133;177786;41049;100697;-46.3550993729;70.4109715064
2134;177802;41038;100701;-57.2046403805;74.0181458018
2135;177818;41039;100712;-56.4131078138;84.85234326
2136;177834;41028;100702;-66.543860788;74.4796470906
2137;177856;41040;100700;-54.486661469;72.1112683177
2138;177876;41043;100708;-51.533883928;79.7087899552
2139;177898;41039;100707;-55.0594277045;78.2077095061
2140;177918;41033;100694;-60.5276206495;64.7730202488
2141;177936;41037;100721;-56.1770383943;91.2850790832
2142;177968;41039;100708;-54.3815109858;78.104321894
2143;177984;41007;100706;-85.8811540911;75.7922238117
2144;178008;41040;100708;-52.6122151553;77.2803769668
2145;178028;41045;100722;-47.3928366108;90.7036270873
2146;178052;41033;100722;-59.074227426;90.2305851738
2147;178072;41036;100714;-55.7547264211;81.8753329554
2148;178088;41024;100721;-67.4646793322;88.2362101126
2149;178104;41002;100757;-89.1679181411;123.5836972052
2150;178120;41039;100731;-51.7809060236;97.098340053
2151;178143;41046;100748;-45.3662153222;113.4548975957
2152;178167;41040;100730;-51.1823288647;95.0034970249
2153;178187;41035;100741;-55.8995062767;105.5019172882
2154;178207;41039;100748;-51.6379758023;111.9680359402
2155;178229;41042;100739;-48.2069209974;102.2711207729
2156;178245;41044;100762;-46.0443215771;124.5605900331
2157;178261;41040;100743;-50.0981113181;105.3550122498
2158;178277;41045;100734;-44.7546059185;95.8870557735
2159;178301;41034;100741;-55.4196592079;102.3545407146
2160;178321;41030;100744;-59.1579084419;104.8232318903
2161;178341;41033;100738;-55.9125344293;98.3246008451
2162;178363;41034;100736;-54.4385847124;95.6194136947
2163;178379;41028;100736;-60.3137550966;95.1302065326
2164;178395;41025;100733;-62.5728392172;91.7819812898
2165;178426;41027;100721;-59.9548752039;79.3180001565
2166;178449;41025;100713;-62.0532817295;71.1111878955
2167;178469;41018;100718;-69.1612783453;75.8720798232
2168;178482;41017;100717;-69.8215188028;74.46745984
2169;178502;41030;100712;-56.4075762994;69.0223918031
2170;178522;41024;100713;-61.9649457055;69.5741007219
2171;178539;41019;100701;-66.5660421042;57.4410229378
2172;178557;41032;100707;-53.4770062528;62.9829143094
2173;178575;41020;100711;-64.8591067967;66.59494677
2174;178603;41023;100723;-61.5388383828;78.221346397
2175;178623;41024;100708;-60.2863278516;62.9208048106
2176;178631;41023;100715;-61.0114531182;69.5722239892
2177;178651;41019;100715;-64.5161291136;69.2184747969
2178;178671;41018;100718;-65.0173349088;71.8515084304
2179;178708;41022;100721;-61.1386798724;74.2393077652
2180;178725;41016;100732;-66.5601412254;84.94380724
2181;178753;41014;100724;-68.6566065728;76.6892168745
2182;178766;41022;100715;-60.4434626188;67.2243282272
2183;178786;41025;100726;-57.2342525184;77.5939117563
2184;178812;41020;100720;-61.5770732652;71.3835560611
2185;178815;41016;100716;-65.2135967721;67.0680264665
2186;178835;41025;100734;-55.95110762;84.7390098187
2187;178863;41007;100725;-73.6042431648;75.4141473503
2188;178881;41014;100725;-66.2935185573;75.0506257116
2189;178894;41022;100727;-58.0233393274;76.6729394241
2190;178914;41023;100728;-56.7609617581;77.3007494388
2191;178934;41019;100729;-60.4799166113;77.9255422417
2192;178965;41011;100735;-68.0249575678;83.372381054
2193;178982;41004;100742;-75.0949489804;89.6766549374
2194;178998;41014;100740;-64.4489439262;87.266806561
2195;179018;41024;100738;-54.3662523754;85.056686854
2196;179038;41010;100776;-68.0437258409;122.5780473982
2197;179063;41016;100743;-61.5590237408;89.1392845367
2198;179083;41024;100747;-53.1410529316;92.6679883456
2199;179103;41006;100738;-70.6343294191;83.2440587553
2200;179123;41024;100729;-51.8915020225;73.7950181101
2201;179139;41028;100732;-47.7055947224;76.3503499017
2202;179155;41026;100724;-50.0106695197;68.0959106785
2203;179194;41010;100724;-65.6276813257;67.6715897173
2204;179214;41015;100726;-60.3224007312;69.2856712749
2205;179234;41021;100701;-54.0485522676;44.0265352278
2206;179239;41009;100731;-65.7382761882;73.625203524
2207;179259;40982;100705;-92.4354031059;47.0406351927
2208;179275;41015;100720;-59.3513900277;61.9527745335
2209;179306;41019;100716;-55.3858256078;57.9567385074
2210;179322;41010;100716;-63.5651061904;57.64484006
2211;179348;41004;100733;-68.9774042818;74.0042290669
2212;179367;41000;100721;-72.6685232902;61.7109256933
2213;179387;41010;100725;-62.524030809;65.5406149894
2214;179404;40999;100735;-73.104981496;75.1595536109
2215;179424;41012;100721;-59.6135108425;60.7630707603
2216;179445;41022;100740;-49.4396222659;79.3409815987
2217;179464;41031;100724;-40.4896413065;63.0571445261
2218;179480;41008;100747;-63.2515779679;85.6234213406
2219;179492;41022;100737;-49.0042938749;75.2214490063
2220;179512;41017;100741;-53.7045540919;78.7857388392
2221;179532;40996;100730;-74.3010788479;67.4070505295
2222;179571;41013;100739;-57.3506912926;76.1061743963
2223;179587;41008;100761;-61.9921896405;97.5078800566
2224;179606;41007;100746;-62.3667196189;81.9264587366
2225;179626;41012;100760;-57.5070294562;95.676830097
2226;179650;41000;100743;-68.8154785913;78.5243364654
2227;179672;41021;100753;-47.0680429097;88.1454389719
2228;179692;41031;100808;-36.3484712941;142.3930094938
2229;179712;41025;100776;-41.5997569104;109.8041918119
2230;179732;41013;100792;-55.8002238622;125.5288068647
2231;179748;41019;100782;-49.7621420754;114.45627783
2232;179764;41017;100798;-50.6383656363;129.1026051488
2233;179788;41004;100804;-64.0684851094;135.0402328318
2234;179796;41008;100791;-59.8079775298;121.4769798595
2235;179816;41020;100802;-47.3938324463;131.7739704157
2236;179836;41032;100798;-35.0407776578;127.0943111585
2237;179857;41019;100790;-47.5464738949;118.4138440239
2238;179877;41010;100793;-55.9732606794;120.694780958
2239;179911;41030;100806;-35.1913039393;133.3952498015
2240;179929;40990;100787;-74.3340805179;113.759310765
2241;179942;41011;100788;-53.1418076749;114.079305296
2242;179962;41021;100788;-43.1506526996;113.3323472968
2243;179992;41021;100791;-44.4099855533;116.081627199
2244;180013;41020;100791;-44.9520114967;115.4069333497
2245;180025;41010;100781;-54.6586069107;104.7127578121
2246;180045;41021;100792;-43.445171985;114.8264907821
2247;180061;41021;100787;-42.7181312964;109.2887522122
2248;180077;41018;100777;-46.5183198507;99.1357365958
2249;180111;41019;100785;-44.9629851567;106.5987773568
2250;180131;41015;100796;-48.4219428052;116.9762308688
2251;180144;41016;100784;-47.0822731792;104.4604364266
2252;180164;41004;100796;-58.7316209968;115.9417991316
2253;180180;41026;100794;-36.5567296177;113.2981203361
2254;180196;41031;100785;-31.596302516;103.6619877427
2255;180209;41018;100792;-44.3399896587;110.058106208
2256;180229;41015;100789;-46.9645459616;106.6753128342
2257;180262;41007;100776;-54.5030559394;93.1552414444
2258;180282;41010;100796;-51.1536292939;112.4501440341
2259;180302;40998;100782;-62.7454164704;97.8179151921
2260;180324;41013;100815;-48.1398045154;130.4486148572
2261;180341;41016;100801;-44.8989128964;115.9719323093
2262;180357;41011;100783;-49.4067914122;97.4076628814
2263;180387;41010;100799;-50.1406226708;112.6289857045
2264;180407;41022;100805;-38.1630690466;118.018438162
2265;180426;41003;100818;-57.0288529006;130.4203396156
2266;180446;41102;100817;41.6780787885;128.9411162543
2267;180466;41016;100799;-44.1838560188;110.5551698362
2268;180482;41002;100795;-57.590429136;105.7954678577
2269;180498;41013;100807;-45.8655636467;117.0795211975
2270;180517;41011;100817;-47.7620112154;126.4348836662
2271;180542;41008;100823;-51.0268529216;131.8010152162
2272;180561;41011;100822;-48.0962869395;130.2290522002
2273;180585;41013;100819;-46.0787905983;126.6154227918
2274;180605;41013;100826;-45.9779545434;132.9312647448
2275;180630;41016;100814;-42.654436737;120.2863047658
2276;180650;41012;100810;-46.2372323414;115.6626784009
2277;180675;41017;100823;-41.5050354462;128.3018175622
2278;180682;40914;100813;-143.7646116127;117.7095630474
2279;180702;40994;100778;-62.3694723985;81.8501815243
2280;180729;41011;100803;-44.8120390351;106.4223275836
2281;180749;41019;100803;-36.5761826702;106.0866221151
2282;180765;41007;100817;-48.5906679767;119.4046527493
2283;180785;41018;100816;-37.8080978812;117.6433932667
2284;180803;41004;100827;-51.7332085351;128.0477654481
2285;180821;40989;100822;-65.8018683921;122.5116999059
2286;180850;41008;100818;-46.5601164348;117.79650947
2287;180872;41004;100799;-50.5376753884;98.2555508091
2288;180892;41005;100730;-49.6792412369;29.1583801159
2289;180912;40992;100809;-62.7569738218;107.666981744
2290;180930;41003;100828;-51.0194528585;125.9806551052
2291;180948;41007;100821;-46.7442487157;118.2413934603
2292;180964;40992;100814;-61.4944697589;110.7335723656
2293;180980;41001;100801;-52.2832920288;97.4428539987
2294;181012;41012;100820;-40.7146430231;115.8140182585
2295;181032;41009;100825;-43.221850587;120.1215852384
2296;181052;40996;100809;-55.6650818441;103.5122095921
2297;181075;40991;100806;-61.1966595909;100.0628007173
2298;181091;40962;100816;-89.7695645326;109.677992001
2299;181107;40933;100820;-118.4137882216;113.0977042232
2300;181123;41000;100815;-50.9344433622;107.2287466582
2301;181147;40992;100801;-59.471443778;92.9341984349
2302;181173;40996;100792;-54.8233944521;83.4495466193
2303;181193;40996;100797;-54.1767934164;87.9344759025
2304;181213;41002;100811;-47.5614770946;101.351656706
2305;181232;40986;100798;-63.2550949383;87.8947177457
2306;181249;40982;100819;-67.6135499744;108.541522375
2307;181265;40988;100804;-60.9587525743;93.3307644463
2308;181281;40991;100799;-57.2150286442;87.7116997292
2309;181302;40991;100829;-56.8106523844;117.0090687378
2310;181322;40987;100825;-60.7332655552;112.477857183
2311;181342;40979;100813;-68.6173396893;100.0095098645
2312;181365;41007;100831;-40.6213399949;117.4790022907
2313;181381;41004;100813;-43.4158617581;98.8843842361
2314;181412;40982;100829;-64.9559731628;114.1000647918
2315;181419;41007;100761;-39.8154723438;45.9185869304
2316;181439;40976;100827;-70.4901470797;111.5517678239
2317;181457;40983;100808;-63.1544192405;92.2015258613
2318;181477;40990;100822;-55.837063369;105.7775215204
2319;181497;40974;100822;-71.4410395766;105.3562053296
2320;181532;40984;100810;-61.4096586013;92.4556161462
2321;181548;40956;100822;-88.4281603979;104.0383375985
2322;181564;40994;100819;-50.6421130606;99.9358953229
2323;181586;40980;100826;-65.5023186787;107.369470922
2324;181603;40994;100827;-50.39896682;107.6619075625
2325;181623;40999;100831;-43.8872052811;110.7414543774
2326;181649;40996;100817;-46.5327948059;96.2347555329
2327;181669;40986;100823;-56.7953684149;101.8864019125
2328;181691;40989;100820;-53.7760100726;98.2034863428
2329;181707;40994;100826;-49.0313865456;103.6733341999
2330;181723;40995;100838;-47.4565824644;115.2717065893
2331;181748;40981;100807;-60.8796589463;83.6039909645
2332;181778;40996;100813;-45.8846519158;89.1981664895
2333;181798;40997;100814;-44.9684790049;89.8861115109
2334;181805;40973;100814;-68.7446750285;89.4472493326
2335;181825;40988;100787;-53.8064872271;62.0502471343
2336;181841;40983;100800;-57.5808860677;74.5464477004
2337;181873;40994;100807;-46.6129486482;81.391456266
2338;181884;40967;100817;-73.1410736703;90.8235707897
2339;181904;40971;100816;-68.4067531577;89.0747012359
2340;181925;40985;100816;-54.6495471801;88.8491914963
2341;181953;40988;100806;-50.6775515268;78.5765655977
2342;181968;40980;100807;-58.3967627053;79.2092571263
2343;181988;41005;100801;-33.774695586;72.8615385416
2344;182005;40984;100805;-55.6011896234;76.2343560544
2345;182022;40974;100818;-64.1747006894;88.3129223618
2346;182044;40988;100822;-50.6638686803;92.6837862161
2347;182075;40979;100801;-58.7863803075;71.0293507597
2348;182086;40984;100806;-53.5009595674;75.5377714709
2349;182106;40986;100793;-51.2458305748;62.0358415997
2350;182126;40969;100818;-68.0000976905;86.7367029807
2351;182146;40969;100803;-67.8491797956;71.8409725991
2352;182164;40971;100797;-65.128237168;65.2906477985
2353;182188;40972;100817;-63.449093094;84.5163384089
2354;182198;40966;100823;-69.1662355026;90.0454907077
2355;182218;40974;100792;-61.0741148721;58.7848881213
2356;182238;40981;100810;-54.0184715054;76.4358044366
2357;182266;40967;100801;-67.5731487743;67.3456385891
2358;182284;40968;100823;-66.5637275541;89.1390625934
2359;182300;40970;100811;-64.298210313;76.4763560441
2360;182322;40973;100806;-60.7919961045;70.8026304596
2361;182342;40972;100809;-61.8037060359;73.6545619107
2362;182364;40985;100810;-48.6104349444;74.3827858702
2363;182384;40964;100825;-69.0809822572;88.9192731191
2364;182404;40961;100813;-71.5381985375;76.5180290513
2365;182419;40964;100829;-67.9076684333;92.0706979377
2366;182450;40977;100824;-54.7087435767;86.3370849924
2367;182466;40964;100819;-67.5420593225;80.9512777158
2368;182488;40979;100826;-52.7113733024;87.8365260036
2369;182506;40959;100822;-72.3567166793;83.4119411242
2370;182526;40960;100842;-70.9277453503;102.8245056884
2371;182546;40977;100831;-53.5854879195;91.2946878023
2372;182566;40974;100839;-56.2295108174;98.7271993781
2373;182582;40964;100841;-65.5576547519;100.2210958906
2374;182601;40965;100832;-64.0271776046;90.8002440544
2375;182621;40963;100893;-66.2945222836;151.1204271476
2376;182645;40979;100847;-49.5481884863;104.6409411181
2377;182665;40965;100824;-63.0883674443;81.1561346305
2378;182685;40972;100842;-55.860324737;98.5239949027
2379;182705;40961;100839;-66.5786367937;94.9093682072
2380;182725;40982;100841;-46.2863837219;96.7957755696
2381;182741;40955;100843;-73.4738877847;98.4014358331
2382;182773;40979;100811;-48.2602955193;65.6584169123
2383;182796;40988;100815;-38.6572529559;69.0754328739
2384;182800;40966;100822;-60.2871639057;75.6519640818
2385;182820;40966;100732;-60.1896399142;-14.2043921461
2386;182840;40967;100843;-59.2007918233;96.4284265815
2387;182860;40975;100820;-51.2533693924;73.1787083209
2388;182880;40971;100832;-54.4990502783;84.6810635292
2389;182911;40958;100825;-67.3569412852;77.3464944824
2390;182927;40969;100827;-56.2883706751;79.0149584898
2391;182942;40971;100844;-54.1399277668;95.5360083231
2392;182962;40965;100846;-59.7048800168;96.9164404379
2393;182979;40968;100830;-56.7652591258;80.4593789153
2394;183011;40974;100846;-50.6424461793;95.9996037813
2395;183031;40961;100844;-63.3720560027;93.5473265372
2396;183047;40968;100838;-55.8729845528;86.8948968723
2397;183063;40966;100858;-57.4190264865;106.4295557289
2398;183097;40972;100852;-51.1703656823;100.1811276147
2399;183117;40967;100833;-55.2626520241;80.6697756155
2400;183130;40967;100853;-54.782344932;100.119199951
2401;183150;40965;100867;-56.8772411085;113.5635510245
2402;183170;40967;100854;-54.9835113582;100.0757929802
2403;183187;40981;100865;-40.3891617583;110.4753086676
2404;183203;40970;100880;-51.8647771464;124.7387141003
2405;183231;40956;100863;-65.3253360935;107.1615510425
2406;183251;40966;100831;-55.3938168224;74.6295008751
2407;183275;40974;100861;-47.0495996395;104.0089224294
2408;183280;40965;100887;-55.8174623135;129.4048821372
2409;183300;40968;100884;-52.9188441814;126.1722756948
2410;183330;40965;100885;-56.1136392373;126.5725361173
2411;183346;40977;100891;-43.052418345;131.7428037127
2412;183362;40968;100877;-51.7519505045;117.2257772693
2413;183390;40965;100889;-54.4915449656;128.5494394653
2414;183410;40924;100898;-94.8572494376;136.7743167923
2415;183426;40976;100905;-42.5863311426;143.1091553661
2416;183446;40952;100897;-66.1982820043;134.5391945503
2417;183466;40966;100890;-51.881833732;127.0076487747
2418;183483;40963;100897;-54.9604145666;133.1425688507
2419;183516;40968;100900;-49.784583056;135.3415565379
2420;183522;40961;100891;-56.7034375209;125.7365505038
2421;183542;40971;100894;-47.0827453571;128.2147332785
2422;183560;40964;100879;-53.999202835;112.6790991541
2423;183580;40971;100897;-46.4579571843;129.9506033396
2424;183600;40973;100900;-43.9277922042;132.2104086665
2425;183620;40971;100895;-45.3886524913;126.498573629
2426;183640;40952;100876;-64.785916123;107.0020821042
2427;183664;40961;100880;-56.0905744438;110.6721923845
2428;183684;40955;100874;-60.556070848;103.8677720427
2429;183715;40962;100882;-53.2429933162;111.1919293732
2430;183735;40956;100872;-59.0054439948;100.6215900365
2431;183755;40966;100879;-48.8193066349;107.0188223245
2432;183777;40946;100872;-68.8347130783;99.8376988389
2433;183794;40956;100852;-59.1661799168;79.6063783644
2434;183812;40959;100864;-55.5243668036;90.7517490381
2435;183829;40952;100848;-62.5605249633;74.4921143021
2436;183854;40966;100845;-47.8813288243;71.2137327982
2437;183874;40961;100847;-52.1473589102;72.8869005883
2438;183894;40945;100830;-67.3346283916;55.6469352945
2439;183919;40941;100843;-70.7883673173;68.5517649495
2440;183936;40948;100833;-65.2297016058;58.3129737639
2441;183954;40940;100834;-72.8034586739;58.5005551279
2442;183973;40955;100830;-57.4275162696;53.8422903126
2443;183985;40933;100842;-79.143965121;65.7015285126
2444;184005;40960;100832;-52.0773387683;55.8057707291
2445;184039;40943;100824;-68.0447852535;47.5379295692
2446;184059;40930;100843;-79.8262638098;65.9022825715
2447;184075;40934;100814;-74.614132093;36.3681124372
2448;184091;40940;100818;-68.6419329504;40.3383598814
2449;184107;40924;100809;-84.9673197602;31.9246132751
2450;184123;40930;100820;-79.534765151;43.0340936081
2451;184146;40945;100814;-63.6704044386;36.014189662
2452;184168;40939;100831;-69.9101790109;52.77885557
2453;184188;40942;100835;-67.2315432781;56.6071118238
2454;184208;40943;100810;-66.5594890926;31.5618261294
2455;184234;40935;100821;-73.3777047592;41.8139177053
2456;184251;40934;100815;-73.5690464183;35.6529451961
2457;184268;40926;100839;-80.9121868427;59.5628151579
2458;184277;40921;100833;-85.4555343177;53.2956747643
2459;184297;40939;100834;-67.1348651899;53.9078547452
2460;184337;40951;100828;-55.0242047289;47.9318309893
2461;184357;40931;100847;-74.795482381;66.9067310757
2462;184376;40942;100840;-62.5554453705;59.292046466
2463;184394;40940;100844;-64.1694751419;62.7254400078
2464;184413;40940;100846;-63.81807557;64.3691718076
2465;184429;40947;100855;-56.7621751251;73.340637767
2466;184441;40938;100863;-65.7222126153;81.0161514941
2467;184461;40932;100867;-71.8842894949;84.6172516534
2468;184481;40949;100861;-54.0135531497;77.8830983604
2469;184520;40940;100863;-63.3695085926;79.454957204
2470;184540;40938;100869;-65.6059361873;85.0798308582
2471;184555;40944;100864;-58.9384058074;79.4652273494
2472;184571;40924;100889;-78.2305453619;104.0063998561
2473;184599;40940;100861;-61.9678509752;75.5546509512
2474;184619;40941;100852;-60.7342833584;66.1532927035
2475;184639;40956;100853;-45.5771540997;66.7486408801
2476;184644;40948;100861;-53.3333642681;74.3859193275
2477;184664;40899;100915;-101.8221548136;128.026427943
2478;184695;40940;100855;-60.3110162495;67.5767339447
2479;184711;40937;100849;-63.075804044;61.2421654243
2480;184727;40939;100847;-60.9635687832;58.8082637785
2481;184750;40935;100839;-64.3488111819;50.4506312753
2482;184778;40936;100849;-63.0510954031;60.1177336076
2483;184798;40943;100859;-55.8419516389;69.7520442686
2484;184818;40940;100840;-58.6191280919;50.4831548028
2485;184836;40931;100840;-67.0002678008;50.4638374454
2486;184852;40927;100834;-70.8160889318;44.2737669993
2487;184868;40943;100845;-54.6954613126;55.1488579967
2488;184891;40931;100851;-66.5394561981;60.5525290976
2489;184903;40933;100855;-64.2287917262;64.2183867674
2490;184923;40939;100854;-57.8968311647;62.9847119129
2491;184943;40935;100848;-61.5462387516;56.7826608231
2492;184972;40939;100839;-57.0950511996;47.3696220441
2493;184989;40931;100837;-64.7904849613;44.9932291539
2494;185007;40931;100849;-64.8010040503;57.1470802654
2495;185023;40936;100844;-59.6318838861;52.0704791077
2496;185055;40944;100854;-50.9997035822;61.2216163689
2497;185067;40936;100841;-58.5861414788;47.8046427134
2498;185087;40907;100849;-87.1637823215;55.6907506468
2499;185107;40919;100863;-74.80353496;69.5083016371
2500;185123;40927;100873;-66.4118892798;79.048793398
2501;185155;40931;100885;-62.2323071737;90.7090183003
2502;185171;40898;100859;-94.4945417333;64.252494163
2503;185187;40933;100865;-59.6107165328;69.8736805878
2504;185216;40930;100870;-62.2642883974;74.4619489349
2505;185233;40930;100860;-61.9120047995;64.2163852058
2506;185253;40935;100883;-56.5794964728;86.8985767497
2507;185278;40939;100871;-52.5334677319;74.304683544
2508;185298;40935;100872;-56.4846294896;74.6761463626
2509;185314;40923;100865;-68.1815744287;67.5474994377
2510;185330;40942;100890;-49.2074792509;92.182867557
2511;185348;40929;100885;-61.9884498118;86.8311231106
2512;185368;40937;100876;-53.466678321;77.5366036335
2513;185388;40932;100884;-57.921159619;85.2040674137
2514;185410;40945;100885;-45.2749576922;86.0201588248
2515;185426;40937;100884;-52.6791155387;84.0830524811
2516;185442;40929;100879;-59.8438495724;78.0200864945
2517;185473;40927;100884;-61.7103525898;83.5411584689
2518;185496;40925;100890;-63.7341330381;89.1781391622
2519;185519;40923;100880;-65.2437565465;78.4874384563
2520;185539;40929;100866;-58.7711376632;63.8835792513
2521;185546;40936;100882;-51.5050967383;79.5301221409
2522;185566;40962;100860;-25.3791952394;57.5622315169
2523;185595;40929;100860;-57.7163340691;56.8116465877
2524;185613;40925;100871;-61.6687371155;67.4187195764
2525;185638;40924;100861;-62.5555571365;57.4192185355
2526;185653;40925;100852;-61.3384033202;48.117754728
2527;185673;40922;100843;-64.1294871869;38.7932399507
2528;185693;40931;100853;-54.9670995646;48.4197432587
2529;185706;40927;100832;-58.7942049991;27.3157523282
2530;185726;40917;100852;-68.7047436878;47.3523455234
2531;185743;40920;100842;-65.6015892885;37.2204772186
2532;185774;40923;100845;-60.8445964539;39.5584206322
2542;185981;40923;100856;-61.4082760718;50.4892787294
2543;186001;40920;100857;-63.8954963442;51.3678736606
2533;185785;40918;100870;-62.4569623054;65.6143407647
2534;185805;40929;100855;-51.1996774938;50.3612690608
2535;185834;40927;100853;-56.6287056003;46.1455002103
2536;185853;40929;100862;-54.3740372048;54.8599028967
2537;185873;40895;100840;-87.9506421512;32.6857335697
2538;185889;40912;100854;-70.6143640729;46.4424350894
2539;185905;40924;100848;-58.3397673851;40.2303531014
2540;185923;40925;100856;-57.0715436806;47.9793315234
2541;185943;40886;100851;-95.6096610947;42.7545650532
2542;185981;40923;100856;-57.9721401253;47.7590520219
2543;186001;40920;100857;-60.4765410774;48.6512980867
2544;186004;40914;100849;-66.1286719607;40.4618574826
2545;186024;40931;100870;-48.6111010537;60.7393319127
2546;186059;40921;100866;-59.0550091757;57.0121254622
2547;186076;40923;100802;-56.6678203932;-7.0090597859
2548;186101;40905;100862;-74.3255854688;52.6204190188
2549;186121;40921;100862;-58.087144911;52.282018728
2557;186265;40931;100859;-47.3623793428;48.8068970162
2558;186285;40927;100872;-51.1990261629;61.5088057007
2559;186305;40924;100871;-54.0218830914;60.2173053418
2550;186141;40928;100871;-49.5788790969;59.8539980182
2551;186161;40920;100854;-57.3055192578;42.6305058819
2552;186177;40912;100873;-64.9935262179;61.3131312064
2553;186193;40879;100939;-97.5180931432;126.6673434042
2554;186209;40924;100862;-52.2700372339;49.409784541
2555;186225;40921;100864;-55.0082216041;51.1435134721
2556;186241;40922;100834;-53.7527150525;21.0285737586
2557;186265;40931;100859;-44.5946205508;45.8022737377
2558;186285;40927;100872;-48.4451061649;58.5192055386
2559;186305;40924;100871;-51.2817326934;57.2426531805
2560;186333;40908;100867;-66.8470032767;52.6805410912
2561;186349;40912;100881;-62.663193085;66.7533916256
2562;186365;40907;100876;-67.3767564118;61.6071393553
2563;186387;40910;100873;-64.3125373397;58.1626069593
2564;186403;40916;100868;-58.1875165327;52.7537626607
2565;186423;40909;100881;-65.0348513176;65.2420857963
2566;186443;40911;100873;-62.592527639;57.0744762512
2567;186463;40929;100871;-44.2082207114;54.9519440414
2568;186486;40908;100840;-64.4741871103;23.7392095392
2569;186519;40914;100866;-58.2842586886;49.4913297953
2570;186521;40916;100887;-56.0111154229;70.1439032585
2571;186541;40911;100859;-60.6963287495;41.9142466005
2572;186561;40919;100866;-52.4229915703;48.6506864125
2573;186590;40916;100865;-54.8527973565;47.4754839245
2574;186617;40903;100857;-68.1335426249;39.111918366
2575;186626;40920;100852;-50.8476113402;33.9743482837
2576;186646;40909;100843;-61.2434429938;25.0071210103
2577;186666;40911;100843;-59.3746066906;24.9679515437
2578;186693;40919;100855;-50.8552796323;36.5292482023
2579;186715;40918;100849;-51.3583910989;30.2959974634
2580;186735;40899;100859;-69.8428448537;40.1141164835
2581;186755;40905;100860;-63.358987488;40.9282888342
2582;186782;40925;100874;-43.8566237861;54.7909366293
2583;186801;40911;100869;-57.5106650305;49.7632735136
2584;186818;40906;100845;-62.4809483883;25.5333349517
2585;186825;40940;100868;-28.1782674974;48.2347931982
2586;186845;40890;100853;-76.9390541802;32.9313534446
2587;186877;40918;100857;-49.0105044912;36.7935940691
2588;186897;40911;100864;-56.4862706221;43.6870183757
2589;186913;40906;100872;-60.8887774236;51.1157750575
2590;186929;40898;100868;-68.6684394401;46.7804950441
2591;186945;40909;100862;-57.2014269098;40.9686645059
2592;186981;40892;100845;-73.3321486;23.7916933147
2593;186990;40909;100865;-56.1261031382;43.5055455805
2594;187010;40980;100857;14.5607287918;35.1747645188
2595;187035;40914;100864;-51.2833303638;41.9669506595
2596;187055;40904;100862;-61.01176816;39.8167196773
2597;187075;40891;100856;-73.6766674666;33.6975312999
2598;187090;40907;100859;-57.5125274346;36.4635181937
2599;187106;40920;100869;-43.8848539267;46.0463961035
2600;187123;40899;100864;-64.3450627093;40.7493888021
2601;187143;40897;100856;-66.9755459316;33.2183002628
2602;187184;40885;100855;-78.4034799058;31.8757235525
2603;187204;40895;100849;-67.8694797665;25.5749946249
2604;187209;40898;100854;-64.5024767213;30.4066842263
2605;187229;40883;100792;-78.8598097458;-31.2707700705
2606;187245;40894;100852;-67.4166464973;28.4425753504
2607;187277;40895;100857;-66.4729927636;33.1156424264
2608;187300;40887;100840;-74.1268169985;16.2886217654
2609;187312;40889;100849;-71.6842396979;25.1445662139
2610;187332;40886;100837;-74.1467234832;13.0047805806
2611;187351;40900;100839;-59.9756438915;14.8448747629
2612;187371;40892;100841;-67.8795795363;16.666130582
2613;187394;40888;100855;-71.349448503;30.5842704422
2614;187410;40886;100822;-73.1397863818;-2.2787230473
2615;187426;40888;100825;-70.5313757664;0.5806071761
2616;187463;40883;100844;-75.3802626027;19.4167177564
2617;187468;40885;100826;-73.0461301192;1.3990668009
2618;187488;40871;100873;-86.6526931328;48.1485941371
2619;187508;40884;100809;-73.3263615972;-15.7806261634
2620;187524;40874;100795;-82.8361751871;-29.7762103003
2621;187555;40879;100779;-77.3624570816;-45.322517152
2622;187571;40879;100784;-77.2768951492;-40.047933802
2623;187600;40874;100775;-81.8015868226;-48.8586564349
2624;187620;40878;100779;-77.3341362318;-44.6846211051
2625;187629;40867;100776;-87.8646925519;-47.4733297959
2626;187649;40870;100760;-84.2955999576;-63.2965766996
2627;187669;40869;100761;-84.7162649905;-62.136375104
2628;187689;40871;100766;-81.9063405766;-56.7462110666
2629;187706;40853;100775;-99.1538460242;-47.6621802156
2630;187726;40872;100767;-81.0699417738;-55.3208177741
2631;187746;40864;100726;-89.2531846974;-95.6514002338
2632;187768;40867;100778;-85.4869188221;-43.4765510077
2633;187788;40873;100777;-78.6913989896;-44.3174630677
2634;187808;40864;100748;-87.1514369556;-72.9113493793
2635;187828;40865;100786;-86.0665752953;-34.5423819951
2636;187859;40863;100771;-87.5040389855;-49.2171200498
2637;187875;40855;100745;-94.5878611735;-75.0019400597
2638;187900;40860;100777;-88.7545251671;-42.7677808012
2639;187910;40879;100764;-69.2987715064;-55.4697692453
2640;187930;40807;100789;-140.6024568318;-30.2232287306
2641;187963;40858;100773;-88.9659223562;-46.1999349102
2642;187968;40846;100770;-100.4291186423;-48.9982493628
2643;187988;40849;100856;-96.7165021757;36.7690582112
2644;188005;40858;100775;-87.3903814353;-44.0107576086
2645;188041;40860;100769;-85.8213981208;-49.5766927095
2646;188063;40869;100792;-76.5091269958;-26.5968379993
2647;188073;40851;100788;-94.0701966013;-30.52328299
2648;188093;40846;100776;-98.5943058948;-42.3293284586
2649;188113;40849;100776;-95.1358270479;-42.1363942987
2650;188133;40854;100802;-89.7046730013;-16.0744754086
2651;188152;40866;100792;-77.4037217179;-25.8119533006
2652;188168;40843;100776;-99.9590716057;-41.5971679214
2653;188185;40851;100793;-91.4476750056;-24.5002473633
2654;188212;40842;100799;-100.2658557594;-18.3223585076
2655;188232;40851;100785;-91.0783615215;-32.0916289875
2656;188247;40860;100794;-81.5067698148;-22.9895887213
2657;188267;40861;100791;-79.7046989362;-25.9060860765
2658;188298;40858;100789;-82.5506479108;-27.7843466146
2659;188314;40881;100802;-59.2310177862;-14.9494066726
2660;188337;40864;100798;-75.8978014134;-18.6819118228
2661;188364;40859;100789;-80.2386280539;-27.7012480219
2662;188384;40848;100805;-90.5669325218;-11.8018656485
2663;188400;40860;100787;-78.3033330069;-29.5949528621
2664;188420;40840;100780;-98.1415176847;-36.2303482038
2665;188438;40860;100794;-77.8297622949;-21.8448613824
2666;188456;40860;100768;-77.787881703;-47.7099820449
2667;188472;40856;100786;-81.3119081461;-29.8319133702
2668;188497;40853;100783;-83.6677017624;-32.3270022645
2669;188516;40859;100778;-77.1952566178;-37.4350056769
2670;188536;40857;100788;-78.7259324036;-27.7285165721
2671;188558;40852;100783;-83.4448465827;-32.2804680645
2672;188581;40845;100786;-90.2185106508;-28.7290432757
2673;188592;40857;100796;-77.9212691463;-18.7577041617
2674;188612;40858;100813;-76.6490619094;-2.4469093831
2675;188639;40854;100802;-80.0476297455;-13.0450769011
2676;188659;40853;100797;-80.4542510245;-17.5434070854
2677;188683;40849;100789;-84.04877682;-25.5892411606
2678;188703;40854;100798;-78.7383756654;-16.8393179029
2679;188722;40850;100796;-83.1792793552;-18.6477304664
2680;188739;40843;100826;-88.953966605;11.5462517013
2681;188757;40853;100798;-79.3275092097;-16.150538821
2682;188775;40854;100781;-77.8251916381;-33.1485363559
2683;188787;40842;100781;-89.2430867089;-33.0390023548
2684;188807;40844;100796;-86.6005022422;-18.0026047119
2685;188830;40854;100786;-75.9131272471;-27.839583815
2686;188850;40858;100786;-71.2539263126;-27.634245058
2687;188876;40839;100794;-90.26118523;-19.7852940038
2688;188898;40841;100785;-87.9482231059;-28.8580995087
2689;188914;40835;100786;-93.7613051179;-27.530249087
2690;188932;40856;100777;-72.4532147611;-36.2105739386
2691;188957;40851;100777;-77.8651615652;-36.1122815922
2692;188971;40834;100803;-94.6974181289;-10.0840570406
2693;188991;40839;100795;-89.4521027263;-17.9717410234
2694;189019;40847;100795;-80.6034292502;-17.826494762
2695;189039;40832;100801;-94.4826793109;-11.719841574
2696;189058;40846;100801;-79.3162279023;-11.8674935276
2697;189076;40836;100799;-88.7427929888;-13.5214335036
2698;189091;40843;100812;-81.3589899482;-0.5396597847
2699;189111;40838;100799;-85.9692074764;-13.5601921512
2700;189136;40846;100821;-77.7625979898;8.2792051754
2701;189156;40847;100808;-76.6002516498;-4.7989604731
2702;189179;40842;100824;-81.5018615064;11.4454817144
2703;189195;40851;100817;-72.0558597404;4.3683813956
2704;189211;40849;100829;-74.3912583393;16.1936995661
2705;189227;40836;100808;-86.1857119213;-5.1119361584
2706;189256;40841;100808;-80.900521565;-4.930976938
2707;189278;40849;100804;-72.5607803156;-8.8242652916
2708;189298;40883;100827;-38.1047765444;14.0017982666
2709;189318;40830;100792;-90.3846560251;-20.9967443294
2710;189334;40830;100787;-90.2066234104;-25.9146493304
2711;189350;40841;100770;-78.7892631674;-42.3906616149
2712;189366;40849;100792;-70.7479352482;-20.2556742702
2713;189392;40843;100783;-75.8850044635;-29.2987947813
2714;189408;40829;100780;-89.1704413043;-32.2496441115
2715;189428;40838;100767;-79.7366067992;-45.0996529144
2716;189448;40839;100776;-78.3097160332;-35.9957495862
2717;189479;40831;100765;-86.8419389939;-46.4198532808
2718;189495;40867;100766;-50.4952590675;-45.1040125741
2719;189511;40853;100771;-64.2949443126;-39.881464755
2720;189534;40840;100776;-76.4819740704;-34.9126118029
2721;189564;40837;100775;-79.0226683529;-35.8672425134
2722;189584;40830;100782;-85.7510580562;-28.7616258846
2723;189588;40830;100769;-85.3608938224;-41.5550427768
2724;189608;40845;100864;-70.0708754705;53.3898142098
2725;189628;40843;100774;-71.7725428908;-36.2139491118
2726;189660;40825;100768;-88.951814381;-42.469301715
2727;189676;40815;100776;-98.0450743551;-34.3543353951
2728;189701;40817;100757;-96.0434785498;-52.8474581494
2729;189721;40830;100784;-83.093327998;-25.5072558689
2730;189740;40827;100778;-85.4945094003;-31.3868503992
2731;189760;40830;100772;-81.8271552605;-37.268305045
2732;189779;40830;100771;-81.3172236336;-38.1509313438
2733;189795;40824;100771;-86.3035210752;-38.0655485041
2734;189811;40829;100772;-80.8783542277;-36.748154489
2735;189827;40833;100774;-77.6547509659;-34.5938487518
2736;189850;40813;100776;-96.985492804;-32.354386882
2737;189880;40836;100789;-73.6516360707;-19.3153862948
2738;189900;40820;100762;-89.2578686118;-46.133343759
2739;189913;40824;100769;-84.9326382125;-38.9497845963
2740;189933;40817;100790;-91.6621593884;-17.8591009483
2741;189950;40829;100765;-79.4071494305;-42.8799383513
2742;189972;40834;100784;-73.5656893781;-23.602760032
2743;189992;40827;100767;-79.7501754315;-40.3198085301
2754;190210;40822;100752;-84.5439668949;-55.075794293
2755;190230;40831;100767;-75.214017265;-39.6884917074
2744;190019;40819;100771;-84.1160077403;-34.2354945575
2745;190039;40825;100779;-77.7254277016;-26.1043170847
2746;190062;40821;100787;-81.3168005631;-18.0137954993
2747;190078;40825;100777;-79.5467696022;-29.4849958595
2748;190094;40823;100766;-81.1521185194;-40.2906272269
2749;190110;40828;100743;-75.784440692;-62.9822304375
2750;190129;40814;100757;-89.3486012538;-48.745375632
2751;190149;40817;100787;-85.9299410127;-18.6597051005
2752;190174;40823;100770;-79.5433740728;-35.4894629217
2753;190194;40833;100759;-69.2087399677;-46.2650719538
2754;190210;40822;100752;-79.8449755528;-52.8707930029
2755;190230;40831;100767;-70.5385208797;-37.4945154238
2756;190250;40818;100756;-83.0070002943;-48.7169954344
2757;190269;40808;100794;-92.5465000739;-10.9012129323
2758;190289;40835;100796;-65.087189717;-8.6187471435
2759;190323;40816;100777;-83.4313721303;-27.4768673157
2760;190343;40827;100769;-71.9344136363;-35.3080250755
2761;190366;40823;100781;-76.3800557595;-23.0593909205
2762;190382;40828;100790;-70.6361512607;-13.9481265945
2763;190398;40832;100796;-66.3176476474;-7.8204500563
2764;190414;40824;100797;-74.2770325943;-6.7125067402
2765;190430;40819;100786;-78.920264273;-17.5982733269
2766;190457;40817;100786;-80.0408012919;-17.6586444317
2767;190477;40827;100793;-69.3131028533;-10.7286510163
2768;190494;40823;100787;-73.3815706819;-16.5745428812
2769;190514;40825;100796;-71.7275538055;-7.4073888597
2770;190530;40819;100791;-76.8604983525;-12.4744535085
2771;190562;40817;100806;-78.481339651;2.3226719574
2772;190578;40804;100798;-90.6372546451;-5.4346919821
2773;190598;40833;100794;-61.5193398485;-9.5763787359
2774;190618;40824;100785;-70.4412520272;-18.7285343138
2775;190629;40820;100803;-74.1105794458;-0.7028495416
2776;190649;40832;100793;-61.7861909644;-10.4913101353
2777;190681;40826;100798;-67.0097957715;-4.835121222
2778;190697;40824;100781;-68.7715436825;-22.2328763861
2779;190713;40822;100797;-70.3742655348;-6.4910498555
2780;190728;40823;100792;-69.3580562941;-11.2823088341
2781;190748;40835;100798;-57.5917420197;-4.9726575907
2782;190780;40812;100797;-79.4849499835;-5.958857425
2783;190800;40826;100788;-64.4515673665;-14.9799167329
2784;190818;40818;100773;-71.4587344966;-30.1306404681
2785;190834;40820;100780;-68.9000205524;-22.9873629101
2786;190850;40826;100774;-63.402999231;-28.528742029
2787;190881;40817;100760;-71.7244326264;-42.2420589052
2788;190894;40777;100756;-111.1233568782;-46.0995115613
2789;190914;40823;100744;-64.8521867078;-57.9226132999
2790;190935;40807;100731;-80.6868636403;-70.4911466329
2791;190955;40811;100726;-76.5612932453;-75.0092686847
2792;190985;40800;100719;-87.4633491261;-81.7997226808
2793;191001;40815;100714;-72.1869505108;-86.1415728301
2794;191017;40819;100712;-68.299678261;-87.3768465729
2795;191042;40794;100711;-92.1373976695;-88.0665199449
2796;191062;40804;100721;-81.065675747;-77.8284322859
2797;191083;40800;100713;-84.4396531776;-85.3434268191
2798;191103;40802;100705;-82.1906943653;-92.669060747
2799;191119;40801;100715;-82.2516125143;-82.3013516786
2800;191135;40793;100703;-89.289833171;-94.1156084628
2801;191151;40800;100717;-81.8708305956;-79.8564736562
2802;191183;40795;100712;-86.4651789255;-84.1266111468
2803;191204;40797;100671;-84.1537934353;-124.5976701565
2804;191224;40792;100705;-88.8471711012;-90.2918038979
2805;191244;40785;100701;-95.507773208;-93.9681735157
2806;191257;40793;100701;-87.0764482584;-93.5453019679
2807;191277;40791;100688;-88.4852072759;-105.9876170116
2808;191293;40802;100690;-77.0482147708;-103.2790228048
2809;191309;40787;100675;-91.0940961652;-117.9610734286
2810;191328;40782;100688;-95.3225970835;-104.7168138419
2811;191348;40785;100680;-91.111710572;-111.6855311289
2812;191379;40790;100673;-85.9243636445;-118.5507114479
2813;191399;40795;100679;-80.7728886339;-112.3707539993
2814;191408;40791;100689;-84.5692972444;-101.8584912288
2815;191428;40773;100698;-102.8514267761;-91.8817580407
2816;191459;40787;100694;-87.4538141598;-95.1055066892
2817;191475;40800;100689;-73.7048439007;-100.0223592406
2818;191493;40794;100687;-79.0256172116;-101.6422542487
2819;191513;40782;100691;-90.5109578207;-96.8923963279
2820;191533;40783;100680;-89.0036077647;-107.0899334851
2821;191558;40779;100672;-92.5905437736;-114.0529690083
2822;191574;40785;100671;-86.3037003599;-114.9851806744
2823;191590;40779;100683;-91.1852629913;-102.871995121
2824;191613;40786;100682;-83.924065568;-103.7200252422
2825;191629;40767;100687;-102.625702124;-97.2636337973
2826;191664;40778;100657;-91.1516068917;-126.7264221606
2827;191677;40780;100660;-88.5108346833;-123.1059579004
2828;191697;40773;100662;-94.6181479083;-120.4251475748
2829;191717;40782;100663;-84.7728912463;-118.7523349219
2830;191733;40777;100646;-88.70825624;-135.206638093
2831;191752;40779;100653;-86.6427149593;-128.1123986581
2832;191784;40772;100640;-92.0738107373;-140.2297248863
2833;191790;40770;100595;-93.4429646981;-184.2175575963
2834;191810;40802;100630;-60.4927531606;-148.3024887926
2835;191829;40757;100661;-104.9568896438;-116.9151182101
2836;191849;40779;100648;-82.7069322371;-129.5750013057
2837;191888;40781;100653;-81.4598258826;-123.7740446009
2838;191904;40791;100638;-71.029044944;-137.5993111913
2839;191920;40770;100634;-91.4255908715;-141.0618178515
2840;191931;40779;100654;-81.6170109439;-120.5075337247
2841;191951;40782;100668;-77.396260824;-106.0073010317
2842;191978;40786;100672;-71.7494251634;-101.2780636066
2843;191998;40787;100673;-69.351376528;-99.4821007061
2844;192014;40797;100685;-60.4614164906;-87.4719588339
2845;192030;40794;100684;-60.7060890429;-86.3265856023
2846;192061;40783;100709;-78.0152503217;-63.3441651596
2847;192083;40812;100714;-48.0629437253;-59.6448235052
2848;192106;40812;100747;-47.0624601334;-25.1745660245
2849;192126;40818;100758;-40.2428960718;-12.373880402
2850;192146;40816;100747;-41.4144225488;-21.5184978894
2851;192165;40825;100744;-32.0914723225;-27.0646971736
2852;192181;40821;100750;-33.1932370266;-22.2586695239
2853;192197;40825;100765;-32.024133462;-8.6170295513
2854;192213;40820;100763;-37.0699290498;-9.5027561955
2855;192233;40821;100735;-35.8561282557;-35.1254642766
2856;192261;40816;100758;-37.9968761103;-11.8334089238
2857;192282;40814;100751;-39.798676102;-19.0214371874
2858;192302;40822;100732;-31.8750476371;-38.1107935951
2859;192322;40810;100756;-43.8923633065;-14.3210834933
2860;192338;40818;100745;-35.8392715674;-24.7238829619
2861;192354;40816;100748;-38.5128835781;-21.6490039133
2862;192371;40827;100770;-26.1679039989;-0.2112614455
2863;192390;40833;100760;-20.1497506412;-10.9408181619
2864;192417;40812;100758;-41.4996951512;-12.6480979031
2865;192437;40816;100762;-37.6433105955;-8.0097636583
2866;192457;40825;100752;-28.832985666;-17.3215986417
2867;192484;40823;100757;-29.096191266;-13.8612498033
2868;192503;40830;100757;-22.2786754597;-13.5611554897
2869;192520;40817;100744;-35.0871389635;-26.0373064219
2870;192544;40819;100725;-33.4450431914;-44.2837380989
2871;192555;40825;100725;-27.3424251685;-43.9964904335
2872;192575;40829;100737;-22.9754936793;-31.9758357031
2873;192595;40824;100713;-27.5842655816;-55.8359554643
2874;192625;40822;100719;-28.986382688;-48.7547635937
2875;192641;40817;100721;-35.4088569161;-48.22275
2876;192657;40824;100712;-25.7966713862;-57.5990825536
2877;192673;40810;100710;-38.7096751155;-58.9580516439
2878;192706;40829;100711;-19.9704635116;-56.327992609
2879;192710;40805;100710;-43.7756290333;-56.8799086787
2880;192730;40804;100718;-44.5400896973;-48.1048474732
2881;192750;40809;100731;-39.1467021372;-34.5954285303
2882;192770;40820;100734;-27.8094749641;-31.101877547
2883;192802;40830;100739;-15.7420906899;-26.0998952484
2884;192818;40827;100755;-18.6882304017;-10.3684048391
2885;192842;40834;100752;-12.115110306;-13.0284766353
2886;192870;40839;100758;-6.3011640621;-6.6832286832
2887;192890;40828;100757;-16.5678307166;-7.4261846902
2888;192910;40840;100760;-3.8951613994;-4.1843432509
2889;192926;40843;100753;-0.9730531026;-10.7990262455
2890;192942;40834;100730;-10.2746111481;-33.3328861133
2891;192958;40829;100772;-15.4934220323;8.4513928207
2892;192974;40823;100771;-21.542868714;7.5768286527
2893;193001;40839;100766;-5.0359695469;2.1219486279
2894;193017;40839;100777;-5.3137090622;13.3919567363
2895;193037;40846;100771;0.4807373069;8.5689764549
2896;193057;40834;100746;-12.6650105181;-15.1288521857
2897;193077;40822;100742;-25.2571545662;-19.3755714296
2898;193093;40826;100756;-19.2365828607;-7.8456917778
2899;193125;40846;100774;2.8611159621;6.7116188012
2900;193131;40836;100819;-7.6584587799;51.4871433124
2901;193151;40831;100782;-16.8221192555;15.9998673427
2902;193180;40837;100774;-12.911896211;8.2350145742
2903;193200;40833;100757;-16.3476178657;-9.5229805573
2904;193229;40826;100742;-23.5372971026;-25.2168910611
2905;193245;40829;100760;-22.6508981824;-6.6646542474
2906;193261;40841;100690;-11.087730598;-75.7764922282
2907;193277;40845;100776;-9.0536805131;10.8797623507
2908;193294;40839;100744;-13.6540641268;-21.2021601744
2909;193314;40828;100744;-22.3790905555;-21.4704750563
2910;193348;40819;100755;-31.7777411446;-11.7160288455
2911;193364;40829;100747;-23.6461985113;-18.956907201
2912;193384;40803;100761;-52.166031457;-3.8680644853
2913;193400;40829;100730;-26.6357450648;-35.0000243119
2914;193417;40815;100720;-41.9868108475;-44.9313808966
2915;193435;40831;100721;-24.1625239161;-45.3909259937
2916;193452;40829;100734;-25.553692698;-33.6993656408
2917;193472;40830;100723;-25.3543708099;-45.8607768327
2918;193500;40840;100706;-21.5396187429;-59.3268171475
2919;193529;40822;100689;-38.8668969592;-76.3912258154
2920;193535;40817;100681;-43.3935003459;-84.1990890907
2921;193555;40814;100707;-45.5391458677;-58.4757013527
2922;193571;40829;100679;-27.5146243963;-87.1077280249
2923;193603;40813;100658;-48.2473258757;-107.1121359412
2924;193614;40819;100657;-42.2181112483;-108.022283237
2925;193634;40808;100657;-52.5014668129;-108.5529464715
2926;193667;40813;100639;-49.5932616592;-125.0728317151
2927;193690;40815;100641;-43.2584770317;-124.0144368598
2928;193706;40800;100672;-57.5808805584;-92.9085688326
2929;193722;40802;100606;-56.4664089989;-156.6812230087
2930;193735;40797;100643;-61.1589121246;-118.4568577879
2931;193755;40804;100637;-53.5572955081;-123.0597071856
2932;193787;40805;100639;-54.6538607549;-122.0321070153
2933;193791;40814;100658;-45.697155699;-102.6816989587
2934;193811;40802;100666;-58.053333701;-94.5316065123
2935;193837;40822;100678;-38.8482680233;-81.8714635623
2936;193860;40819;100688;-39.9264901245;-72.1364325165
2937;193876;40822;100688;-38.2241436915;-71.0585116278
2938;193907;40815;100691;-46.7467358991;-65.9015173331
2939;193912;40825;100698;-36.4450707371;-58.6345722614
2940;193932;40818;100705;-41.3677705254;-52.2599487271
2941;193957;40829;100715;-29.8349555011;-42.0413691994
2942;193977;40827;100720;-31.4726652492;-35.97457406
2943;193997;40812;100710;-45.9947724718;-44.6057578988
2944;194013;40814;100704;-42.1124695037;-51.3641913327
2945;194037;40814;100712;-41.1055774483;-44.4338351317
2946;194058;40811;100699;-43.8623518955;-56.3771534884
2947;194078;40816;100717;-38.7289882262;-37.1554660549
2948;194108;40812;100697;-42.0110606737;-57.3677752043
2949;194113;40805;100701;-48.5188358997;-53.2570349586
2950;194133;40819;100701;-32.7918545783;-53.4522153357
2951;194165;40830;100699;-23.5269646697;-55.4351510098
2952;194187;40817;100739;-37.1543080994;-14.5485662442
2953;194192;40809;100685;-45.0514531183;-68.0904677739
2954;194212;40825;100684;-28.9647989379;-68.4310694106
2955;194240;40818;100684;-36.1505528552;-68.1686335376
2956;194265;40819;100690;-34.0242808917;-62.4690820573
2957;194282;40817;100689;-35.9839210111;-63.1452244267
2958;194302;40807;100747;-46.9055761427;-4.600733424
2959;194318;40829;100679;-25.2834482144;-71.8179585917
2960;194334;40812;100679;-41.6619814201;-71.5122091685
2961;194354;40814;100671;-38.9709605991;-79.3311275552
2962;194374;40816;100653;-36.3114385728;-97.0694651269
2963;194394;40808;100644;-43.6126216722;-105.7651735884
2964;194418;40806;100644;-46.1822826151;-104.900846405
2965;194434;40803;100630;-47.8101193547;-117.9558536553
2966;194465;40818;100632;-31.4382729108;-116.065540522
2967;194481;40798;100658;-51.0040574407;-89.7818421811
2968;194503;40813;100625;-36.8163648573;-121.771117613
2969;194526;40787;100632;-62.7435733042;-114.1360223727
2970;194546;40806;100620;-43.6621477134;-125.4882068767
2971;194566;40810;100610;-39.6016397705;-134.7934809968
2972;194591;40803;100615;-47.3531456224;-128.8139250133
2973;194610;40793;100616;-57.474051578;-126.9101102134
2974;194616;40797;100583;-52.9636484719;-159.1026902339
2975;194636;40806;100685;-42.1923632619;-56.8834505641
2976;194656;40810;100611;-36.4419703664;-130.2955920659
2977;194673;40815;100620;-31.1745488764;-120.7223477585
2978;194693;40787;100611;-59.5256212987;-129.0951314363
2979;194726;40794;100627;-52.1255441214;-112.9124680794
2980;194744;40743;100641;-102.7979888035;-98.5452298478
2981;194761;40805;100630;-41.0581881191;-109.0361921247
2982;194778;40825;100651;-21.3834817422;-87.4433246547
2983;194794;40818;100643;-28.5205075635;-95.1639808539
2984;194814;40815;100642;-31.6690558562;-96.03844189
2985;194834;40811;100636;-35.7982258729;-101.8852435279
2986;194854;40814;100658;-32.9431145049;-79.8445240648
2987;194877;40836;100664;-10.4010511118;-74.0214448609
2988;194893;40833;100683;-14.1469901469;-54.3838110618
2989;194924;40834;100674;-14.1931624148;-61.3860142717
2990;194929;40838;100666;-10.1861817803;-68.970750003
2991;194949;40826;100684;-21.1676418266;-51.2284656533
2992;194969;40818;100668;-28.1094366016;-67.4074071947
2993;194993;40819;100667;-26.4464649227;-68.3518550125
2994;195013;40816;100676;-29.2716355817;-59.0637571896
2995;195045;40823;100670;-22.7591117268;-63.9273784649
2996;195063;40819;100662;-27.0908521641;-72.056958367
2997;195079;40824;100666;-21.5071882322;-67.9301984798
2998;195099;40845;100675;-0.1034431091;-58.7701537949
2999;195118;40832;100681;-13.3071801763;-52.3129772297
3000;195138;40837;100658;-8.6243792634;-74.6921702557
3001;195170;40845;100663;-0.0034252449;-69.2623219086
3002;195176;40837;100660;-7.8668589193;-71.9168135602
3003;195196;40863;100654;18.3788594883;-77.5652080254
3004;195212;40823;100633;-20.942489541;-97.8840509423
3005;195239;40817;100627;-27.3589538447;-103.4748180555
3006;195259;40824;100627;-20.4601590508;-103.0689735365
3007;195291;40822;100610;-22.5010445653;-119.3490043341
3008;195311;40817;100617;-27.4384675104;-111.6561518676
3009;195327;40818;100617;-26.9397146237;-111.2029718128
3010;195343;40824;100485;-20.3184931688;-242.1449359214
3011;195359;40820;100602;-23.7916990953;-124.8285012653
3012;195383;40823;100604;-21.2221093919;-121.9711291778
3013;195410;40829;100604;-15.1249026841;-120.8377108397
3014;195419;40831;100599;-12.9329102635;-125.2392153429
3015;195439;40811;100602;-32.3668278608;-121.8113233383
3016;195459;40835;100588;-7.9214205497;-135.3164343488
3017;195480;40821;100609;-21.7138227357;-113.4556097753
3018;195496;40833;100594;-9.2137741236;-127.5862545017
3019;195528;40819;100576;-22.7415404851;-145.2026848628
3020;195547;40823;100563;-19.2940153796;-157.3161170091
3021;195567;40827;100590;-16.1010654075;-129.4288695969
3022;195579;40818;100600;-25.1135688308;-118.8535300841
3023;195599;40817;100583;-25.7118495387;-135.394945251
3024;195619;40816;100569;-26.3056409632;-148.8697087984
3025;195642;40826;100598;-14.7435962087;-119.4077579741
3026;195658;40821;100581;-20.2498309104;-135.3988348674
3027;195674;40816;100585;-25.4529216759;-130.4990760941
3028;195698;40815;100604;-26.0065294319;-111.1307839469
3029;195714;40813;100583;-27.6761922139;-131.5515018811
3030;195734;40828;100582;-12.4367913681;-131.8871468234
3031;195754;40825;100585;-15.1826092305;-128.2410524405
3032;195779;40827;100582;-12.5763944634;-130.657059156
3033;195795;40822;100588;-17.6339722161;-123.8017079001
3034;195826;40824;100581;-15.4806110312;-129.7630270119
3035;195842;40801;100571;-38.3525571175;-139.2491337655
3036;195862;40822;100569;-17.5107525929;-140.8012119813
3037;195882;40820;100581;-19.659305191;-128.4167788769
3038;195906;40822;100583;-19.2085753993;-125.3457289161
3039;195931;40818;100581;-22.4429763108;-126.8712120089
3040;195947;40813;100577;-27.1297421706;-130.4588286632
3041;195963;40810;100588;-30.508586127;-118.8406482756
3042;195986;40816;100564;-22.9134098653;-142.4947047288
3043;195998;40823;100560;-15.5755712574;-145.7677680756
3044;196018;40813;100549;-25.2127286929;-155.9128154659
3045;196038;40818;100545;-19.8754502666;-159.0417206285
3046;196058;40809;100556;-28.4936081579;-147.2295642746
3047;196078;40823;100553;-13.7454523371;-149.7319161506
3048;196095;40814;100543;-23.3754917972;-158.3062442251
3049;196113;40801;100547;-36.367621243;-153.427055499
3050;196137;40807;100533;-30.102105387;-166.7365573898
3051;196157;40811;100542;-26.1428590495;-157.0342531192
3052;196177;40825;100510;-12.2542066312;-188.1758464787
3053;196195;40806;100517;-31.4090609895;-180.2874938454
3054;196215;40807;100507;-30.7117634955;-189.3106960821
3055;196246;40816;100488;-21.6486542164;-206.7847929266
3056;196262;40831;100500;-6.6066390682;-193.9784860149
3057;196278;40800;100484;-37.0182392484;-209.5179952656
3058;196306;40808;100481;-29.0003878559;-211.431069283
3059;196326;40805;100479;-31.9881380946;-212.2865318252
3060;196346;40803;100474;-33.9666108535;-216.1222758907
3061;196370;40810;100483;-25.7890612052;-205.8054646091
3062;196386;40797;100488;-38.8123466553;-199.6758054381
3063;196402;40803;100476;-32.8500875789;-210.6325544647
3064;196418;40806;100479;-28.7369681379;-206.8775281383
3065;196434;40802;100450;-32.9292869178;-234.59891091
3066;196461;40805;100476;-29.8404193336;-207.5710745778
3067;196481;40810;100483;-24.7111643519;-199.5989597607
3068;196504;40819;100466;-15.7209495931;-215.4023340452
3069;196524;40810;100485;-24.7203629564;-195.2535193044
3070;196540;40800;100479;-34.7690643933;-200.1974443157
3071;196556;40801;100460;-33.3146087625;-218.1708757815
3072;196581;40803;100475;-30.6210933199;-202.2250524816
3073;196601;40779;100495;-54.4510935233;-181.2920252953
3074;196617;40812;100485;-21.3364846099;-190.311863745
3075;196637;40825;100480;-8.1939213006;-194.2962693178
3076;196657;40803;100472;-29.9415229621;-201.2455206804
3077;196685;40819;100477;-14.0680835771;-195.3994473218
3078;196701;40804;100481;-29.0214177893;-190.4104831412
3079;196717;40803;100486;-29.8906672775;-184.324846563
3080;196750;40804;100490;-28.8174720531;-179.3566312193
3081;196770;40817;100473;-15.9551330215;-195.3341328989
3082;196790;40815;100477;-18.0831426787;-190.3365125701
3083;196795;40812;100479;-20.8705184609;-187.4036278203
3084;196815;40813;100498;-18.8528499248;-167.6191542153
3085;196846;40816;100488;-15.3446478001;-176.8215691965
3086;196862;40829;100490;-3.161343626;-174.0413092038
3087;196886;40812;100497;-18.4025648106;-166.2685440893
3088;196907;40817;100508;-14.962332864;-154.7106060143
3089;196919;40833;100492;0.8019393677;-169.8490267398
3090;196939;40825;100526;-7.0373132151;-135.0692441503
3091;196958;40843;100525;11.0028942969;-135.2567497319
3092;196978;40830;100518;-1.8890769294;-141.4007461012
3093;197003;40827;100527;-4.6440189533;-131.8269240045
3094;197018;40830;100514;-1.9025367649;-144.1254951349
3095;197040;40822;100529;-9.4124711327;-128.6449649731
3096;197064;40836;100510;6.0431382361;-146.0241496378
3097;197084;40829;100511;0.3936689882;-143.431840871
3098;197096;40830;100494;0.0594146908;-159.9047503938
3099;197116;40834;100511;-0.7360047246;-143.6016621133
3100;197147;40851;100500;18.3820329043;-154.860891781
3101;197163;40870;100504;37.2337989228;-150.0345435304
3102;197183;40849;100514;16.3268800756;-138.6181256657
3103;197200;40844;100511;11.1921217632;-140.7764007082
3104;197220;40842;100508;9.0281977477;-142.9804238193
3105;197247;40854;100514;20.8707110866;-136.4850889926
3106;197267;40834;100517;0.877682323;-133.1118742363
3107;197283;40844;100523;11.3232064736;-126.1572281106
3108;197299;40846;100523;13.3213340535;-125.6757826875
3109;197315;40845;100524;12.6151921804;-123.9466246603
3110;197338;40853;100527;20.1409076787;-120.1651079495
3111;197355;40851;100526;17.8895748457;-120.5411460718
3112;197375;40850;100544;16.6632864982;-102.032998192
3113;197395;40858;100547;24.3974616981;-98.5423800742
3114;197418;40849;100543;15.8001270921;-102.4671964817
3115;197449;40866;100542;31.5230215103;-102.729795797
3116;197465;40852;100503;17.5912369494;-140.9746453688
3117;197481;40860;100556;25.4376158092;-87.9985764712
3118;197497;40866;100550;31.2660912302;-93.7535816212
3119;197517;40876;100553;41.1038948371;-90.2756320285
3120;197552;40867;100547;31.8284484337;-95.3804935388
3121;197572;40873;100549;37.5340325697;-92.6181146079
3122;197588;40862;100566;26.9964404716;-75.6586658336
3123;197605;40879;100556;44.2210176005;-85.2340118617
3124;197627;40866;100565;31.3326531877;-75.681991051
3125;197651;40861;100570;26.0160674341;-70.1738477325
3126;197671;40877;100549;41.6158726252;-90.5927601635
3127;197692;40862;100574;26.4474454114;-65.4260306593
3128;197712;40873;100572;37.2338864662;-67.2575349348
3129;197733;40877;100579;40.7017271796;-59.9529766416
3130;197749;40929;100551;91.4817265143;-87.815276254
3131;197765;40839;100602;1.8498873943;-36.7120984465
3132;197781;40878;100604;39.923938507;-34.1559017067
3133;197795;40883;100601;44.4111605069;-36.9875616114
3134;197815;40883;100599;43.9032096356;-38.910822293
3135;197850;40879;100604;40.1496261385;-33.61194775
3136;197870;40880;100614;41.3518337332;-23.3670235571
3137;197890;40890;100623;50.9935489343;-14.1257762699
3138;197906;40886;100606;47.1115260921;-31.241765088
3139;197922;40882;100622;42.6119581288;-15.7181300144
3140;197944;40877;100631;37.2320920649;-6.0840472854
3141;197974;40895;100634;55.4460453206;-2.938480224
3142;197994;40900;100620;60.5018290102;-16.8110359204
3143;198004;40888;100610;48.4038639138;-26.7018805346
3144;198024;40873;100608;33.3938495363;-28.8032635263
3145;198041;40892;100611;51.4083921767;-25.9801299642
3146;198057;40875;100617;33.9274680465;-19.8863674256
3147;198083;40877;100618;36.2014827948;-18.639856187
3148;198103;40916;100601;74.7170623944;-35.3976822754
3149;198129;40900;100603;58.4785126036;-33.1753103373
3150;198146;40897;100586;54.7595097092;-49.860203369
3151;198166;40892;100585;48.8638706933;-50.519723242
3152;198182;40889;100589;45.6456247669;-46.539693018
3153;198198;40897;100592;54.2089841369;-43.746253453
3154;198229;40893;100581;49.8552861198;-53.6974405969
3155;198241;40891;100595;47.5572108209;-39.5287187077
3156;198261;40890;100583;46.2967392448;-51.4070131857
3157;198281;40874;100578;30.1174946088;-56.2615638577
3158;198298;40881;100579;36.9446632592;-54.920188947
3159;198318;40878;100567;33.8111143786;-66.4176733961
3160;198350;40895;100570;50.2177195224;-63.5276472292
3161;198366;40885;100603;40.1114992041;-30.4700545529
3162;198382;40896;100560;50.4043402304;-73.1635130527
3163;198398;40884;100571;38.3496128135;-61.8623817945
3164;198418;40888;100572;42.4340653564;-60.5586910223
3165;198438;40885;100574;39.5346511271;-58.2664755262
3166;198466;40887;100586;40.705093386;-45.8042451467
3167;198482;40887;100578;40.8220255371;-53.5386062754
3168;198498;40869;100570;22.6610525743;-60.9862704125
3169;198529;40892;100559;45.2016495824;-72.0119079907
3170;198539;40849;100562;2.2552077936;-68.6802305041
3171;198559;40875;100566;28.2520011917;-64.2013564164
3172;198584;40892;100574;44.9947901847;-55.9117242541
3173;198598;40889;100594;41.8412338991;-35.7628939007
3174;198618;40881;100567;33.8549022079;-62.5144650461
3175;198650;40886;100562;38.4206436187;-67.0226917581
3176;198666;40883;100571;34.6059880038;-57.7357597111
3177;198695;40871;100561;23.2390861658;-67.6857630017
3178;198710;40877;100564;29.2042649913;-64.4039507542
3179;198730;40877;100582;28.6823845262;-46.0380228441
3180;198750;40880;100568;31.1462934336;-59.6032108186
3181;198766;40883;100563;34.086994633;-64.386676573
3182;198782;40886;100575;37.1640968587;-52.3075237319
3183;198798;40889;100558;39.5142673809;-68.7827574202
3184;198829;40883;100563;33.9299105834;-63.4231185583
3192;198993;40865;100530;15.9325557612;-95.7478334188
3193;199013;40884;100537;34.3244340335;-88.3592723748
3194;199033;40869;100528;18.7922465211;-96.9278970108
3185;198841;40856;100563;9.0255009547;-60.2075674113
3186;198861;40886;100572;36.7945368821;-52.2260123993
3187;198881;40885;100556;35.6053850149;-67.8912547515
3188;198901;40876;100547;26.462178907;-76.5131708918
3189;198925;40891;100555;41.2446888296;-68.1769774515
3190;198941;40873;100533;23.1182862026;-89.7324649784
3191;198957;40883;100541;32.9425155887;-81.3301750676
3192;198993;40865;100530;14.4574090704;-91.9210428353
3193;199013;40884;100537;32.8566630762;-84.5516157441
3194;199033;40869;100528;17.3318144186;-93.1392786634
3195;199042;40869;100520;17.0851536316;-100.6697538762
3196;199062;40881;100533;28.731171785;-87.3233342484
3197;199078;40873;100520;21.0621352504;-99.9795218618
3198;199109;40886;100524;34.49043847;-95.3631174174
3199;199125;40907;100527;55.4543169552;-91.8361233021
3200;199145;40887;100542;35.4620932148;-76.5619174315
3201;199159;40868;100515;16.3764820249;-103.015223045
3202;199179;40876;100540;24.2250111005;-77.5510906394
3203;199199;40882;100523;30.0442018083;-94.0038703678
3204;199216;40873;100527;20.9797164119;-89.5663628091
3205;199236;40871;100536;19.1935142109;-80.4643325412
3206;199269;40881;100520;28.4168190891;-95.9174722159
3207;199276;40875;100530;22.2267239475;-85.4426740513
3208;199296;40870;100525;17.1579951774;-89.9010108556
3215;199454;40882;100533;29.3047096666;-81.5388754967
3216;199474;40895;100550;42.2636361551;-64.0869975508
3209;199326;40883;100525;29.6230137624;-89.0102813487
3210;199346;40883;100532;29.462852922;-81.6087720384
3211;199366;40876;100547;22.3384928859;-66.2842702747
3212;199383;40873;100537;19.22975465;-75.9113910198
3213;199401;40881;100548;27.0815601052;-64.5953761612
3214;199420;40884;100542;29.9191065332;-70.2509413768
3215;199454;40882;100533;28.0661194157;-78.6378408695
3216;199474;40895;100550;41.0312388555;-61.2004680967
3217;199479;40878;100541;23.8797148688;-69.866631236
3218;199499;40802;100553;-52.1349101831;-57.7447036697
3219;199530;40876;100543;21.2411167839;-67.6587416921
3220;199546;40847;100548;-7.2618579268;-62.0854797467
3221;199564;40881;100541;27.0293227246;-68.8246120358
3222;199587;40879;100523;24.7518391183;-86.2885534254
3223;199612;40880;100544;25.4269083605;-64.9072049719
3224;199632;40876;100554;21.1626648279;-54.5958510625
3225;199652;40877;100547;21.8940105175;-61.2508348591
3226;199662;40878;100543;22.8492803825;-64.9884204951
3227;199682;40886;100535;31.1573239435;-72.9032666347
3228;199700;40872;100532;17.0641185194;-75.5189277253
3229;199717;40889;100516;33.5631490564;-91.1333534721
3230;199748;40876;100513;20.6445816478;-93.4793658519
3231;199768;40877;100499;21.4175451163;-106.9685836652
3232;199788;40873;100497;17.2110997707;-108.4504509468
3233;199802;40865;100483;9.1593091049;-121.8285561522
3234;199822;40871;100480;15.2353932712;-124.1287495873
3235;199838;40866;100491;10.1721038694;-112.7489836143
3236;199869;40863;100477;6.9159822053;-125.9824559427
3237;199885;40877;100479;21.0065794254;-123.5141353731
3238;199901;40865;100471;8.969937906;-130.9565059939
3239;199921;40864;100460;7.5558882663;-141.1918391962
3240;199941;40860;100483;3.1620888449;-117.5456785081
3241;199969;40869;100460;12.4824331296;-139.6985909591
3242;199988;40859;100489;2.414730115;-110.2612484713
3243;200004;40858;100483;1.2176137737;-115.6938428122
3244;200020;40853;100470;-3.4731197402;-128.1018316875
3245;200041;40864;100480;7.6272587117;-117.5632104013
3246;200065;40861;100467;4.790198552;-130.03296296
3247;200085;40876;100486;19.8566659769;-110.5930540706
3248;200114;40869;100489;12.6167347218;-106.8518600469
3249;200117;40868;100491;11.4926507371;-104.3023767894
3250;200137;40868;100494;10.6497382815;-100.533588125
3251;200168;40868;100489;11.5083961914;-105.4413842407
3252;200184;40863;100485;6.3136906379;-108.7764582063
3253;200203;40873;100505;16.0753759072;-88.2617817876
3254;200223;40867;100501;9.9185708753;-91.8606022243
3255;200243;40866;100490;8.7670712562;-102.4066901164
3256;200269;40856;100502;-0.6994455156;-89.9827614004
3257;200286;40868;100519;10.6793039122;-72.1930061763
3258;200302;40849;100516;-8.3030394066;-74.9894218797
3259;200319;40866;100511;9.1687047175;-79.7779252502
3260;200342;40884;100519;26.3204847745;-71.4193504526
3261;200358;40870;100529;12.1901290802;-61.0939222388
3262;200378;40868;100517;10.3938206828;-72.7049545643
3263;200398;40882;100545;24.5278318838;-44.4577750346
3264;200429;40874;100526;16.9376267084;-63.3219929076
3265;200445;40869;100530;11.7964368821;-58.9290468095
3266;200461;40874;100522;16.7465490461;-66.4283575822
3267;200492;40870;100523;12.1218508746;-65.1941002439
3268;200512;40870;100504;12.10861144;-83.7598377104
3276;200658;40861;100489;3.7048926402;-98.2123765196
3277;200678;40862;100501;4.3909521449;-85.8500218551
3278;200698;40876;100476;18.0071657733;-110.3647873766
3269;200524;40872;100516;14.705566785;-69.8509780649
3270;200544;40878;100542;20.5958003443;-43.6385165719
3271;200564;40873;100516;15.5115827358;-69.2971173863
3272;200580;40860;100508;2.4927862153;-76.9174251966
3273;200598;40878;100507;20.3840836775;-77.5346314679
3274;200618;40839;100500;-18.5290753477;-84.1187517078
3275;200642;40866;100510;8.4223314223;-73.7549513466
3276;200658;40861;100489;3.1866443524;-94.3342318707
3277;200678;40862;100501;3.8752950985;-81.9912679295
3278;200698;40876;100476;17.4940870121;-106.5253272206
3279;200726;40868;100463;9.4740742802;-119.0836605189
3280;200742;40862;100462;3.0519264399;-119.2533048965
3281;200760;40854;100462;-4.5910096213;-118.7292505175
3282;200789;40857;100456;-1.4203535356;-124.1558098428
3283;200809;40860;100439;1.5311107833;-140.4333206227
3284;200829;40869;100454;10.4376612531;-124.7893216475
3285;200841;40854;100469;-4.4356408417;-109.2717281286
3286;200861;40863;100445;4.7657835688;-132.6655973847
3287;200892;40839;100466;-19.2185456674;-111.1123039761
3288;200908;40860;100454;1.8446403661;-122.4552118464
3289;200924;40843;100441;-14.2734146501;-134.857595699
3290;200955;40833;100439;-24.6432362892;-136.0630759005
3291;200975;40849;100441;-9.0210561961;-133.3108035255
3292;200996;40847;100432;-11.1263559191;-141.6113158027
3293;201016;40857;100432;-1.0721864345;-140.9857756141
3294;201035;40852;100413;-6.2464870932;-159.2838531472
3295;201052;40828;100409;-29.5999421097;-162.3996592906
3296;201072;40906;100430;47.9339167592;-140.6400753159
3297;201079;40840;100419;-18.0520557426;-150.8904124303
3298;201099;40841;100402;-17.0901900891;-167.0828804646
3299;201119;40835;100415;-23.09870742;-153.3445101799
3300;201157;40839;100414;-18.6315316887;-153.6010393083
3301;201158;40843;100430;-14.5553615616;-136.9210137611
3302;201178;40827;100449;-30.2795871303;-117.2002834256
3303;201213;40832;100411;-24.9934126239;-154.6047095971
3304;201212;40810;100416;-46.7797839481;-148.8585751727
3305;201232;40838;100416;-18.9387163063;-148.1050714152
3306;201265;40836;100404;-20.8436342382;-159.3381838615
3307;201285;40828;100401;-28.5423096984;-161.5785174069
3308;201305;40823;100415;-33.2166678685;-146.8928710882
3309;201330;40831;100403;-25.5391996781;-157.873675816
3310;201346;40832;100407;-24.3041944625;-153.1050438043
3311;201364;40845;100403;-11.1327027829;-156.3971660485
3312;201385;40827;100406;-28.5519838187;-152.640996074
3313;201407;40846;100398;-10.55168903;-159.4918020909
3314;201433;40833;100397;-23.3077837665;-159.9553867816
3315;201453;40824;100406;-31.884704168;-150.4823574458
3316;201469;40834;100386;-21.6847240042;-169.5820898193
3317;201489;40823;100395;-32.4942342098;-159.5100363094
3318;201512;40820;100380;-34.9964004785;-173.6049391903
3319;201531;40825;100375;-29.9620288088;-177.9735725243
3320;201551;40828;100382;-26.7817623615;-170.0893989292
3321;201571;40828;100369;-26.5733505885;-182.105977566
3322;201591;40820;100362;-34.3255784589;-188.0920963098
3323;201601;40825;100362;-29.1591425743;-187.1330129927
3324;201621;40820;100348;-34.2180792154;-200.306604085
3325;201640;40814;100343;-39.4429646366;-204.2978424068
3326;201659;40812;100333;-41.5003450316;-213.0248333396
3327;201681;40811;100343;-42.5164133633;-202.0258829381
3328;201701;40791;100337;-62.3754496591;-207.2409217924
3329;201719;40806;100330;-47.0568626389;-213.1352443412
3330;201756;40800;100335;-52.6619141939;-207.0571995021
3331;201776;40815;100339;-37.4237073039;-202.0440048441
3332;201796;40806;100346;-46.1414149166;-194.0708502526
3333;201816;40824;100337;-27.7172388745;-201.9471274603
3334;201822;40906;100329;54.0338283227;-208.8879598258
3335;201842;40829;100322;-22.9081479219;-214.8109040695
3336;201870;40828;100327;-23.9776939708;-208.7987608329
3337;201890;40792;100333;-59.8411442411;-201.8217768182
3338;201913;40800;100322;-51.3704371317;-211.724061419
3339;201930;40808;100322;-43.0748159939;-210.6916758344
3340;201946;40805;100324;-46.4781913357;-207.5626657718
3341;201965;40809;100299;-42.1593389194;-231.5024721277
3342;201988;40800;100315;-50.7912042797;-214.2850102684
3343;202012;40806;100327;-44.2507311547;-201.3196999064
3344;202032;40796;100309;-53.6988449534;-218.2795959481
3345;202052;40801;100303;-48.1732942514;-223.2149438428
3346;202076;40797;100302;-52.5931230383;-222.8318940961
3347;202092;40804;100292;-45.3399849968;-231.8531960436
3348;202108;40791;100295;-57.5473041331;-227.898183221
3349;202124;40785;100289;-63.5789863231;-232.6614129089
3350;202147;40794;100294;-54.4262905341;-226.2737202647
3351;202170;40789;100290;-59.2653607785;-229.1267467875
3352;202190;40790;100284;-58.0994632996;-233.9775485004
3353;202210;40783;100294;-64.8999974335;-222.8842006671
3354;202230;40794;100293;-53.1173170573;-222.9942500613
3355;202246;40793;100280;-53.5954144092;-234.9352619577
3356;202262;40787;100289;-59.5616151653;-224.6673017782
3357;202278;40777;100275;-69.0072891547;-237.4036054102
3358;202298;40786;100309;-59.6918734536;-202.2178192653
3359;202323;40785;100295;-60.4877055948;-215.1881754693
3360;202343;40794;100294;-51.3254336448;-215.1910473431
3361;202363;40792;100273;-53.1544339406;-235.0942955135
3362;202382;40782;100280;-63.1486982957;-226.840612024
3363;202413;40785;100260;-58.7891135514;-245.5713682268
3364;202429;40747;100275;-96.3286206858;-229.550466309
3365;202450;40775;100249;-68.2151023174;-254.2753492521
3366;202470;40768;100248;-75.0611825548;-253.9843532173
3367;202490;40781;100258;-61.9741362876;-242.7497077002
3368;202516;40775;100243;-67.2702723721;-256.684355175
3369;202532;40761;100225;-80.8671191515;-273.2352477794
3370;202548;40764;100249;-77.4665747434;-247.5902072025
3371;202564;40762;100219;-79.0501907925;-276.1341024209
3372;202589;40760;100218;-81.0119170747;-276.1291398717
3373;202608;40766;100221;-74.6899290556;-271.914902889
3374;202628;40761;100218;-78.8884755685;-273.3974282945
3375;202648;40759;100219;-80.0789960278;-270.8917918119
3376;202670;40764;100208;-74.8271866753;-280.6618309326
3377;202686;40740;100211;-98.5919943444;-276.3875201511
3378;202702;40761;100214;-77.6747813466;-271.7165649044
3379;202730;40765;100221;-72.8327120657;-263.5085800022
3380;202750;40731;100219;-106.3744651122;-264.1769322672
3381;202765;40762;100222;-75.0262483104;-259.9293109073
3382;202785;40764;100207;-72.6546239325;-273.7219917732
3383;202805;40757;100209;-79.2498153502;-270.5315155133
3384;202823;40751;100212;-85.1195743118;-265.924059021
3385;202855;40759;100227;-76.4179675591;-249.515596894
3386;202871;40748;100208;-86.6933482117;-267.2064218701
3387;202889;40767;100229;-67.4605863719;-245.0714875507
3388;202909;40763;100227;-71.2844719019;-245.9492238652
3389;202924;40767;100241;-67.05320459;-230.8351345105
3390;202944;40755;100247;-78.7131519594;-223.6599004701
3391;202964;40755;100224;-78.3750643564;-245.3752532172
3392;202980;40765;100230;-67.5875896272;-238.3261728293
3393;203011;40765;100252;-67.4731534292;-214.9057972579
3394;203027;40752;100236;-79.9194939628;-229.6779574826
3395;203047;40764;100251;-67.5388639672;-213.638468394
3396;203067;40748;100240;-83.1098349681;-223.5615479999
3397;203087;40757;100241;-73.7278909984;-221.49521871
3398;203104;40753;100230;-77.4887560905;-231.3566787905
3399;203124;40751;100240;-79.6111220486;-220.2414940781
3400;203140;40743;100229;-87.2106741047;-230.2196494621
3401;203172;40751;100233;-78.8148821397;-225.0854126959
3402;203196;40754;100232;-75.0427339257;-224.8108072762
3403;203219;40740;100212;-88.441975618;-243.5631701838
3404;203239;40738;100225;-89.944214874;-229.4321798576
3405;203259;40730;100203;-97.4087087739;-250.196928053
3406;203260;40743;100211;-83.9851364194;-240.9920578049
3407;203280;40683;100206;-142.3027096016;-244.7601294742
3408;203311;40743;100171;-81.9988099449;-278.3448119495
3409;203327;40736;100168;-88.5908956374;-280.0982976265
3410;203352;40726;100170;-98.3433555552;-276.7042052381
3411;203372;40731;100161;-93.1050705685;-284.1622969458
3412;203392;40733;100178;-90.8791292219;-265.7125019308
3413;203416;40730;100162;-93.3484984589;-280.5234835108
3414;203432;40735;100153;-87.9466657589;-288.3361463929
3415;203448;40718;100155;-104.720253276;-284.5981771347
3416;203464;40732;100144;-90.6001658293;-293.741897462
3417;203487;40717;100155;-104.3027142818;-281.4968425258
3418;203508;40723;100154;-97.7395826725;-281.1130281539
3419;203528;40714;100139;-106.2118003678;-294.6411919773
3420;203548;40720;100154;-99.7166909745;-278.2517362165
3421;203570;40724;100136;-94.3329584781;-294.7695388001
3422;203586;40708;100147;-109.9395178606;-282.4396056552
3423;203605;40711;100143;-106.7520592484;-284.9491367588
3424;203625;40707;100143;-110.3819780974;-283.8057524037
3425;203644;40719;100140;-97.7990575441;-285.341549322
3426;203664;40708;100141;-108.1283479004;-282.8457689688
3427;203684;40706;100146;-109.4503696087;-276.3820681231
3428;203708;40707;100126;-108.0311114885;-294.8761821697
3429;203725;40698;100139;-116.95912586;-280.586576959
3430;203743;40711;100133;-103.0212082192;-285.1228680096
3431;203762;40710;100148;-103.3244187341;-268.7125726358
3432;203794;40700;100122;-112.9757547951;-293.1160270209
3433;203810;40672;100115;-140.5849980586;-298.6982682191
3434;203826;40704;100125;-107.8781669331;-287.2448888183
3435;203842;40690;100121;-120.9666516649;-289.8288975958
3436;203880;40706;100131;-104.1470047787;-278.2925419355
3437;203884;40724;100130;-85.6488610687;-277.8939413039
3438;203904;40708;100113;-101.0913462606;-293.3289229823
3439;203924;40715;100146;-93.5856408002;-258.9329141759
3440;203950;40714;100131;-94.8157094405;-272.9562442023
3441;203962;40709;100141;-99.4764530464;-261.6496024502
3442;203982;40702;100158;-106.0504127317;-243.2726226806
3443;204006;40699;100147;-107.9112977087;-253.1612323288
3444;204036;40702;100133;-104.0815184104;-265.7717519581
3445;204054;40709;100155;-96.4663101545;-242.5469152848
3446;204074;40697;100135;-108.03899785;-261.1728072201
3447;204081;40702;100145;-102.5532378645;-249.9067648439
3448;204101;40697;100130;-107.0570602451;-263.5721239228
3449;204121;40702;100135;-101.5885939568;-257.2690842434
3450;204156;40694;100116;-108.9052102677;-274.9811450413
3451;204176;40689;100138;-113.2074313589;-251.7979959617
3452;204192;40696;100132;-105.658724588;-256.5103624266
3453;204208;40697;100135;-104.6018873776;-252.0591334281
3454;204224;40680;100141;-121.1127081389;-244.9704793444
3455;204250;40688;100141;-112.3676335595;-243.7160706482
3456;204275;40707;100143;-92.9025124366;-240.500395286
3457;204295;40699;100139;-100.5229422078;-243.3035608824
3458;204315;40694;100143;-105.1209108807;-238.1328166327
3459;204330;40694;100138;-104.8719419841;-241.871891823
3460;204346;40699;100146;-99.193108271;-232.6656770957
3461;204362;40704;100156;-93.7802828713;-221.4383766169
3462;204382;40700;100170;-97.0655891872;-206.4274890805
3463;204402;40696;100154;-100.3568354332;-221.4054565165
3464;204424;40701;100163;-94.8621530487;-211.4374201135
3465;204444;40692;100174;-103.4827456078;-199.517583169
3466;204464;40698;100159;-97.1359516724;-213.527734009
3467;204484;40679;100165;-115.574808551;-206.3101337974
3468;204516;40692;100167;-102.9543391346;-203.3350316537
3469;204532;40662;100179;-132.0149454509;-190.4401462921
3470;204543;40697;100186;-96.4540720178;-182.5424939374
3471;204563;40709;100200;-83.9882090135;-167.721021873
3472;204583;40705;100195;-87.5044531112;-171.8787381272
3473;204611;40710;100201;-81.9248498216;-164.9969617437
3474;204631;40705;100187;-86.3450968611;-178.0466515963
3475;204647;40703;100188;-87.7788619588;-176.1600149905
3476;204663;40697;100176;-92.9478401673;-187.2238062472
3477;204684;40698;100189;-91.3403691834;-173.5676719867
3478;204704;40704;100197;-84.9533662745;-164.6964112914
3479;204724;40689;100189;-99.4935183484;-171.7892615715
3480;204744;40694;100172;-94.0611896303;-187.8014022719
3481;204768;40695;100174;-92.7867637315;-185.0979997972
3482;204784;40695;100182;-92.7911356308;-175.8650027047
3483;204816;40698;100188;-89.2505255913;-169.2072679243
3484;204832;40684;100184;-103.1592862275;-172.36712733
3485;204842;40686;100173;-100.6438745994;-182.4779101837
3486;204862;40685;100171;-100.9539661742;-183.6066334588
3487;204891;40695;100167;-90.1584812566;-186.6402711225
3488;204915;40689;100172;-95.651490294;-180.6339694685
3489;204935;40682;100167;-102.1367976959;-184.620363821
3490;204951;40690;100171;-93.9412102151;-179.5876945166
3491;204968;40688;100155;-94.8335621546;-194.7903449971
3492;204987;40681;100145;-101.3724940113;-203.891691782
3493;205007;40685;100141;-97.1298094566;-206.9539952805
3494;205024;40684;100154;-97.8148526127;-193.0001542422
3495;205044;40689;100141;-92.4882312264;-204.832961189
3496;205064;40676;100142;-105.0989342762;-202.6758889694
3497;205096;40670;100142;-110.3894769176;-202.0465442158
3498;205112;40691;100130;-88.794402477;-213.0104726059
3499;205128;40688;100116;-91.3552277641;-225.9490568575
3500;205157;40671;100122;-108.3777743186;-218.5568669157
3501;205168;40677;100124;-101.8258000636;-215.4339345077
3502;205188;40666;100119;-112.0027177887;-219.3090616554
3503;205208;40681;100136;-96.257447276;-201.2746743818
3504;205228;40669;100118;-107.4545994666;-218.1553202588
3505;205244;40676;100116;-100.0511508368;-219.1697471529
3506;205275;40664;100130;-111.0563206283;-204.2923850245
3507;205286;40706;100108;-68.8541521592;-225.1498287611
3508;205306;40674;100126;-100.6387161523;-206.134294101
3509;205326;40667;100123;-107.3908167981;-208.1089090772
3510;205355;40669;100112;-105.0132735169;-218.0289069607
3511;205371;40656;100107;-117.0853951757;-221.9656109833
3512;205387;40663;100112;-109.24870977;-215.8878353922
3513;205403;40661;100122;-110.6381055084;-204.7164894618
3514;205434;40678;100124;-94.3856123068;-201.4153441422
3515;205443;40665;100132;-106.6737730144;-192.5721265152
3516;205463;40669;100143;-101.5276764012;-180.9927389744
3517;205499;40650;100129;-120.3736862545;-193.62204359
3518;205512;40663;100142;-106.7407671004;-179.7219451039
3519;205532;40677;100148;-91.6630330273;-173.121111523
3520;205548;40666;100162;-102.412805506;-158.2724136733
3521;205564;40670;100150;-97.9485236295;-169.3858397902
3522;205601;40675;100166;-92.5371592307;-152.6105070123
3523;205604;40670;100145;-97.0603908409;-172.7305923656
3524;205624;40621;100196;-145.4414985972;-121.1193796268
3525;205644;40666;100168;-100.051259196;-148.3711855863
3526;205681;40672;100166;-93.3961248966;-149.7849430972
3527;205701;40684;100172;-80.7989503466;-143.1984954861
3528;205718;40669;100172;-95.2816151639;-142.2671602545
3529;205741;40632;100228;-131.5642870723;-85.7825506045
3530;205743;40674;100176;-89.1099989968;-137.0959234908
3531;205763;40647;100174;-116.0562685216;-138.5914650444
3532;205799;40673;100175;-89.6226697937;-136.5743658225
3533;205819;40672;100181;-90.1263193412;-129.7035564125
3534;205836;40671;100162;-89.793929916;-148.1677566406
3535;205852;40675;100169;-85.0374942993;-140.3752772849
3536;205868;40669;100164;-90.802827221;-144.7021743951
3537;205884;40674;100175;-84.3899560281;-134.1126200217
3538;205913;40658;100170;-100.3508151479;-138.2895489531
3539;205933;40675;100177;-83.3844996891;-130.4276120969
3540;205953;40665;100191;-93.3703001997;-115.6389148674
3541;205977;40676;100186;-81.7361038353;-120.0147644717
3542;205996;40670;100198;-87.084686148;-107.3181390371
3543;206012;40673;100206;-83.7654408266;-98.3715256043
3544;206028;40681;100192;-76.6171399584;-111.574804907
3545;206054;40682;100217;-75.4420901973;-86.374163643
3546;206074;40671;100221;-86.0357767909;-82.1782130669
3547;206097;40684;100236;-72.2171816473;-66.8717721563
3548;206117;40690;100160;-65.0320767752;-141.9755151676
3549;206134;40696;100249;-58.5341772297;-52.4374547238
3550;206152;40682;100252;-71.9918582105;-49.3364505811
3551;206169;40698;100277;-55.3247753146;-24.443085213
3552;206196;40706;100286;-47.75562908;-15.3607155388
3553;206216;40701;100294;-53.110849121;-7.2869291086
3554;206240;40697;100314;-57.0637163724;12.3187218354
3555;206260;40709;100309;-44.7358039081;6.7803558053
3556;206277;40710;100334;-43.4554922574;31.7367997121
3557;206295;40706;100339;-47.9340163448;36.9421760018
3558;206312;40708;100344;-46.7426010039;41.9073475387
3559;206329;40708;100357;-46.2606475882;54.4439633874
3560;206352;40734;100361;-19.7875156986;58.0634404813
3561;206372;40718;100373;-35.3017259925;69.6537632861
3562;206392;40713;100371;-39.7918017674;67.2558654464
3563;206419;40704;100370;-48.6979060105;66.1460741928
3564;206436;40723;100379;-29.2783205151;74.9175532961
3565;206452;40718;100372;-33.8521989038;67.7386415117
3566;206468;40719;100362;-32.3672642509;57.2182770472
3567;206490;40723;100346;-28.3716795408;41.1251384168
3568;206511;40697;100367;-54.5376750846;61.8161317472
3569;206531;40710;100358;-41.773232569;52.5378753226
3570;206551;40715;100373;-37.0348179351;67.1859587781
3571;206578;40716;100360;-35.586860981;54.0162283
3572;206594;40723;100350;-28.000163939;43.3769703345
3573;206611;40708;100369;-42.362445468;61.9988160731
3574;206631;40723;100349;-27.7998088992;41.9513609681
3575;206658;40716;100357;-35.5086462914;50.04436053
3576;206668;40720;100339;-31.3594791094;31.8221476768
3577;206688;40707;100333;-43.5158478007;25.1617417255
3578;206710;40714;100313;-36.0300675489;5.0592908732
3579;206740;40703;100311;-47.6448350409;3.3770284491
3580;206760;40707;100323;-44.2378676848;15.6404514616
3581;206776;40704;100304;-46.3210900982;-3.7093876284
3582;206785;40704;100311;-45.7441867097;3.1944562201
3583;206805;40695;100303;-53.7855135128;-4.8361874236
3584;206830;40705;100305;-43.2380748511;-2.8252201211
3585;206850;40701;100299;-47.377278609;-8.7079184001
3586;206870;40705;100299;-43.5376570033;-8.5908095081
3587;206885;40695;100308;-53.8925435163;0.3609717569
3588;206917;40698;100293;-50.6176557049;-14.8752162274
3589;206933;40703;100292;-45.2938177023;-15.6428542499
3590;206949;40690;100304;-58.0485473741;-3.6089839518
3591;206969;40705;100282;-42.9111261217;-25.4965008355
3592;206989;40705;100276;-42.774742958;-31.3546299553
3593;207006;40699;100295;-48.3555913325;-12.2568472847
3594;207026;40687;100292;-59.3205125156;-15.0287614562
3595;207059;40694;100291;-51.05525002;-16.2187543694
3596;207075;40687;100319;-57.6709228856;11.586014636
3597;207094;40692;100301;-52.5928256394;-6.3026423923
3598;207114;40694;100298;-50.5865421613;-9.1349363904
3599;207134;40696;100282;-48.5915278028;-24.8874316984
3600;207163;40705;100305;-39.9464650193;-1.8983649046
3601;207179;40704;100306;-41.422743104;-0.9319254471
3602;207195;40697;100298;-48.1157950393;-8.9305349775
3603;207211;40702;100315;-42.5394755615;7.9111766551
3604;207227;40693;100309;-50.6029139376;1.9879415591
3605;207245;40702;100301;-41.4347453517;-5.9671120895
3606;207265;40696;100318;-47.3604564935;10.9785829831
3607;207285;40699;100329;-44.3023419134;21.8695809191
3608;207315;40716;100307;-27.4859469913;-0.2468229306
3609;207331;40701;100325;-42.065441172;17.9040598227
3610;207347;40698;100315;-45.3915649751;7.9019614999
3611;207366;40707;100325;-34.9222652444;17.6474185585
3612;207386;40666;100329;-75.8717345898;21.6040766398
3613;207409;40695;100299;-46.706058163;-8.3351055365
3614;207429;40706;100297;-35.5621083146;-10.272286535
3615;207449;40694;100302;-47.3590377529;-5.2347019158
3616;207468;40706;100286;-35.1916160826;-21.2785618373
3617;207499;40703;100282;-37.7055462386;-25.2753061643
3618;207515;40688;100257;-52.7442799294;-49.9270680761
3619;207531;40699;100262;-41.7978438444;-44.5111454694
3620;207561;40697;100284;-43.6213836908;-22.4988481431
3621;207581;40692;100273;-48.3897141742;-33.4226461721
3622;207587;40693;100279;-47.1593982677;-27.3168081273
3623;207607;40706;100261;-33.8984582316;-45.0964417805
3624;207627;40700;100283;-39.5647955998;-22.9504797692
3625;207660;40690;100266;-49.7286666334;-39.6617776874
3626;207676;40706;100256;-33.3274178572;-49.2806900934
3627;207684;40696;100267;-43.0139292381;-38.107128056
3628;207704;40689;100279;-49.560210673;-26.0857896828
3629;207724;40695;100277;-43.137723707;-28.0550828346
3630;207764;40695;100304;-43.623514416;-1.1005180368
3631;207781;40693;100291;-45.4707360279;-13.903299734
3632;207799;40687;100290;-50.6632522284;-14.9359068999
3633;207816;40694;100303;-43.7262483372;-1.8952649881
3634;207840;40697;100299;-40.6681747898;-6.0303415239
3635;207864;40696;100303;-41.5196118312;-1.958674123
3636;207884;40699;100296;-38.3742166359;-8.8444245756
3637;207904;40693;100306;-44.1997588211;1.2196291828
3638;207906;40705;100310;-32.0485108863;5.1961555534
3639;207926;40665;100259;-71.5660865401;-45.5447077397
3640;207959;40721;100328;-14.9738710085;22.9883659218
3641;207984;40683;100336;-53.1876243291;31.0565039989
3642;207993;40693;100332;-43.0678052834;26.958953182
3643;208013;40692;100301;-43.7143674764;-4.0808299791
3644;208033;40703;100336;-32.4170055293;30.7043110081
3645;208053;40705;100338;-30.1304390628;32.4802515228
3646;208070;40702;100333;-32.6775216896;27.4016595834
3647;208088;40697;100342;-37.7099673517;36.3310128706
3648;208122;40698;100343;-37.6234880986;36.9862524008
3649;208126;40695;100320;-40.4220613068;13.9196277992
3650;208146;40737;100326;1.6270551575;19.9198347456
3651;208166;40722;100347;-13.2487480481;40.8155680427
3652;208186;40710;100337;-25.0648463255;30.7623500589
3653;208214;40716;100326;-18.4494340524;19.2050950763
3654;208232;40705;100340;-29.2919057725;32.95473403
3655;208249;40704;100338;-30.4877520796;31.2511470923
3656;208268;40714;100321;-19.5153166461;14.2622168522
3657;208298;40696;100311;-36.8984021387;3.9442766325
3658;208314;40698;100323;-34.7316408535;15.7688567317
3659;208334;40700;100309;-32.84421985;1.8251868489
3660;208354;40694;100310;-38.9276186098;2.876590897
3661;208378;40696;100293;-36.8683194216;-13.9843089011
3662;208395;40691;100287;-41.4826686624;-19.9337549469
3663;208412;40683;100283;-49.3167430689;-23.9106061254
3664;208432;40688;100298;-44.3533060091;-8.8408680892
3665;208458;40689;100290;-43.2035233736;-16.8690577398
3666;208472;40685;100275;-46.88845919;-31.6692638044
3667;208492;40699;100256;-32.5813798047;-50.3035050298
3668;208524;40684;100260;-47.4483723134;-46.0041306856
3669;208532;40688;100271;-43.2177306971;-34.8527193101
3670;208552;40657;100280;-73.5948367325;-25.9176040456
3671;208569;40687;100273;-43.0181316647;-32.8426022201
3672;208595;40686;100286;-43.9435017789;-19.3208589619
3673;208626;40691;100277;-38.8140578203;-28.2021799609
3674;208646;40683;100283;-46.6041362977;-22.1520976076
3675;208666;40698;100291;-31.4703780259;-14.1425495746
3676;208669;40690;100274;-39.2780828538;-31.0000687374
3677;208689;40688;100260;-41.8755963442;-44.8854294739
3678;208706;40686;100291;-42.9241470805;-14.0032872791
3679;208735;40694;100280;-34.788845051;-24.7016336944
3680;208755;40664;100290;-64.4117680863;-14.6809021561
3681;208775;40692;100274;-36.1762999748;-30.5805117531
3682;208801;40689;100295;-38.8950572281;-9.6395582098
3683;208808;40793;100293;64.8046286421;-11.6226552979
3684;208828;40693;100282;-35.0024134662;-22.3357589948
3685;208847;40682;100291;-45.2436228627;-12.8635551888
3686;208880;40691;100293;-36.8610346441;-11.1296937284
3687;208894;40693;100294;-34.5651648587;-10.1217440085
3688;208914;40695;100297;-32.2985789735;-7.0496750007
3689;208934;40694;100297;-33.0277987327;-6.9777577674
3690;208952;40700;100317;-26.9872247239;13.0175549649
3691;208972;40676;100304;-51.0056114167;0.1101067723
3692;208989;40699;100302;-27.7051619553;-2.3820920464
3693;209006;40696;100311;-30.3700924758;6.4768379406
3694;209034;40689;100293;-37.5276738954;-11.2227521581
3695;209054;40698;100305;-28.2755670336;0.7758149279
3696;209074;40695;100313;-31.0091610588;8.7344303002
3697;209097;40679;100299;-46.7379379372;-5.1626679932
3698;209117;40689;100295;-36.6461392936;-8.9521196842
3699;209134;40694;100321;-32.2034026695;17.0050502787
3700;209151;40685;100304;-40.2633998572;-0.39695915
3701;209167;40689;100309;-35.992827307;4.4936947703
3702;209190;40696;100308;-29.4548170325;3.8556748809
3703;209220;40685;100312;-40.0983097583;7.8931114988
3704;209240;40696;100295;-28.6041347228;-9.1264413546
3705;209260;40685;100296;-39.0556708155;-8.1512006506
3706;209280;40686;100301;-38.7533920519;-2.9912702847
3707;209298;40692;100286;-32.5215264105;-18.0052622099
3708;209317;40687;100286;-36.8301638817;-18.1605034625
3709;209334;40694;100264;-29.7027683696;-39.9950836995
3710;209360;40689;100253;-34.7942489884;-50.5017032863
3711;209383;40679;100256;-44.5858233142;-47.2648828548
3712;209403;40685;100259;-38.2646783839;-44.2323494967
3713;209423;40671;100271;-51.8744842348;-32.2608991733
3714;209444;40662;100268;-61.9666042163;-34.5972220429
3715;209461;40693;100257;-29.1420131936;-45.3687326564
3716;209478;40677;100255;-45.2490015856;-47.3332176626
3717;209486;40675;100246;-47.2356923021;-56.1544730535
3718;209506;40669;100255;-53.0277447192;-46.807830647
3719;209526;40665;100241;-56.7132935417;-60.3286184703
3720;209546;40678;100254;-43.4652525897;-46.9159016935
3721;209572;40676;100251;-45.0914335843;-50.2524809801
3722;209587;40678;100261;-42.9614776369;-40.0516243629
3723;209608;40687;100264;-33.948934026;-36.5467965064
3724;209635;40682;100260;-38.561905745;-40.4069029588
3725;209654;40670;100259;-50.2370099531;-41.2653236644
3726;209674;40676;100283;-44.0489959976;-17.1840093609
3727;209694;40677;100277;-42.8670786391;-23.0731016288
3728;209714;40662;100262;-57.7137136782;-37.6837335287
3729;209730;40687;100264;-32.2227102525;-35.8039952999
3730;209761;40670;100280;-48.8092814492;-19.5501435779
3731;209777;40681;100265;-37.7450279539;-34.2994795918
3732;209794;40690;100268;-28.550569127;-31.1821549711
3733;209814;40680;100281;-38.2688476554;-18.1551853985
3734;209841;40683;100282;-35.4640347339;-17.1610427872
3735;209866;40682;100278;-36.0713311938;-21.0540597463
3736;209871;40675;100282;-42.7999273952;-16.9570436296
3737;209891;40671;100245;-46.4284390377;-53.5573699171
3738;209910;40678;100277;-39.1618858489;-21.6780486599
3739;209930;40687;100267;-30.4335806727;-31.3432542679
3740;209953;40681;100273;-36.4751815454;-25.3446911183
3741;209981;40674;100290;-43.0833616522;-8.3182077255
3742;209990;40679;100275;-37.8474333389;-23.1318919101
3743;210010;40681;100281;-35.5842127509;-16.8411708281
3744;210037;40673;100274;-42.8406204648;-23.884700924
3745;210053;40680;100276;-36.8890271537;-21.7659511203
3746;210074;40690;100283;-26.4906208045;-14.7922375104
3747;210092;40682;100273;-33.7212710168;-24.6406092431
3748;210112;40677;100272;-37.8369052337;-25.4632951919
3749;210142;40679;100259;-35.6506857948;-38.313134697
3750;210162;40680;100260;-34.9308019179;-37.2090681429
3751;210178;40673;100255;-41.7661493397;-41.8692855347
3752;210194;40681;100255;-34.0324577957;-41.7688735388
3753;210210;40669;100232;-45.7029681544;-64.3545187921
3754;210234;40675;100229;-39.7489023366;-66.9886103035
3755;210254;40653;100252;-61.6707863143;-43.7600882879
3756;210274;40675;100216;-39.7042015652;-79.3526441158
3757;210298;40670;100226;-44.4525730176;-69.1064756225
3758;210318;40655;100223;-58.8305190192;-71.9411599329
3759;210338;40649;100223;-64.2743493064;-71.3723204752
3760;210354;40652;100223;-60.8934889357;-70.8157506654
3761;210372;40673;100206;-39.8166957672;-87.4587848603
3762;210396;40669;100216;-43.5062467433;-77.3505956588
3763;210422;40654;100220;-58.0168577827;-72.9309841118
3764;210442;40666;100196;-45.627787096;-96.3696842282
3765;210462;40661;100198;-50.2148640753;-93.8207823161
3766;210483;40663;100206;-47.9030565976;-85.5611493797
3767;210501;40650;100200;-61.3318429176;-91.1573808572
3768;210518;40656;100191;-55.2914996962;-99.6182227803
3769;210543;40656;100210;-54.618538883;-80.1149502633
3770;210553;40651;100213;-59.305705685;-76.7300819816
3771;210573;40656;100198;-54.0901259668;-91.2879126943
3772;210593;40651;100191;-58.8508970403;-97.813013907
3773;210613;40654;100203;-55.6281371514;-85.4005492671
3774;210641;40650;100210;-58.7069327143;-78.0698614957
3775;210661;40646;100200;-62.8162860878;-87.6531925337
3776;210667;40657;100187;-51.6078591979;-100.1557941863
3777;210687;40660;100195;-48.2232153891;-91.7001246801
3778;210723;40632;100200;-75.9856482021;-86.2308345895
3779;210743;40645;100197;-62.7873695919;-88.7631989789
3780;210761;40642;100219;-64.9701390594;-66.5273480164
3781;210780;40646;100217;-60.7856845673;-68.1129922703
3782;210796;40652;100220;-54.4777532955;-64.6238882606
3783;210813;40651;100225;-55.5956282738;-59.4406463044
3784;210830;40646;100202;-59.9650621661;-81.9618615851
3785;210863;40645;100224;-60.7484836016;-59.6681477077
3786;210883;40662;100217;-43.6256950456;-66.3496447013
3787;210903;40648;100222;-57.3549726669;-61.0936936892
3788;210923;40641;100218;-63.9716610158;-64.8551614435
3789;210941;40657;100210;-47.6888061134;-72.5027710651
3790;210959;40644;100219;-60.5002084969;-63.1945279309
3791;210986;40649;100242;-55.3643947221;-40.1498678673
3792;211006;40655;100227;-49.2037256659;-54.8611344276
3793;211026;40647;100210;-56.9988451965;-71.4270664401
3794;211046;40665;100216;-38.8853824718;-65.0247667926
3795;211066;40659;100211;-44.1268823042;-69.8073224743
3796;211086;40572;100188;-130.5449009664;-92.4555722884
3797;211103;40601;100219;-100.9166351809;-61.016093995
3798;211119;40667;100203;-34.8849663819;-76.6484731778
3799;211135;40652;100182;-49.5336718724;-97.3281576183
3800;211163;40653;100189;-48.560647037;-89.8356308306
3801;211183;40650;100163;-51.6734243853;-115.1061443151
3802;211203;40627;100172;-74.6724813913;-105.4245239204
3803;211225;40643;100195;-57.0771439451;-82.6150719179
3804;211241;40633;100178;-67.6398528972;-98.9393086666
3805;211257;40636;100176;-65.1419876413;-100.3196320992
3806;211273;40648;100187;-51.9817187666;-88.8214037814
3807;211296;40633;100179;-67.1701124385;-96.2240268944
3808;211322;40645;100186;-54.7497744143;-88.7632925711
3809;211342;40651;100201;-48.333219779;-73.3919449603
3810;211362;40646;100194;-52.892859065;-79.987417078
3811;211382;40642;100197;-57.1752618012;-76.3613716847
3812;211399;40655;100198;-43.9387359068;-75.1647639889
3813;211415;40641;100183;-56.9506985119;-90.1772812104
3814;211437;40633;100191;-64.5658757689;-81.626288317
3815;211461;40644;100205;-53.5296940109;-67.2669107912
3816;211481;40647;100211;-50.4937557447;-60.9702603219
3817;211501;40650;100207;-47.4740646634;-64.655112154
3818;211523;40648;100205;-49.3931815156;-66.3884518218
3819;211541;40639;100198;-58.0919038574;-73.0907308964
3820;211559;40645;100190;-51.9921131388;-80.6714407609
3821;211587;40656;100194;-40.817332772;-76.1788701072
3822;211587;40644;100201;-52.5602106105;-68.838826629
3823;211607;40648;100210;-48.3272849194;-59.4961698234
3824;211627;40641;100208;-55.0649047002;-61.1988383059
3825;211647;40638;100201;-57.7888727679;-67.8680161713
3826;211675;40628;100204;-67.0661973417;-64.8385031983
3827;211693;40638;100210;-57.0394516185;-58.4895182041
3828;211710;40644;100212;-51.9336172156;-56.229328844
3829;211747;40635;100197;-60.1300470627;-70.8333480769
3830;211767;40647;100232;-47.8688644648;-35.5669467179
3831;211787;40637;100230;-57.5588374909;-37.2914080422
3832;211803;40644;100208;-50.3563471292;-59.0041884272
3833;211823;40632;100206;-62.2844386818;-60.9255629597
3834;211840;40639;100220;-54.4367302571;-46.7683913419
3835;211859;40639;100212;-54.1560280645;-54.0914696765
3836;211877;40643;100216;-49.6396901601;-49.481649147
3837;211900;40640;100203;-52.561447031;-62.4489580497
3838;211920;40634;100215;-58.483158588;-50.5009332696
3839;211930;40643;100216;-49.3367784067;-49.3179786171
3840;211950;40648;100220;-44.2589760009;-44.7880991747
3841;211970;40630;100216;-62.0922389075;-48.2393203621
3842;212005;40655;100198;-35.6338853374;-66.5191701696
3843;212023;40592;100218;-97.8842994763;-46.5264798866
3844;212040;40636;100213;-53.8296379751;-51.2972272011
3845;212060;40642;100208;-47.9408875555;-56.0260609396
3846;212079;40649;100214;-41.1703924306;-49.8051650111
3847;212099;40638;100218;-52.9266856244;-45.7134697402
3848;212119;40643;100219;-48.7092470607;-44.6278806121
3849;212137;40646;100241;-46.9803035449;-22.17085565
3850;212156;40647;100240;-45.5250857009;-23.3217554566
3851;212173;40645;100260;-46.4046055551;-3.7783980745
3852;212198;40659;100255;-32.848900924;-8.3003294834
3853;212221;40647;100272;-44.1524961659;8.4531592757
3854;212244;40652;100267;-37.6818590342;2.7069413516
3855;212264;40668;100299;-20.3551535075;33.8107676552
3856;212284;40679;100306;-8.0839253872;39.8805280828
3857;212306;40684;100335;-7.9959938653;69.1634082162
3858;212324;40682;100335;-10.0749634243;68.8285114531
3859;212334;40694;100349;1.3290900303;82.3306183412
3860;212354;40694;100377;-0.8607693119;109.6572803358
3861;212388;40689;100402;-7.1578462614;133.6085622217
3862;212408;40710;100410;13.4732055166;140.6323787543
3863;212427;40717;100427;18.6626081384;156.9393540596
3864;212444;40717;100514;20.3904915289;242.537938095
3865;212462;40728;100450;31.8254191164;177.0445328811
3866;212486;40732;100467;33.9171859745;193.040602472
3867;212497;40723;100473;24.8486247014;197.9342853819
3868;212517;40726;100488;28.5116665143;211.6061166235
3869;212537;40720;100477;23.2056579373;199.3383937188
3870;212557;40734;100507;37.8304442223;227.9258144386
3871;212575;40736;100521;39.4102540239;240.1287210594
3872;212594;40743;100516;45.8190867118;234.8422423258
3873;212618;40743;100524;45.1602409361;241.7855997976
3874;212642;40729;100510;29.8328200858;227.0817685463
3875;212664;40734;100517;34.6512034515;232.8177684825
3876;212684;40730;100524;30.7102824936;238.428411142
3877;212704;40745;100524;45.6953667767;237.0451663061
3878;212719;40746;100529;46.3026736733;241.2095468254
3879;212735;40747;100514;47.6555579193;224.9776969204
3880;212751;40748;100547;49.5337203262;256.1688728561
3881;212771;40736;100551;38.7082948215;258.7655261966
3882;212791;40744;100543;46.5943103728;250.3351059427
3883;212818;40751;100548;53.8201633814;254.0651468868
3884;212838;40750;100549;52.9359855989;253.7229428207
3885;212866;40741;100556;43.8053079383;259.0171270138
3886;212888;40730;100542;34.0908282724;244.0997874615
3887;212904;40749;100556;52.2419387287;257.7296200117
3888;212920;40714;100551;17.5901349779;251.903267153
3889;212945;40740;100563;40.1494231102;263.961477718
3890;212970;40752;100572;53.0262875319;270.9163383021
3891;212990;40741;100571;43.4481601408;267.69208871
3892;213010;40739;100589;42.8812193363;283.3846460721
3893;213026;40747;100564;53.3892624227;257.7949123996
3894;213042;40743;100450;49.9216551341;143.1895513333
3895;213058;40753;100579;60.7050794006;271.1735051623
3896;213074;40743;100584;49.6655998309;277.2774531975
3897;213095;40740;100583;42.7031887927;277.3007379838
3898;213123;40759;100596;62.7810422044;285.6412597297
3899;213143;40772;100615;76.7649410503;300.4700922084
3900;213167;40771;100670;74.6520935911;353.0898604704
3901;213187;40764;100686;64.7183604913;368.8914819601
3902;213204;40775;100654;74.5958509294;336.4037516889
3903;213222;40772;100646;72.9281873007;327.8449461605
3904;213240;40782;100642;84.367456065;321.6321766467
3905;213260;40773;100653;76.9998033662;329.9393628674
3906;213280;40763;100655;67.3695029492;330.04271341
3907;213300;40768;100644;71.6403001439;317.8621778928
3908;213322;40763;100636;67.6206737608;308.1180853174
3909;213340;40760;100606;66.7987307115;276.5154236374
3910;213357;40750;100605;55.8581559831;274.8196885176
3911;213374;40751;100594;56.6167617981;262.8551430801
3912;213404;40745;100605;52.9108045795;274.0318731396
3913;213424;40766;100586;75.4072833422;254.8751027424
3914;213432;40742;100581;50.433365422;247.7654991364
3915;213452;40763;100610;66.9596243406;271.2442899725
3916;213480;40759;100637;60.5102603099;296.5565143057
3917;213496;40758;100646;58.0861946073;305.8165803079
3918;213512;40764;100647;66.3891031619;307.2002732024
3919;213547;40770;100640;73.9911316589;297.3158546318
3920;213567;40747;100641;50.315347311;297.1640297314
3921;213587;40757;100617;59.5906793532;272.1396966734
3922;213607;40741;100600;42.9473722034;254.2072179985
3923;213615;40743;100622;45.6548786383;274.4706454045
3924;213635;40757;100604;62.561377308;253.889598671
3925;213654;40745;100582;50.2033708301;231.9422438007
3926;213671;40746;100569;50.1358091031;218.6948114299
3927;213691;40753;100561;57.7370022783;207.7818801552
3928;213720;40730;100581;35.3246236313;226.7323809017
3929;213740;40731;100560;36.5676805466;205.3039027567
3930;213760;40735;100567;40.7914051396;211.84560933
3931;213788;40730;100573;36.3511735038;215.8407189468
3932;213807;40721;100549;26.6616997212;191.7238756287
3933;213826;40727;100563;32.657656811;204.8743431016
3934;213838;40732;100559;37.5904799117;199.83571823
3935;213858;40724;100573;29.0054368758;212.764765656
3936;213878;40736;100568;40.3608679791;206.7241678448
3937;213898;40731;100571;34.7420708509;208.6737730227
3938;213917;40725;100575;30.8012882354;211.1307963192
3939;213934;40729;100574;36.2589171319;209.0000582942
3940;213952;40733;100569;39.8872064863;203.5551766477
3941;213980;40733;100567;36.7374108934;201.3799923849
3942;214000;40708;100596;10.6832300353;228.7417355063
3943;214029;40734;100583;36.7953091864;213.8929769128
3944;214035;40735;100580;37.8933154972;209.7411590796
3945;214055;40709;100613;13.1829462697;241.4353194337
3946;214086;40738;100600;43.8328112102;227.1041134708
3947;214102;40739;100587;44.9032861706;213.4368687883
3948;214120;40735;100599;41.7381623844;225.1393350204
3949;214133;40733;100581;39.3531844256;206.5532731516
3950;214153;40739;100588;44.5008872567;213.1246685563
3951;214173;40730;100580;34.6943949281;204.741388503
3952;214209;40743;100600;46.7417758811;220.5559103505
3953;214230;40733;100610;37.9075778024;228.4101888101
3954;214247;40719;100595;24.5700245781;212.7766737851
3955;214265;40707;100556;13.6849020599;174.200754845
3956;214289;40730;100573;38.3983623213;190.3704562436
3957;214297;40733;100570;41.2682786342;186.3198259756
3958;214317;40744;100568;51.5643739316;183.0313585323
3959;214344;40721;100586;24.7567664981;201.0448684289
3960;214364;40722;100580;22.8281037606;194.8714297697
3961;214374;40721;100569;20.5451438852;183.1941224562
3962;214394;40730;100577;30.8008644792;187.7778457639
3963;214412;40716;100609;17.7717596698;217.9485562187
3964;214432;40744;100610;47.1667181775;217.5697400569
3965;214452;40731;100577;34.7628719722;184.663698096
3966;214489;40718;100559;21.6860219492;166.4632783731
3967;214509;40730;100536;33.294375633;142.835717135
3968;214529;40721;100539;23.9482653855;145.196756322
3969;214548;40718;100558;21.61508439;163.6296031747
3970;214565;40856;100552;157.2623889735;158.2635972803
3971;214590;40726;100571;25.1699523417;176.6328443766
3972;214595;40723;100551;21.723868781;155.8507737705
3973;214615;40714;100566;13.7133368297;169.0651381489
3974;214635;40728;100564;28.9137282714;165.1923636762
3975;214655;40729;100572;31.1095777166;171.28375051
3976;214676;40714;100557;17.4026677433;156.3825821454
3977;214694;40718;100546;21.8080163491;144.8860805614
3978;214712;40713;100539;16.9654927397;136.7858046989
3979;214747;40715;100546;17.717007074;143.2537376568
3980;214767;40715;100553;15.945690764;150.0992541428
3981;214787;40721;100562;20.1445002175;158.9035411148
3982;214809;40736;100558;34.2339012616;154.1610036229
3983;214816;40739;100559;37.0106095906;154.3040192529
3984;214836;40730;100580;28.0925737761;173.6419249641
3985;214853;40741;100558;38.915495464;151.3511022617
3986;214875;40721;100562;18.2373723158;155.1871090982
3987;214895;40720;100549;18.921488565;140.7033203725
3988;214915;40724;100554;24.5858391419;144.1980645921
3989;214941;40711;100549;12.7207419113;138.2818509415
3990;214961;40701;100542;3.1078377558;130.835684699
3991;214977;40706;100533;8.6369735162;120.9498575718
3992;214993;40700;100545;1.5055557684;132.5668988297
3993;215024;40699;100527;-4.2791240076;114.7711334506
3994;215029;40693;100533;-10.3836959228;120.1247412983
3995;215049;40708;100517;5.7140422855;103.1122091298
3996;215069;40710;100534;8.8017187363;119.0172784898
3997;215094;40720;100522;19.1677574831;106.4391596078
3998;215114;40708;100535;5.9082287408;119.7870780605
3999;215150;40714;100529;6.7361329868;114.0604938568
4000;215166;40705;100539;-1.0821510089;122.2225338973
4001;215182;40786;100537;80.71912659;118.8774576477
4002;215206;40696;100537;-8.3677039852;118.3031417556
4003;215226;40703;100538;-0.9778006818;119.1395208933
4004;215247;40704;100524;0.837844757;104.0960643996
4005;215267;40711;100529;8.6467043977;107.900024617
4006;215287;40705;100514;1.2491545965;93.539611069
4007;215303;40699;100515;-5.4721511975;94.6072948347
4008;215319;40707;100512;2.8648542285;90.7824838988
4009;215335;40708;100525;4.2494828517;103.0649797823
4010;215367;40697;100539;-6.5173755837;116.6163303816
4011;215387;40708;100527;4.4411545435;104.306186943
4012;215407;40708;100531;4.3996215;107.9786736656
4013;215430;40707;100515;4.3413116986;90.5900076878
4014;215447;40700;100511;-2.1732345608;85.6647734405
4015;215464;40697;100506;-5.3927743426;80.5896082689
4016;215486;40702;100483;-1.4244512936;57.5444816989
4017;215506;40685;100499;-19.3507851751;73.3436992832
4018;215528;40711;100489;6.0751833056;63.1459038717
4019;215548;40705;100524;0.3554146214;97.6767790362
4020;215564;40696;100493;-8.1853439126;67.5269811939
4021;215582;40696;100499;-7.2518184626;73.866547044
4022;215598;40709;100500;6.3991618359;74.3102379528
4023;215615;40700;100511;-2.1618276795;85.1438816832
4024;215634;40707;100510;4.2901200378;83.8209037718
4025;215670;40712;100485;11.3444390809;56.4942365242
4026;215683;40708;100498;7.6320605233;68.7466151959
4027;215703;40696;100560;-5.3938165986;130.5519728621
4028;215723;40702;100482;-0.4500427921;52.7506255628
4029;215746;40688;100483;-14.3296874973;53.1002800082
4030;215765;40704;100492;1.9286281484;62.8410649773
4031;215784;40705;100488;3.4208545242;59.4420098515
4032;215808;40708;100512;5.6135462469;82.4555729288
4033;215828;40727;100531;23.7350779484;100.3520457835
4034;215848;40718;100523;13.9020425609;91.2910334571
4035;215852;40718;100523;13.7027218007;90.7127740648
4036;215872;40718;100522;12.3138911634;89.7638595156
4037;215905;40713;100504;8.5531184169;69.9706767986
4038;215921;40725;100538;20.7083920634;103.1702290593
4039;215941;40713;100520;7.6371338108;85.6800281398
4040;215963;40721;100513;15.8621173464;78.5608732317
4041;215971;40719;100530;13.9499534948;95.0950502589
4042;215991;40713;100529;8.1555440257;93.4320969837
4043;216011;40715;100541;10.3512070871;104.7115068018
4044;216040;40728;100534;23.4614894694;97.5431480816
4045;216056;40724;100546;19.222765064;109.3208555226
4046;216087;40735;100550;29.7145198874;112.1673268881
4047;216097;40717;100547;11.4660818245;108.4264625899
4048;216117;40732;100560;25.5606559646;120.8296028885
4049;216151;40739;100563;32.4001389935;123.4990404272
4050;216171;40746;100564;39.2620574629;124.0557184316
4051;216192;40738;100575;30.5298231837;134.6132631238
4052;216210;40815;100586;106.8360750567;144.7860754857
4053;216226;40721;100626;13.5552576472;183.7151535307
4054;216240;40731;100572;23.6157311334;129.2385542268
4055;216260;40741;100582;33.5459389956;138.8624032972
4056;216280;40753;100563;45.4168798903;119.5847402944
4057;216300;40740;100566;33.3300068921;121.2480121464
4058;216316;40729;100566;22.4164474902;120.5047653646
4059;216347;40732;100565;22.9222678926;119.2876919113
4060;216363;40706;100561;-2.8126390451;113.1506193777
4061;216379;40731;100557;23.3616963894;107.5294678993
4062;216394;40756;100552;47.2030725364;102.7052108485
4063;216414;40739;100540;28.3527930177;91.5072172092
4064;216450;40753;100558;44.8127687287;108.8119604258
4065;216470;40748;100582;41.3040680265;131.9842412952
4066;216489;40755;100573;49.8991451328;121.8601250704
4067;216506;40777;100590;71.5136716413;138.3932921745
4068;216523;40747;100580;38.5202945526;129.4571107821
4069;216549;40753;100558;43.2226017552;106.6244794325
4070;216569;40753;100589;42.5820073626;136.372179543
4071;216589;40759;100599;47.9123871794;145.0733184875
4072;216602;40766;100623;54.2680007797;168.3046626305
4073;216622;40757;100595;44.3954577077;140.031386457
4074;216639;40753;100596;40.3279315488;139.9671203254
4075;216657;40757;100585;44.0013619835;127.4788701974
4076;216674;40765;100580;52.6642934253;121.0995075406
4077;216712;40750;100594;37.8602651803;135.7154962285
4078;216732;40758;100590;45.7526643459;131.8713339245
4079;216743;40755;100589;42.9352081759;130.3907312806
4080;216763;40742;100665;30.978816328;205.2595287359
4081;216782;40766;100595;55.237964511;134.3309790887
4082;216799;40752;100595;40.9465171615;133.6918585372
4083;216816;40754;100586;43.1281587744;124.0561330665
4084;216832;40762;100566;50.9037966095;103.3800546368
4085;216862;40750;100584;38.1602446076;120.7667993866
4086;216888;40761;100586;48.5708811874;122.3964983115
4087;216908;40764;100584;51.1887663912;120.004719324
4088;216928;40763;100570;49.8128141736;105.6859609796
4089;216946;40750;100574;36.3739545051;109.535101999
4090;216963;40769;100564;54.2039298108;99.7520153245
4091;216988;40753;100550;38.2195145127;84.9771008642
4092;216995;40757;100544;42.0606672922;78.5285589829
4093;217015;40759;100541;43.7776437585;75.1975768552
4094;217035;40751;100515;35.5356268299;48.9984655269
4095;217055;40748;100487;32.3094114733;20.940565644
4096;217089;40740;100504;25.8808374075;35.5604838394
4097;217111;40741;100495;29.0640562901;25.5823606007
4098;217133;40740;100472;27.8855460305;3.1151584073
4099;217152;40741;100443;27.9985104645;-25.0033077124
4100;217172;40715;100443;1.2544549044;-24.134685361
4101;217180;40745;100462;30.9459414875;-5.0323174845
4102;217200;40781;100443;66.4985710002;-24.2735170049
4103;217220;40735;100473;20.282731327;5.3346842746
4104;217239;40737;100479;20.064007308;11.868952847
4105;217257;40739;100465;25.4972218367;-2.4530228567
4106;217276;40749;100467;35.8995886789;-1.4683964274
4107;217299;40743;100476;28.278180437;7.5435945546
4108;217319;40754;100467;37.147717413;-0.6318326024
4109;217339;40750;100475;31.0380898303;8.1527408523
4110;217364;40751;100492;31.5212840469;24.3282274196
4111;217382;40747;100492;28.0997767724;24.0901981924
4112;217400;40768;100495;49.7890554906;26.3572786879
4113;217417;40746;100499;30.0951112236;29.7360250911
4114;217441;40754;100474;37.2833690905;5.3366746183
4115;217466;40756;100471;39.1044162155;2.2272095871
4116;217486;40749;100483;32.0563840039;14.0116086206
4117;217506;40757;100492;39.9690301198;22.7513923823
4118;217529;40763;100473;47.2899674256;3.9818796387
4119;217549;40753;100492;38.124142288;22.3742838971
4120;217565;40759;100487;44.3785056592;17.4061692063
4121;217584;40757;100473;41.53811493;3.8452811427
4122;217604;40769;100487;52.4595270274;18.2630378002
4123;217626;40762;100504;44.6992890933;35.3198035295
4124;217646;40754;100514;36.2221120326;45.1357838278
4125;217674;40767;100512;48.4011564546;42.9284882301
4126;217692;40767;100529;48.2528480129;59.3298077843
4127;217710;40765;100482;46.2031060928;11.6230199762
4128;217727;40779;100517;60.3086669491;46.0956123772
4129;217749;40771;100517;52.354573134;45.6162794673
4130;217760;40761;100511;41.6584800065;39.866099047
4131;217780;40774;100492;53.2215904331;21.816660163
4132;217797;40778;100515;57.1488122378;44.3459814097
4133;217835;40771;100512;49.0805776558;41.5280688725
4134;217855;40776;100497;53.225624338;26.72740558
4135;217871;40765;100502;42.0543310902;31.7123631064
4136;217885;40763;100421;40.1254484424;-49.1984850072
4137;217905;40779;100468;56.2760902371;-2.4796801656
4138;217927;40769;100485;45.6320588769;14.5506288449
4139;217947;40766;100455;41.9626119431;-15.239362162
4140;217964;40755;100444;31.6764405136;-27.356830396
4141;217980;40770;100426;47.2287329086;-45.951474402
4142;217996;40762;100433;39.1454623266;-39.060854058
4143;218027;40780;100432;57.418969075;-39.5103980565
4144;218053;40760;100411;36.5430618824;-59.951599662
4145;218073;40760;100399;35.6984014844;-71.3933380148
4146;218081;40763;100395;38.2497347705;-74.9406124467
4147;218101;40774;100409;49.1853619885;-60.6332840336
4148;218121;40753;100405;28.3214254771;-64.3293721117
4149;218137;40762;100407;34.7117362919;-61.5153492546
4150;218172;40763;100423;35.5877068348;-45.3081102286
4151;218195;40766;100421;38.3158436144;-46.5373135493
4152;218215;40784;100420;55.9451779695;-46.7747366074
4153;218235;40778;100421;49.6058870403;-45.0183420283
4154;218240;40779;100443;50.2888948652;-22.8007406578
4155;218260;40777;100417;47.0428393327;-48.6873627539
4156;218278;40773;100460;40.9896424421;-5.5466652555
4157;218311;40786;100467;58.3049709456;-2.632729521
4158;218327;40776;100473;46.9575534357;2.4406440361
4159;218340;40779;100443;48.5086560674;-26.9948331856
4160;218360;40778;100428;45.4456146091;-40.8678282414
4161;218380;40789;100457;54.3287487525;-10.8867819512
4162;218412;40791;100454;54.0748323373;-13.8945349624
4163;218432;40778;100474;40.8723770209;5.7140725835
4164;218448;40794;100461;57.3210804503;-7.6014843988
4165;218464;40799;100473;63.0921705673;2.89767302
4166;218494;40797;100458;58.1470713064;-10.1891055438
4167;218516;40794;100433;52.3169742615;-34.7258757857
4168;218536;40787;100475;42.4864815552;6.4894793518
4169;218542;40790;100440;45.3597241223;-28.9021343346
4170;218562;40786;100401;43.1570028893;-69.8150382832
4171;218578;40796;100443;52.8900286297;-27.6146269689
4172;218614;40789;100449;43.8338659525;-19.8296033781
4173;218627;40801;100438;54.8681989547;-31.0394894836
4174;218647;40792;100474;44.4734537775;4.2405992543
4175;218667;40795;100436;46.5822432687;-34.4269709743
4176;218687;40784;100447;34.9691437289;-24.2093626154
4177;218698;40789;100464;38.5027719721;-7.7589791787
4178;218718;40808;100488;53.9250892991;15.0403996121
4179;218749;40813;100506;59.6931655075;31.9856360705
4180;218765;40839;100506;83.4325225594;32.5341162741
4181;218788;40825;100526;68.9768889774;51.8354851509
4182;218797;40818;100529;62.1002190598;54.0501789892
4183;218817;40836;100551;81.037118581;74.4234375093
4184;218853;40830;100564;73.0649845457;87.7161419965
4185;218860;40844;100564;86.3531947684;87.4324215322
4186;218880;40869;100576;110.6746690892;99.3731537572
4187;218904;40850;100595;89.9633886241;118.8078197143
4188;218920;40853;100581;94.8379523411;104.0386567886
4189;218936;40847;100594;89.7733650874;115.9567290333
4190;218957;40856;100595;97.2355946343;115.6231513092
4191;218989;40863;100627;105.3836902615;148.5745861651
4192;219005;40874;100632;115.764064265;153.0383900265
4193;219025;40875;100643;115.9442621107;163.3746285351
4194;219052;40858;100662;98.0956800724;182.1645754755
4195;219068;40885;100675;123.7027101353;195.2962899165
4196;219079;40881;100692;119.3157011489;211.3400422874
4197;219099;40884;100691;122.4839921668;209.2105257934
4198;219135;40885;100688;128.795476001;204.5630561354
4199;219140;40869;100694;112.3530982936;209.6782418164
4200;219160;40892;100681;133.4071520074;197.197586173
4201;219179;40891;100714;129.1809988433;229.0016907016
4202;219210;40903;100753;141.904032697;265.0630425148
4203;219226;40852;100751;89.0072839329;262.8881858261
4204;219250;40906;100744;144.0856207426;254.5295302558
4205;219270;40902;100739;141.2338473544;248.0568509398
4206;219290;40913;100738;153.3308278068;245.595512922
4207;219315;40910;100740;149.3370287152;247.3750556724
4208;219332;40901;100743;139.9340943291;249.9065760094
4209;219348;40874;100749;113.5852030312;254.4587236442
4210;219364;40899;100722;137.8029492887;226.4302612675
4211;219380;40889;100723;127.6482362262;226.4007261243
4212;219397;40895;100707;133.3939977808;209.6290555801
4213;219417;40895;100712;132.925229765;214.1193189687
4214;219437;40899;100695;136.4398971615;196.7000057701
4215;219469;40895;100711;131.0184597355;210.7334886644
4216;219485;40906;100699;142.6655183762;197.124659258
4217;219501;40896;100718;133.5740491961;214.7376685327
4218;219517;40888;100719;124.7734510042;215.5137085509
4219;219540;40900;100688;137.4412365479;184.3949375047
4220;219558;40889;100691;125.6832709575;186.2963357506
4221;219578;40907;100693;142.4009506615;186.9393733152
4222;219598;40884;100670;118.2372297806;162.7021538963
4223;219626;40894;100665;128.4787002094;157.3127817625
4224;219642;40890;100675;123.2536598387;166.2339368501
4225;219658;40888;100650;121.9768785978;140.3587697741
4226;219696;40887;100659;119.3101089699;148.8421191258
4227;219707;40891;100632;122.6924301653;121.2814016629
4228;219727;40888;100609;119.2466528969;97.778629958
4229;219747;40881;100622;111.8388892668;110.2133633595
4230;219767;40884;100608;114.4189492068;95.7209143417
4231;219787;40882;100591;112.1197969981;78.3171441314
4232;219803;40880;100591;109.109741308;78.2956096912
4233;219819;40873;100578;101.4174298479;65.0552986092
4234;219838;40884;100588;111.5821559877;74.4978447137
4235;219858;40868;100574;94.8004682195;59.9747713099
4236;219886;40869;100564;95.5663516087;49.5723518508
4237;219906;40862;100569;88.7123306526;54.2825598403
4238;219922;40872;100562;98.3846825582;46.7124597974
4239;219938;40856;100552;82.1863891287;36.4598350276
4240;219969;40868;100549;92.9864987768;33.4215338056
4241;219992;40867;100548;90.7824170973;32.5579632739
4242;220001;40857;100546;80.3675496549;30.3585940459
4243;220021;40868;100547;90.9892993849;31.0642654271
4244;220041;40863;100550;85.6383724468;33.7557697804
4245;220061;40870;100531;92.2546322242;14.5431779409
4246;220081;40867;100529;88.911287088;12.5468243695
4247;220112;40878;100546;99.163204228;29.3497127866
4248;220135;40861;100485;82.2048491118;-31.4731057319
4249;220145;40866;100539;86.8120177956;22.394259168
4250;220165;40894;100534;114.245321752;17.2714747976
4251;220185;40868;100537;87.8115193043;20.134182325
4252;220205;40853;100544;72.4549459843;26.9624542906
4253;220221;40866;100533;85.1518929092;15.7667827922
4254;220253;40864;100515;82.8030577936;-1.5680114722
4255;220269;40865;100484;83.1505924774;-32.5525731812
4256;220285;40872;100518;89.41003498;1.0613645805
4257;220310;40873;100541;90.1673919196;23.8843099432
4258;220330;40866;100533;82.9654960414;15.7967591843
4259;220350;40865;100508;81.770704247;-9.16533583
4260;220358;40870;100516;86.4216284803;-1.1697612665
4261;220378;40869;100515;85.453465173;-2.3462118884
4262;220409;40863;100497;77.768427607;-19.279760792
4263;220425;40852;100492;66.2207018354;-24.1198916018
4264;220435;40857;100488;71.1103561229;-28.1683285967
4265;220455;40861;100461;75.3941541153;-55.3406506736
4266;220491;40863;100456;77.0881800246;-60.0314251314
4267;220511;40853;100444;66.354726708;-71.3503655657
4268;220527;40857;100448;70.0315068123;-67.0912897007
4269;220543;40864;100441;77.1060837923;-73.9372357745
4270;220559;40845;100431;57.860218195;-83.6119317736
4271;220582;40860;100437;72.8726532345;-77.1292328626
4272;220607;40854;100425;66.4697356528;-88.7362793374
4273;220627;40860;100441;71.9952400362;-72.4363494831
4274;220647;40853;100435;64.5575572503;-78.1081865689
4275;220674;40865;100427;76.0330270546;-85.3603740247
4276;220691;40842;100447;52.8835524223;-65.1487537435
4277;220707;40847;100439;58.1360387253;-72.5665680134
4278;220723;40852;100434;62.0983220584;-77.1865122139
4279;220746;40869;100434;79.0742130986;-76.9445892665
4280;220768;40866;100445;75.7989302897;-65.7023465647
4281;220788;40854;100440;63.4940431995;-70.4177635843
4282;220808;40869;100424;78.1157508494;-86.0548999085
4283;220828;40862;100442;70.4608280131;-67.3703827448
4284;220844;40856;100427;63.9422833294;-81.9803793874
4285;220860;40860;100439;67.2684488592;-69.8389825309
4294;221055;40850;100405;57.1462749899;-103.4679510152
4295;221075;40861;100408;67.8279659188;-100.1193252825
4296;221095;40864;100429;70.496376023;-78.8781600936
4286;220898;40858;100428;64.7407327159;-77.1572668959
4287;220918;40896;100420;101.5807640477;-86.6341997659
4288;220938;40850;100434;55.2996289024;-72.2805423631
4289;220942;40872;100423;76.9098994329;-82.8736532473
4290;220962;40856;100402;60.6021186107;-103.3637985771
4291;220981;40856;100420;60.2958766926;-84.9464931802
4292;220998;40855;100424;58.9961659841;-80.5512743104
4293;221032;40853;100392;56.7079538292;-111.9980315348
4294;221055;40850;100405;53.4617087339;-98.6560379845
4295;221075;40861;100408;64.161822494;-95.3314718169
4296;221095;40864;100429;66.8485633154;-74.1142458953
4297;221103;40850;100410;52.542385378;-92.6334374424
4298;221123;40856;100410;57.9435083461;-91.7633094647
4299;221140;40847;100410;49.3020691777;-91.279493369
4300;221172;40861;100394;63.0834679427;-107.0455744756
4301;221179;40860;100399;61.8519595719;-101.5061469649
4302;221199;40864;100377;65.7832450808;-122.6784629821
4303;221220;40856;100379;57.3531691197;-120.1350552479
4304;221240;40861;100384;61.864577503;-114.6455082524
4305;221260;40866;100372;66.3525448498;-126.0987912211
4306;221292;40855;100367;55.1781541594;-130.315663791
4307;221308;40821;100348;21.3717175633;-148.5375532118
4308;221324;40857;100364;56.9191696243;-131.8034571767
4309;221354;40873;100362;72.4922726973;-133.2107805125
4310;221374;40855;100368;54.1952001615;-126.639722083
4311;221394;40871;100371;69.8194944747;-123.0867965169
4312;221414;40862;100381;60.1198976247;-112.4261993663
4313;221430;40860;100368;57.9641010435;-124.8132743083
4314;221446;40867;100363;64.8079568445;-129.2611767324
4315;221462;40874;100374;71.4862321891;-117.8053272184
4316;221482;40872;100383;69.2620150729;-107.970353177
4317;221502;40880;100379;76.9969495168;-111.5034077671
4318;221522;40870;100386;66.7838192847;-104.0742161624
4319;221550;40880;100373;76.2911470563;-116.5014589495
4320;221570;40868;100383;63.8115923934;-105.9480526885
4321;221587;40878;100368;73.2428628039;-120.3100134598
4322;221607;40876;100375;71.0914851587;-112.7254966132
4323;221627;40877;100367;71.6873490952;-120.0937251971
4324;221658;40881;100383;75.2362742384;-103.5423047196
4325;221678;40887;100377;80.802764401;-108.9833996838
4326;221698;40864;100374;57.4862924886;-111.4121879753
4327;221716;40873;100375;66.1864765571;-109.7748341936
4328;221734;40873;100473;66.2458058713;-11.8509877632
4329;221750;40869;100373;62.6185958109;-111.4143505575
4330;221766;40873;100372;65.8719979103;-111.8019439802
4331;221789;40886;100381;77.8766270665;-102.2807709753
4332;221813;40887;100393;78.479668444;-89.9015674563
4333;221833;40878;100374;69.1757178518;-108.424359005
4334;221853;40886;100377;76.833510365;-104.9648255549
4335;221874;40898;100394;88.0592813849;-87.3980307942
4336;221890;40899;100399;88.7194098532;-82.0132517198
4337;221906;40889;100397;78.2902272754;-83.6075322676
4338;221922;40898;100414;86.9709786702;-66.1536653452
4339;221946;40890;100403;78.8283136184;-76.8730470417
4340;221966;40895;100409;83.4439029291;-70.5914739336
4341;221986;40887;100396;74.9549945133;-83.2130694244
4342;222006;40894;100395;81.4329722583;-83.8317063993
4343;222021;40919;100375;106.0574206746;-103.3183348906
4344;222052;40897;100386;83.1053335929;-91.5379911603
4345;222068;40916;100354;101.6332886717;-123.1204675404
4346;222084;40906;100378;91.1273952318;-98.6929494275
4347;222116;40903;100374;87.7879475434;-102.1925789165
4348;222136;40906;100392;90.4655250379;-83.7672326904
4349;222156;40900;100370;84.1753847025;-105.2339434468
4350;222179;40884;100381;67.6649110464;-93.6994536642
4351;222195;40995;100390;177.8051778698;-84.3742944907
4352;222211;40910;100342;92.3834057918;-131.7470296382
4353;222234;40901;100385;83.1405033323;-88.2376735072
4354;222243;40897;100406;78.7161270755;-66.8961948659
4355;222263;40907;100408;88.1454439629;-64.5602496677
4356;222283;40926;100403;106.4819830522;-69.2008809443
4357;222303;40925;100410;104.8262082326;-61.8782058134
4358;222320;40913;100384;91.5516710077;-87.5643648505
4359;222356;40938;100400;116.6603634099;-71.238670973
4360;222375;40922;100429;99.8403585933;-41.8603815904
4361;222388;41000;100412;176.9002007206;-58.6528072431
4362;222408;40929;100405;105.3656018033;-65.5173795221
4363;222425;40931;100419;106.8545650548;-51.3152784832
4364;222445;40942;100414;117.3839054583;-55.7848615717
4365;222465;40930;100410;104.9762169433;-59.2358014119
4366;222481;40927;100420;101.7471944747;-49.1640318588
4367;222513;40931;100413;105.3441201572;-56.1100778434
4368;222529;40929;100422;102.3633770291;-46.859991674
4369;222552;40931;100407;104.0594294026;-61.4488323914
4370;222562;40926;100416;98.8261533998;-52.1214319942
4371;222582;40929;100426;101.9100419476;-41.7595811604
4372;222604;40932;100412;104.1113662817;-55.4476124815
4373;222638;40935;100421;105.9062697862;-46.1936505679
4374;222658;40929;100417;98.9969599526;-49.9345029612
4375;222674;40935;100430;104.6619316068;-36.7782312891
4376;222688;40922;100439;91.5233493504;-27.7017842628
4377;222708;40940;100411;109.4569501706;-55.5172986044
4378;222734;40937;100419;105.6074524134;-47.4400700457
4379;222754;40935;100393;102.3889310913;-73.2180813268
4380;222770;40941;100392;108.1165554071;-73.8248319263
4381;222786;40947;100389;113.700118062;-76.3019381472
4382;222802;40934;100376;100.1545248076;-88.7134893197
4383;222828;40927;100352;92.9755741376;-112.1668028871
4384;222848;40960;100358;125.176373117;-105.6189065586
4385;222868;40923;100361;87.5653312294;-102.0886247235
4391;222988;40919;100323;84.1436428709;-139.2664846202
4392;223008;40918;100358;82.6859639383;-103.7657239714
4393;223028;40928;100358;92.1803567151;-103.2675347925
4386;222885;40926;100341;89.8495747815;-119.6361542493
4387;222905;40921;100340;84.4268657536;-120.0399611753
4388;222924;40916;100332;79.0312702708;-127.4067490666
4389;222940;40925;100325;87.5926527655;-133.7417030184
4390;222971;40924;100319;86.1612283477;-139.0499822005
4391;222988;40919;100323;80.7244582642;-134.391869982
4392;223008;40918;100358;79.2838752547;-98.9154824064
4393;223028;40928;100358;88.7952784749;-98.4415444353
4394;223044;40937;100355;97.2493353154;-101.0084186681
4395;223064;41016;100361;175.2092045588;-94.8348257872
4396;223095;40930;100335;88.3193006093;-119.8545172961
4397;223111;40942;100309;100.3286531469;-145.5038957535
4398;223127;40932;100360;90.538297084;-93.9261355336
4399;223144;40927;100375;85.2301697727;-78.4721496408
4400;223164;40938;100375;95.7972357247;-78.0299135495
4401;223193;40951;100360;107.9947413735;-92.7099627107
4402;223213;40946;100358;102.1424169702;-94.447415501
4403;223230;40945;100374;100.5124649976;-77.8505482165
4404;223246;40950;100370;104.9552219082;-81.2143822727
4405;223262;40942;100373;96.5953998579;-77.7899970186
4406;223290;40950;100368;103.8158123555;-82.4104510447
4407;223310;40951;100383;104.2424608127;-67.0038020688
4408;223330;40947;100372;99.6917304239;-77.5438028511
4409;223350;40949;100384;101.1335080832;-65.1457201429
4410;223372;40950;100388;102.2034871583;-61.2671804935
4411;223388;40956;100405;107.5347282008;-44.3720670422
4412;223404;40965;100407;115.7252862795;-42.2362396871
4413;223436;40975;100405;124.7584940441;-43.3692277723
4414;223461;40976;100387;125.4438607064;-61.0723053693
4415;223481;40978;100412;127.1003061614;-35.958444606
4416;223501;40976;100407;124.7699371341;-40.8204520695
4417;223506;40969;100398;117.1214085676;-49.5994090826
4418;223526;40957;100357;103.9846388628;-90.2522750731
4419;223542;40969;100383;115.5789098183;-64.1981197533
4420;223573;40973;100376;118.9556311662;-70.7995217994
4421;223594;40976;100370;121.3461116266;-76.3278925931
4422;223614;40970;100368;114.7941912732;-77.8532818734
4423;223628;40957;100386;101.2853090353;-59.5233527911
4424;223648;40965;100351;108.5885771762;-94.2204660916
4425;223668;40965;100343;107.8945747993;-101.8799034085
4426;223684;40972;100338;114.1770084312;-106.3484598655
4427;223715;40959;100346;100.7860963839;-97.5317600568
4428;223739;40967;100378;108.5746267221;-65.2272117984
4429;223747;40972;100343;113.0678072315;-99.7516919406
4430;223767;40944;100332;84.7470323658;-110.249005669
4431;223787;40962;100341;102.3383798713;-100.7940487176
4432;223807;40981;100348;120.8372891362;-93.3765824397
4433;223827;40978;100335;117.093753933;-105.8128577209
4434;223845;40980;100356;118.5460779952;-84.4396764002
4435;223864;40980;100359;117.2697823275;-81.0213469312
4436;223889;40971;100361;107.9733119844;-78.9157022128
4437;223909;41022;100345;158.1781176819;-94.2449075472
4438;223923;40999;100380;134.5018993508;-58.8132591756
4439;223943;40985;100370;119.8427681675;-68.5197355094
4440;223963;40986;100371;120.1786883312;-67.2459711316
4441;223981;40993;100387;126.239185993;-51.2333492554
4442;224015;40996;100403;128.5006982621;-34.7560753139
4443;224040;41043;100397;175.419579689;-40.6375135357
4444;224040;40999;100390;130.7636096798;-47.407929233
4445;224060;41001;100301;132.1275815332;-135.8382123265
4446;224080;40992;100412;122.3660186218;-24.827605445
4447;224100;40987;100419;116.6325275938;-17.8525739095
4448;224122;40998;100388;126.9325332751;-48.3934766889
4449;224157;40998;100406;125.7081756813;-30.106146752
4450;224173;40995;100402;122.5967045849;-34.456401495
4451;224196;41007;100404;133.6244229622;-32.0671246846
4452;224204;41002;100402;127.845029027;-33.9007892464
4453;224224;41000;100405;124.8867935777;-30.8345944494
4454;224245;41002;100396;126.6807452655;-39.6477496882
4455;224270;41000;100395;124.3564504422;-40.3533079993
4456;224290;40998;100376;121.9510132925;-58.9748415509
4457;224309;40988;100378;111.5975487499;-56.7826655498
4458;224325;40991;100379;114.0111125642;-55.4561791407
4459;224348;41003;100361;125.3181845789;-72.9341026194
4460;224368;40997;100361;118.6663790331;-72.4308798287
4461;224394;41010;100353;130.9440482514;-80.0395965834
4462;224414;40998;100346;118.3045076322;-86.724126633
4463;224430;41001;100360;120.4936778872;-72.6009844254
4464;224446;40996;100350;115.4671864953;-82.4896594469
4465;224462;40993;100359;111.8260223968;-73.1079958691
4466;224486;41003;100352;120.5333253974;-79.3962680373
4467;224506;41018;100373;135.2067182647;-58.1494147472
4468;224526;41011;100352;127.9185108976;-78.7989756309
4469;224552;41003;100349;119.5525568015;-81.4337836318
4470;224572;40990;100359;106.1233730439;-71.1084080328
4471;224589;40997;100350;112.0122098781;-79.3902809383
4472;224607;41004;100365;118.7320793719;-64.0347637915
4473;224623;41005;100350;119.1968789915;-78.7006890102
4474;224643;40998;100361;111.486194234;-67.4493780541
4475;224665;41010;100354;122.7803551297;-74.1057967284
4476;224685;41001;100353;113.1892565664;-74.7065884393
4477;224714;41006;100359;117.6659505252;-68.4321208992
4478;224733;41006;100359;117.4357948648;-68.2174693978
4479;224752;41017;100361;127.7433450756;-65.6774315307
4480;224769;41000;100349;109.9814132276;-77.2257260811
4481;224787;41007;100349;116.3651862499;-77.0037871102
4482;224807;41006;100359;114.7996049319;-66.8934257445
4483;224840;41017;100363;125.1204572606;-62.2691592532
4484;224860;41014;100353;121.4686887266;-71.612056779
4485;224878;41012;100376;118.9940439586;-48.4101312937
4486;224894;41027;100464;133.6149216283;39.0399921763
4487;224912;41006;100355;112.2596568763;-69.764469867
4488;224929;41021;100375;126.6135596401;-49.5750170316
4489;224955;41022;100367;126.8352139429;-57.3449297479
4490;224975;41020;100373;124.094863793;-51.1333786168
4491;224995;41011;100383;114.4026183368;-40.9730618775
4492;225021;41023;100379;125.3640080385;-42.7184893843
4493;225038;41027;100364;129.1479661096;-59.3232361461
4494;225056;41018;100370;119.567402405;-52.9977466927
4495;225074;41021;100368;121.9748316301;-54.6635429867
4496;225097;41035;100361;135.3203199968;-61.2766852747
4497;225117;41026;100358;125.7111923578;-63.8877152296
4498;225137;41024;100345;122.5853100745;-74.9178409876
4499;225142;41017;100353;115.0073835241;-66.5832517826
4500;225162;41015;100236;113.0720776642;-184.3241003953
4501;225194;41014;100318;111.6673286959;-101.9821505883
4502;225210;41013;100359;109.972723903;-60.3722223544
4503;225226;41019;100354;115.0875397301;-64.9638372345
4504;225241;41023;100334;118.4039749726;-84.5823528789
4505;225261;41012;100335;106.7938567089;-83.2374405148
4506;225281;41030;100345;124.096417576;-72.944581379
4507;225318;41019;100350;112.7655920666;-67.71242199
4508;225334;41009;100362;102.3690107097;-55.4752801121
4509;225353;41012;100347;104.8202145481;-70.1703077077
4510;225369;41019;100347;110.7506994455;-69.6453137395
4511;225393;41014;100349;105.8713120443;-67.2466784356
4512;225421;41017;100347;108.441617998;-68.8897580025
4513;225441;41034;100364;124.8532894159;-51.6266400222
4514;225461;41019;100357;109.3430802471;-58.3297821174
4515;225480;41021;100343;110.6141577496;-72.0303823023
4516;225496;41051;100446;139.9620782066;30.7145465282
4517;225512;41036;100354;124.2599432904;-61.0388999087
4518;225528;41012;100350;99.5305531267;-64.7786956777
4519;225542;41011;100349;98.1504938257;-65.416345252
4520;225562;41017;100356;103.8688110175;-58.0504126935
4521;225582;41024;100366;110.5547217591;-47.735898581
4522;225605;41011;100341;96.7991283174;-72.4099894124
4523;225625;41008;100354;92.6621883866;-59.2463840214
4524;225642;41010;100373;94.6054049044;-40.1902102043
4525;225677;41026;100376;109.8536732417;-36.6862208796
4526;225701;41029;100373;112.0565140115;-39.507709211
4527;225721;41019;100361;101.4006623607;-51.40011776
4528;225741;41026;100368;107.7123640724;-44.3287766994
4529;225745;41015;100369;96.1979246749;-43.1495154958
4530;225765;41017;100360;98.3361616778;-51.8133175423
4531;225785;41028;100364;108.8500742526;-47.3004316331
4532;225817;41028;100361;108.0210798755;-50.270824208
4533;225822;41024;100386;103.4781958198;-25.1961305721
4534;225842;41023;100365;102.0210323074;-46.0254470353
4535;225879;41003;100358;81.6644200049;-52.6494210309
4536;225899;41017;100354;95.2091873655;-56.2824677235
4537;225922;41007;100356;84.733377368;-54.141503012
4538;225938;41003;100417;80.1423401841;6.9470577215
4539;225954;41017;100282;93.6087959451;-127.365269385
4540;225970;41006;100323;82.2440851522;-86.100299083
4541;225993;41015;100314;90.6624096039;-94.7983645472
4542;226004;41015;100334;90.1396784931;-74.3901673184
4543;226024;41011;100319;85.5840197282;-88.8259607637
4544;226044;41005;100302;79.0605226663;-105.1789450799
4545;226064;41003;100313;76.5490264988;-93.5895343127
4546;226083;41004;100307;77.7076763231;-99.5033299357
4547;226114;41001;100291;74.6652333866;-115.126594905
4548;226130;41008;100305;80.8067316083;-100.0220253547
4556;226281;41007;100330;79.4219140443;-74.9581442026
4557;226301;41003;100333;75.105453509;-71.5951012835
4558;226321;41017;100314;88.7208848267;-90.138815579
4559;226341;41017;100331;88.3385485382;-72.769753303
4549;226149;41014;100313;84.9780005911;-88.6893190061
4550;226169;40989;100305;59.425903191;-97.8754317221
4551;226189;40999;100304;69.077512638;-98.3894023601
4552;226216;41004;100310;73.7058640379;-91.9358031448
4553;226232;41007;100326;76.3210736807;-75.5644719257
4554;226248;40995;100321;63.9982072753;-80.1699973626
4555;226264;40992;100303;60.6919552019;-97.6874951723
4556;226281;41007;100330;75.3122343889;-70.342405493
4557;226301;41003;100333;71.0163222519;-67.0024412674
4558;226321;41017;100314;84.6521992259;-85.569118863
4559;226341;41017;100331;84.2902063653;-68.2229050706
4560;226374;41020;100329;87.0099006543;-69.7496094015
4561;226390;41011;100329;77.6125237008;-69.6480199335
4562;226406;41010;100327;76.6628170691;-71.3057862852
4563;226426;41003;100338;68.979018876;-59.7019722153
4564;226446;40981;100352;46.8417954006;-45.5929259522
4565;226467;41001;100353;66.4875246908;-44.5206424394
4566;226485;41001;100341;66.1694352546;-56.2321753731
4567;226505;41017;100341;81.8339868009;-55.8391392228
4568;226525;41013;100342;77.5205859444;-54.4524668488
4569;226551;41012;100348;75.5336677896;-48.3292605185
4570;226568;41031;100349;95.0619151202;-47.2396162842
4571;226599;41019;100365;82.4141123401;-30.8349543098
4572;226606;41018;100361;80.9291464835;-34.6145009061
4573;226626;41037;100362;99.3811686652;-33.516779679
4574;226646;41009;100371;70.9756767783;-24.4648642823
4575;226668;41010;100373;71.5611385306;-22.7424848523
4576;226684;41027;100376;88.0059320008;-19.7155631935
4577;226716;41011;100380;71.182945782;-14.8800748782
4578;226732;41017;100389;77.3324531451;-6.0897655886
4579;226748;41013;100391;73.0791862712;-4.1341798771
4580;226768;41017;100374;76.7446107867;-21.0663732166
4581;226788;41023;100389;82.3819521781;-6.0740579816
4582;226806;41009;100370;68.0639479505;-24.9448316662
4583;226826;41011;100365;69.6524289377;-29.6383327632
4584;226858;41008;100368;67.1641967869;-27.1290812745
4585;226874;41035;100356;93.2681612401;-38.5429221403
4586;226885;41011;100370;68.7917584075;-24.4063667154
4587;226905;41015;100350;72.276808991;-44.2733533669
4588;226925;41001;100384;57.8336609703;-10.3114112488
4589;226949;41013;100372;69.5229089027;-22.0282988852
4590;226976;41013;100369;69.2879808946;-24.5940613717
4591;226994;41011;100367;66.5529754031;-26.5226158685
4592;227011;41000;100366;55.4998704286;-27.6007629894
4593;227029;41006;100362;61.3902311305;-31.6385225696
4594;227041;40998;100368;53.2491656247;-25.5943747781
4595;227061;41017;100355;72.1137048275;-38.3083839745
4596;227081;41000;100377;55.065032399;-16.1333142442
4597;227123;40994;100377;48.9893416872;-16.327467426
4598;227140;40992;100378;46.1767500155;-15.0485838191
4599;227157;40981;100416;34.7190801316;22.9246478663
4600;227175;41011;100367;64.3013700578;-25.8309808971
4601;227187;41001;100365;54.0992200862;-27.7616394443
4602;227207;41003;100375;55.9706326799;-17.8347965113
4603;227236;41008;100373;61.0789603678;-19.793226616
4604;227256;41014;100365;67.0662039965;-27.6652830038
4605;227274;40998;100374;50.7175997088;-18.6941296829
4606;227290;41008;100377;60.5055745722;-15.3176768295
4607;227306;41010;100385;61.9609767887;-7.2592590369
4608;227325;41018;100391;69.5625740994;-1.4603486894
4609;227345;41004;100388;55.736443088;-4.4163255858
4610;227371;41003;100396;54.1521725906;3.6908549192
4611;227391;41022;100400;72.4219061546;7.7606283109
4612;227411;41008;100402;57.7634404158;9.8206307533
4613;227435;41000;100416;49.2337874256;23.3046352814
4614;227452;41011;100410;60.4645465505;16.9929903743
4615;227469;41010;100412;58.682136085;19.0458461794
4616;227493;41022;100384;70.4720342523;-8.7003281377
4617;227522;41002;100390;50.4932671671;-2.8125343037
4618;227542;40997;100408;45.4548323716;15.0031167779
4619;227554;41003;100396;51.0838034608;3.0262670779
4620;227574;41011;100407;58.5193133013;14.0612509982
4621;227590;41008;100382;55.30701125;-10.8803807464
4622;227610;40993;100378;40.0356899058;-15.2322098132
4623;227629;41001;100390;47.4306959539;-3.2387674809
4624;227643;41006;100381;52.4290369478;-12.2271854074
4625;227663;40999;100364;45.7146823317;-29.1752065944
4626;227683;40997;100380;44.0114574064;-13.2039086585
4627;227716;40997;100373;45.3466074849;-20.2193331486
4628;227733;40982;100350;29.6210860236;-42.5631479158
4629;227749;41009;100378;55.4941987719;-14.1777631911
4630;227765;40993;100367;37.9788217601;-24.6537386618
4631;227788;41001;100366;44.5221715282;-25.4118986187
4632;227808;40987;100353;30.7932670605;-38.5647062724
4633;227828;40996;100360;40.0201551735;-31.7534500121
4634;227848;40997;100360;41.3782364408;-31.8012731388
4635;227868;40995;100346;39.8825307942;-45.6381718704
4636;227899;40985;100368;31.4851671704;-22.5903824178
4637;227915;41005;100387;50.1316093826;-3.6946420981
4638;227932;40991;100332;35.3459609518;-58.5188718173
4639;227958;40985;100354;28.5013543396;-36.6051242885
4640;227978;40997;100338;39.7633761744;-52.5608275498
4641;227998;40984;100350;26.0914039163;-40.5778095148
4642;228005;40986;100335;27.8594552075;-55.448758529
4643;228025;40972;100329;13.9184132602;-61.7992776025
4644;228057;40984;100331;25.7853161025;-58.8254705235
4645;228073;40978;100335;20.0120458224;-54.6056587361
4646;228097;40974;100328;16.1047393595;-61.308634387
4647;228117;40970;100331;11.9515269334;-58.0250163819
4648;228137;40988;100320;29.7086235891;-68.6878054894
4649;228159;40987;100302;28.0406156854;-85.2497805212
4650;228175;40971;100304;11.7562705132;-83.2812368509
4651;228191;40977;100312;18.3822852386;-76.260834551
4652;228207;40963;100317;4.7365655212;-71.3435439278
4653;228239;40977;100311;16.2151919058;-74.9773118535
4654;228251;40972;100319;11.0402485768;-66.5741868265
4655;228271;40964;100341;4.7511994931;-45.0570077744
4656;228291;40969;100315;11.4372918476;-71.4109142884
4657;228313;40963;100311;5.9005703922;-75.1083368065
4658;228333;40969;100308;10.7330360855;-77.0143798415
4659;228350;40968;100308;10.6537504623;-76.9671723155
4660;228366;40964;100299;5.4819801778;-85.6414683919
4661;228391;40953;100280;-5.0438705844;-104.3270425052
4662;228420;40956;100282;-2.4914154146;-101.4032993339
4663;228440;40958;100270;-0.9865038213;-112.4581357272
4664;228460;40956;100287;-3.4716055709;-94.6007549394
4665;228476;40958;100282;-1.9147989121;-99.4842024132
4666;228492;40964;100267;4.3827556072;-114.0861394228
4667;228508;40951;100272;-8.9969182612;-108.3224866342
4668;228533;40954;100253;-5.4590717763;-126.722081706
4669;228553;40925;100257;-33.7162926483;-122.0310858251
4670;228573;40948;100265;-10.0893505948;-113.3831166282
4671;228597;40932;100246;-25.4904635983;-131.6808004564
4672;228617;40944;100240;-13.290176069;-137.0238618922
4673;228633;40940;100234;-17.0961666989;-142.8285079849
4674;228649;40934;100233;-21.9652393878;-143.1637542247
4675;228680;40938;100243;-19.141482486;-132.3282923878
4676;228694;40922;100238;-35.442140668;-136.6464648927
4677;228714;40948;100224;-9.9297374604;-149.8505831148
4678;228734;40937;100216;-21.362573598;-157.0184216793
4679;228746;40937;100222;-21.1059480235;-150.422150322
4680;228766;40937;100216;-20.4825000597;-156.0004295565
4681;228797;40928;100215;-29.0560793045;-155.8342185082
4682;228813;40925;100203;-32.4219861578;-166.6334481814
4683;228829;40926;100195;-30.2174644186;-174.0639241228
4684;228849;40923;100212;-32.1397067668;-156.5619327569
4685;228869;40925;100237;-29.6945904574;-130.6502644052
4686;228889;40925;100198;-29.2502638922;-168.5468341521
4687;228918;40932;100202;-22.6124342472;-163.7924077567
4688;228938;40906;100202;-48.9744368379;-163.1608791538
4689;228956;40915;100202;-40.1465415126;-162.3217369494
4690;228972;40926;100198;-29.1250832201;-165.4380002138
4691;228988;40926;100204;-28.826971562;-158.7268172551
4692;229007;40914;100206;-40.8678441083;-156.0119963296
4693;229027;40919;100212;-36.0059453051;-149.3273759351
4694;229053;40917;100181;-37.741121674;-179.4461954848
4695;229075;40912;100199;-42.6212213836;-160.806587343
4696;229101;40923;100196;-30.8247043544;-163.290156714
4697;229117;40922;100213;-32.2070677281;-145.0831547804
4698;229140;40901;100213;-52.9693640343;-144.2230479252
4699;229159;40928;100225;-25.9065935721;-131.6736916819
4700;229179;40914;100209;-39.7927230526;-147.0737871939
4701;229199;40920;100230;-33.7098498513;-125.5825298946
4702;229221;40924;100234;-28.7214379396;-121.0409743596
4703;229237;40930;100230;-22.8773390138;-124.2980922031
4704;229253;40925;100242;-27.9175114607;-111.7448483408
4705;229269;40934;100239;-18.8400639065;-114.0393999944
4706;229295;40902;100238;-51.3922066512;-114.3279062296
4707;229307;40911;100231;-42.0430562401;-120.772010421
4708;229327;40914;100211;-38.3044729026;-140.2040452626
4709;229347;40908;100215;-43.536853551;-135.6595562339
4710;229375;40911;100212;-40.5817165622;-137.6835247274
4711;229395;40905;100209;-46.8035130848;-140.0471222097
4712;229413;40913;100202;-37.9493361198;-146.5598785719
4713;229430;40913;100209;-37.7093612193;-138.9847488691
4714;229447;40904;100211;-46.6564227598;-136.3879475838
4715;229467;40915;100215;-35.7525458246;-131.8232478518
4716;229487;40909;100208;-41.8195709323;-138.226803396
4717;229517;40919;100212;-30.8059909564;-133.7069147961
4718;229533;40924;100207;-25.1596135105;-137.576258107
4719;229549;40915;100208;-34.918496943;-135.7359908368
4720;229581;40900;100212;-50.27315573;-131.2232203176
4721;229592;40914;100248;-36.0718253646;-94.7799855011
4722;229612;40911;100227;-38.3902929325;-115.2066972638
4723;229632;40897;100233;-51.6397303177;-108.6662527425
4724;229657;40902;100222;-46.1080916771;-119.0636490717
4725;229677;40907;100196;-40.9341961712;-144.3293211642
4726;229693;40891;100212;-57.3743089344;-127.1856764942
4727;229709;40916;100209;-32.4420444404;-129.3219259386
4728;229727;40905;100224;-43.2985644491;-114.090841778
4729;229747;40907;100224;-40.5443444934;-113.7689039343
4730;229783;40906;100226;-41.3547151308;-111.244488482
4731;229803;40912;100238;-35.3221003245;-98.7169118876
4732;229810;40921;100243;-26.2804357362;-93.2653379094
4733;229830;40918;100260;-29.4402398764;-75.9411067052
4734;229861;40924;100260;-24.3627260054;-75.586083354
4735;229877;40920;100308;-27.5655101118;-27.7959953014
4736;229904;40919;100279;-27.8632063523;-56.4280438785
4737;229924;40927;100284;-19.3927867758;-51.0685597609
4738;229937;40920;100286;-26.4357810597;-48.7788277206
4739;229957;40918;100296;-28.6818598145;-38.5162444077
4740;229973;40927;100294;-19.4051953726;-40.2528981113
4741;229989;40934;100308;-11.8943233156;-26.1501359852
4742;230020;40916;100308;-29.4881994394;-26.2001864167
4743;230042;40969;100333;23.4525428466;-1.2556584832
4744;230056;40929;100316;-16.7450210961;-18.1388331669
4745;230076;40929;100323;-17.1326410877;-11.0315622377
4746;230096;40935;100332;-11.5506932508;-1.9695192506
4747;230126;40927;100336;-19.2090555099;1.9158483549
4748;230142;40915;100357;-30.8371544161;22.6757276289
4749;230158;40950;100309;3.8571395785;-25.1434261385
4750;230174;40930;100351;-15.907741439;16.7790743012
4751;230201;40946;100353;-0.1973411532;18.7072722379
4752;230221;40946;100360;-0.451996231;25.5938974028
4753;230241;40935;100362;-11.6516471899;27.4712151084
4754;230260;40935;100374;-12.1612660389;39.3014213602
4755;230277;40943;100367;-3.8449395686;32.2659089044
4756;230293;40933;100352;-13.7507155672;17.3072567403
4757;230309;40937;100366;-9.347106426;31.1482138012
4758;230340;40952;100358;6.5853352785;22.9217310904
4759;230360;40932;100363;-12.9316698678;27.6939777256
4760;230371;40944;100353;-0.7347430026;17.5598718815
4761;230391;41014;100346;68.5565088845;10.5610942439
4762;230411;40942;100345;-3.7905283139;9.5676267967
4763;230442;40941;100354;-3.9135323567;17.9924258992
4764;230458;40952;100315;6.5035767218;-20.7847874324
4765;230477;40934;100343;-12.0818079414;7.7635504404
4766;230505;40946;100338;-0.1074407929;2.5143862864
4767;230525;40938;100344;-8.0369667681;8.2360226263
4768;230543;40934;100327;-11.9946903073;-8.733783357
4769;230563;40937;100326;-9.0012909418;-9.5573845884
4770;230579;40944;100336;-1.7982380432;0.4678420302
4771;230595;40938;100341;-7.9309248428;5.4802928265
4772;230617;40927;100358;-18.520552526;22.3280453913
4773;230642;40930;100343;-15.1842965944;7.1509674542
4774;230657;40941;100342;-4.3560504775;6.1487181679
4775;230677;40938;100343;-7.6451901909;7.1802524467
4776;230697;40928;100349;-17.8845161959;13.1820112835
4777;230723;40926;100346;-19.8251093166;9.72775923
4778;230739;40925;100336;-21.0220915364;-0.169859181
4779;230755;40942;100350;-4.3953164728;14.0118545914
4780;230771;40937;100360;-8.9503194641;23.7982712984
4781;230784;40935;100354;-10.967937845;17.6716391983
4782;230804;40947;100349;0.7807276584;12.5779280158
4783;230824;40925;100349;-21.3605574121;12.484579056
4784;230860;40944;100352;-1.8702939323;15.133553043
4785;230877;40928;100352;-17.372113341;15.0926995383
4786;230895;40933;100356;-12.0424647782;19.3037547424
4787;230912;40928;100344;-16.5108067096;7.4988257036
4788;230940;40937;100364;-6.9368643329;26.7816618222
4789;230958;40934;100367;-9.803307254;29.5007113876
4790;230978;40919;100359;-24.9355302066;21.6538987395
4791;230998;40938;100382;-6.1633933699;44.6926789841
4792;231016;40930;100380;-13.9919273921;42.214776065
4793;231033;40947;100371;3.0770466568;32.8606863397
4794;231049;40929;100373;-15.437095434;34.8288644654
4795;231068;40940;100372;-4.2337116013;33.7657915819
4796;231088;40935;100365;-9.2096812859;26.5667628485
4797;231124;40946;100373;1.3899574404;34.3203116313
4798;231144;40926;100342;-18.8756978786;3.2728370427
4799;231149;40941;100359;-3.895582628;20.1540321264
4800;231169;40935;100357;-9.8498545368;18.0170632512
4801;231200;40938;100347;-6.6171413137;7.9907660795
4802;231216;40932;100341;-12.2016240166;1.8590985503
4803;231239;40925;100331;-19.1350961247;-8.0783634862
4804;231250;40943;100328;-1.2186705968;-10.9880229684
4805;231270;40927;100343;-17.3285597735;4.0789058396
4806;231288;40937;100354;-7.278880461;15.0245999504
4807;231309;40932;100339;-12.2762981361;0.0623629309
4808;231329;40938;100351;-6.3151642914;12.0409648903
4809;231351;40941;100355;-3.2591559447;16.0721070394
4810;231382;40932;100338;-11.4496538407;-1.1187581475
4811;231398;40902;100355;-41.2253360973;15.8149644852
4812;231418;40917;100340;-26.3484809638;0.8514456593
4813;231438;40918;100340;-25.4772864059;0.8879935299
4814;231468;40912;100353;-31.519704239;13.6183474276
4815;231487;40918;100348;-24.7930430139;8.5086562377
4816;231503;40933;100334;-9.7623182433;-5.3993280594
4817;231519;40894;100388;-48.9122049939;48.8070670875
4818;231544;40933;100360;-9.9467569903;20.4485785925
4826;231703;40928;100381;-15.3737702708;41.1045774828
4827;231723;40925;100383;-18.1502214114;42.7851049592
4828;231743;40929;100366;-13.9471092854;25.5517561318
4819;231552;40939;100359;-3.2985081793;20.4815694837
4820;231572;40929;100420;-14.2930781246;79.3398356881
4821;231592;40920;100364;-23.1819180464;23.21446488
4822;231612;40938;100371;-5.1613137686;30.0547209258
4823;231631;40927;100357;-16.0858125122;15.9657756914
4824;231662;40930;100370;-13.0256887621;28.8122751833
4825;231678;40902;100385;-40.8258656307;43.5845421776
4826;231703;40928;100381;-14.6004091331;39.2690045535
4827;231723;40925;100383;-17.3807270794;40.9587098945
4828;231743;40929;100366;-13.1814624251;23.7344930424
4829;231768;40912;100362;-30.0064748098;19.2932960357
4830;231784;40932;100391;-10.15908765;48.3785153485
4831;231800;40941;100359;-1.5669267575;16.543127644
4832;231816;40930;100380;-12.6553413375;37.4267109812
4833;231832;40926;100379;-15.6481587725;35.6597053621
4834;231853;40921;100371;-20.4014551799;27.49411696
4835;231873;40934;100385;-7.3544980447;41.3462126081
4836;231893;40932;100363;-9.2977188736;19.3094026636
4837;231926;40935;100344;-6.2783407191;0.2882401277
4838;231942;40916;100354;-24.6108574073;10.1688812451
4839;231959;40923;100343;-17.6186639079;-0.5841904663
4840;231975;40923;100338;-18.0439085888;-5.3879549427
4841;231992;40922;100345;-19.4054868505;1.6881578552
4842;232012;40926;100338;-15.6209894413;-5.3762907938
4843;232032;40905;100358;-36.731857293;14.4591697958
4844;232052;40917;100338;-24.9036135793;-5.6049599222
4845;232069;40913;100343;-27.8883679036;-0.7039770528
4846;232103;40922;100340;-18.1658783219;-3.7896672065
4847;232120;40914;100345;-26.1866699877;1.4153061872
4848;232144;40927;100337;-13.3927221644;-6.4379142906
4849;232150;40926;100332;-14.342054847;-11.3746546833
4850;232170;40920;100343;-20.1415494134;-0.3522322882
4851;232190;40907;100342;-32.8765377932;-1.3247753637
4852;232210;40924;100327;-15.8110620096;-16.3880953796
4853;232230;40904;100338;-35.7596929811;-5.6725673829
4854;232264;40913;100371;-26.6979209463;27.598265659
4855;232269;40949;100344;9.3178751265;0.582415786
4856;232289;40914;100347;-25.2753616419;3.4556098849
4857;232314;40918;100356;-21.2179528169;12.3719302006
4858;232334;40915;100335;-24.2606480552;-8.5687588509
4859;232367;40907;100359;-32.2591428664;15.3551761802
4860;232385;40919;100344;-20.3521393041;0.2830469697
4861;232403;40922;100363;-17.0452251152;19.2063040307
4862;232421;40916;100347;-22.4884392305;3.3603028269
4863;232439;40903;100362;-35.1844064971;18.0559758626
4864;232459;40895;100351;-42.872810521;6.729097112
4865;232475;40919;100347;-18.9273548968;2.8037399226
4866;232495;40907;100349;-31.0248760824;4.9869526475
4867;232515;40913;100350;-25.1531688687;6.165336463
4868;232532;40901;100349;-36.9226147874;4.7480688908
4869;232565;40912;100338;-26.0517970868;-6.3049047949
4870;232570;40908;100313;-29.9769461145;-31.1036723613
4871;232590;40915;100349;-23.2156000978;4.9777056464
4872;232621;40911;100366;-26.9733921793;21.9494016173
4873;232641;40910;100349;-27.3168740533;4.913417439
4874;232661;40906;100347;-30.6410281545;2.8876020149
4875;232684;40918;100336;-18.4156088909;-7.8953450773
4876;232701;40917;100339;-19.5661524137;-5.0004333698
4877;232719;40910;100338;-27.1930646046;-5.9395552814
4878;232745;40917;100357;-20.0662041349;12.9995285307
4879;232766;40908;100334;-28.7481186085;-10.0030684181
4880;232786;40903;100335;-33.4156566993;-9.0105915669
4881;232806;40902;100339;-34.0790208144;-5.0382964708
4882;232829;40911;100332;-25.1383844557;-12.0482662723
4883;232848;40899;100332;-37.1411739147;-11.8582702408
4884;232866;40916;100313;-20.0736466567;-30.7464382512
4885;232882;40887;100365;-48.6472507815;21.0221249045
4886;232902;40917;100334;-18.248808371;-10.1039912089
4887;232919;40891;100324;-44.515055912;-19.9128129643
4888;232944;40907;100323;-28.4492033871;-20.763511278
4889;232964;40902;100346;-33.21072312;2.2334518947
4890;232982;40911;100332;-24.1858626014;-11.7846593711
4891;233000;40910;100316;-24.3163461477;-27.7323978469
4892;233016;40907;100333;-27.4226144871;-10.7539399677
4893;233040;40898;100323;-36.2752036469;-20.5415229174
4894;233064;40902;100328;-31.9557397688;-15.4448292654
4895;233084;40911;100325;-22.6692342739;-18.3688188237
4896;233104;40903;100332;-30.3432971451;-11.3282208176
4897;233123;40898;100329;-35.7981601264;-14.0584124407
4898;233139;40909;100323;-24.6805280055;-19.9366721132
4899;233155;40904;100330;-29.3246914195;-13.202813683
4900;233171;40903;100325;-29.8556997215;-18.0151566446
4901;233195;40899;100319;-33.9544711115;-23.786222441
4902;233230;40908;100319;-25.2049833953;-23.6534951894
4903;233250;40887;100323;-46.1767995692;-19.5666069484
4904;233262;40894;100331;-38.8847819742;-11.5386893933
4905;233282;40903;100361;-29.309878313;18.3018403341
4906;233298;40903;100319;-28.9041257467;-23.668534994
4907;233314;40897;100318;-34.9527309579;-24.3104830705
4908;233346;40906;100323;-25.8504593761;-19.3161201668
4909;233366;40899;100298;-32.9230506643;-44.2856168015
4910;233386;40900;100326;-31.9340831764;-16.1533605873
4911;233390;40887;100317;-44.7449614926;-25.0196809766
4912;233410;40894;100321;-37.5698680534;-20.9083926957
4913;233430;40894;100310;-37.2725382498;-31.8014989085
4914;233464;40898;100324;-33.2541024414;-17.9642271528
4915;233480;40909;100328;-22.3197230998;-13.6627134175
4916;233492;40907;100309;-24.2261269965;-32.5029976283
4917;233512;40881;100307;-49.9797831771;-34.3959691272
4918;233532;40883;100301;-47.7446710768;-40.2597549352
4919;233551;40885;100285;-45.8041794827;-55.8210188607
4920;233571;40884;100292;-47.0917170723;-48.2408649705
4921;233605;40883;100279;-46.6910331547;-61.5194854841
4922;233628;40885;100298;-43.9658749256;-42.4063564765
4923;233637;40880;100305;-48.826239893;-35.1876703571
4924;233657;40938;100301;8.7198387634;-38.8369308441
4925;233677;40888;100303;-41.4838485537;-36.4971174549
4926;233693;40893;100329;-36.4429063303;-10.4296059304
4927;233713;40880;100327;-49.1880012384;-12.4516087783
4928;233744;40906;100336;-23.0556064026;-3.2933174164
4929;233760;40846;100332;-82.1740089465;-7.5090976373
4930;233776;40899;100327;-28.8005613531;-12.5899140964
4931;233792;40888;100337;-39.6217058312;-2.5606969525
4932;233812;40894;100347;-33.5149447171;7.4496188036
4933;233832;40890;100360;-37.3890136924;20.3951721177
4934;233861;40892;100380;-35.7227254883;40.0445222492
4935;233878;40898;100371;-29.4335247798;30.8567187407
4936;233894;40904;100389;-23.7501360668;48.6910422754
4937;233925;40887;100373;-41.1804070191;32.7781762823
4938;233937;40895;100415;-32.8991360462;74.3164475972
4939;233957;40885;100388;-42.4486843796;46.9028725996
4940;233971;40910;100394;-17.1977917141;52.5108677953
4941;233991;40866;100397;-60.5783456306;55.2756897123
4942;234011;40909;100369;-17.1753941509;27.1819524742
4943;234032;40896;100386;-29.8714914161;43.9615561688
4944;234063;40891;100406;-35.1326115491;63.7620595159
4945;234079;40897;100414;-29.1555155001;71.4683508361
4946;234089;40911;100417;-14.9071033355;74.0592584493
4947;234109;40899;100406;-26.2921149293;62.6431947389
4948;234141;40894;100425;-31.3032972376;81.3188910432
4949;234161;40910;100410;-15.7361914666;66.1392864998
4950;234184;40891;100404;-34.4377110506;59.2796634587
4951;234204;40913;100433;-12.633383531;87.9548394048
4952;234221;40905;100417;-21.2437067576;71.9114067659
4953;234243;40888;100419;-37.4608120412;73.2136162299
4954;234250;40915;100416;-10.2708126814;69.8050207152
4955;234270;40901;100409;-24.223831482;62.6993799453
4956;234290;40905;100412;-20.1974245684;65.5803625242
4957;234313;40898;100400;-27.2636677514;53.2761740079
4958;234333;40896;100409;-29.4060986542;61.6666546434
4959;234365;40906;100400;-18.8111051789;52.3789933584
4960;234387;40892;100411;-32.5927891044;63.0028219388
4961;234407;40894;100391;-30.4163680368;42.7185705619
4962;234427;40906;100388;-18.3368267344;39.4997823892
4963;234447;40877;100384;-47.2211585313;35.4500494684
4964;234465;40897;100373;-27.0425097313;24.294480536
4965;234482;40942;100378;17.3461820392;29.3309688388
4966;234497;40893;100384;-31.4311487629;35.334192213
4967;234513;40888;100392;-35.534806175;43.1514053507
4968;234546;40884;100391;-38.9039835561;41.6841026305
4969;234567;40890;100385;-32.671924621;35.4532481125
4970;234587;40892;100309;-30.5667679117;-40.3040223404
4971;234607;40883;100385;-39.4173632391;35.5577408498
4972;234627;40896;100394;-27.4645427584;44.3565827181
4973;234643;40884;100398;-39.7044004875;48.0747095382
4974;234659;40893;100406;-30.8396978761;55.633163218
4975;234675;40900;100411;-22.9322323049;60.2822148193
4976;234694;40893;100415;-29.4157017723;63.9334384768
4977;234714;40907;100400;-15.0438791612;48.6610980066
4978;234734;40913;100399;-8.7024073088;47.3950309205
4979;234768;40905;100424;-17.0439574799;72.212818905
4980;234784;40896;100408;-26.0187480292;55.7853389363
4981;234800;40900;100425;-22.0499742881;72.2989577743
4982;234816;40894;100439;-27.7172879922;85.9516990965
4983;234839;40901;100426;-21.1211019329;72.5651092002
4984;234859;40903;100425;-19.5411639481;71.1713064103
4985;234880;40913;100432;-9.4343120663;77.9429275744
4986;234900;40904;100432;-18.1509355115;77.7531222613
4987;234916;40891;100448;-30.8396590587;93.1949832995
4988;234932;40907;100444;-14.5359907013;88.4650542583
4989;234963;40913;100437;-8.3585700605;81.0759921825
4990;234979;40904;100437;-17.597785788;80.8841265881
4991;234995;40895;100444;-26.2246457618;87.4001314148
4992;235015;40902;100436;-18.7212080507;78.90257202
4993;235035;40907;100435;-13.2432135407;77.4120425891
4994;235070;40901;100432;-20.2947964578;74.4863240852
4995;235086;40907;100425;-14.2026840909;67.0415400317
4996;235102;40877;100421;-44.2835302573;62.2008836569
4997;235120;40886;100415;-34.6269305925;55.8091389871
4998;235132;40905;100412;-15.5335511902;52.6257287948
4999;235152;40887;100410;-33.4610142329;50.5527386076
5000;235181;40889;100388;-30.9018755589;28.3996579602
5001;235201;40883;100388;-36.2997426288;28.1746443892
5002;235220;40890;100405;-29.3417206399;45.3226633908
5003;235236;40886;100392;-33.3485177279;32.3066242381
5004;235252;40889;100395;-30.5292649276;35.0513703213
5005;235275;40881;100398;-38.3814819297;37.7400341957
5006;235295;40874;100388;-45.070835468;27.5797612102
5007;235315;40882;100409;-36.8012852584;48.3152237252
5008;235337;40892;100392;-26.5062318711;31.0381358751
5009;235357;40885;100395;-33.1037546539;33.6290365282
5010;235373;40877;100380;-40.5703450806;18.5196702242
5011;235406;40877;100389;-40.3057181374;27.4562678061
5012;235423;40882;100397;-35.0367429526;35.1166191628
5013;235432;40883;100415;-33.9248462143;52.8550222329
5014;235452;40891;100399;-26.0821718228;36.8193501672
5015;235471;40882;100405;-35.3843596267;42.7148474677
5016;235491;40892;100407;-25.9550747041;44.5775733519
5017;235511;40873;100393;-45.4313928519;30.5114628345
5018;235545;40889;100416;-28.7807441419;53.0716866962
5019;235563;40867;100420;-49.8443646773;56.7694025737
5020;235588;40887;100409;-29.0485939241;45.7355578605
5021;235601;40870;100416;-45.7347166199;52.4382788033
5022;235621;40885;100422;-30.5537829062;58.0323834844
5023;235641;40882;100426;-33.3586002324;61.6079899139
5024;235661;40889;100428;-25.858798651;63.3218030593
5025;235681;40874;100421;-40.1995299448;56.1089055922
5026;235701;40878;100433;-35.9848576242;67.7569981902
5027;235717;40886;100438;-28.1951488544;72.4634425727
5028;235733;40886;100437;-28.5366846251;71.0745511043
5029;235770;40886;100441;-28.5197360499;74.3270498449
5030;235791;40884;100450;-30.6364652071;82.96947145
5031;235811;40886;100456;-28.7622108475;88.5942818227
5032;235832;40884;100452;-31.1128394493;84.1372121459
5033;235848;40868;100409;-46.4484677107;40.8208589327
5034;235864;40882;100426;-32.15022733;57.6269403587
5035;235880;40887;100442;-27.4455192709;73.6573016347
5036;235907;40895;100425;-19.4185127929;55.810697759
5037;235932;40883;100417;-31.0934438934;47.7164515796
5038;235952;40888;100432;-25.817113102;62.570776184
5039;235957;40876;100412;-37.5719465789;42.3483967393
5040;235977;40883;100394;-30.0279235406;23.9427815892
5041;235993;40868;100418;-44.1322372305;47.5805443995
5042;236025;40866;100416;-47.2636191068;45.7080192666
5043;236052;40879;100417;-34.3999732878;46.5799061155
5044;236072;40862;100415;-51.070667405;44.3488530882
5045;236092;40874;100425;-38.8026000541;54.0689553261
5046;236112;40893;100422;-19.5059067987;50.8054570529
5047;236130;40886;100448;-26.0172051769;76.0589646683
5048;236146;40877;100383;-34.6405015198;10.9011665974
5049;236162;40885;100404;-26.7607698804;32.0251514343
5050;236178;40880;100418;-31.7918691851;46.0046945247
5051;236192;40878;100417;-33.5714941253;44.6035904016
5052;236212;40875;100422;-36.2635817415;49.0246520478
5053;236244;40883;100443;-28.2596947893;69.750957184
5054;236264;40871;100411;-40.2307820534;37.7538539767
5055;236281;40878;100410;-33.1068162716;36.3013767226
5056;236297;40876;100435;-34.0882656533;60.7660506953
5057;236313;40873;100422;-37.0927015543;47.337072695
5058;236338;40872;100400;-38.0068743934;25.6492005409
5059;236358;40875;100420;-35.1849239863;45.5406179998
5060;236378;40884;100422;-26.4088254807;47.4232260377
5061;236395;40879;100414;-31.1686418651;39.1832266146
5062;236415;40864;100427;-45.7773195045;51.8505482703
5063;236446;40870;100408;-39.4440187326;32.5859265943
5064;236462;40900;100419;-8.4644542443;43.6628825115
5065;236478;40873;100422;-35.4207911812;46.4458599599
5066;236501;40872;100413;-36.1959208998;37.4716480672
5067;236532;40860;100411;-48.3979648293;35.2483388061
5068;236552;40881;100410;-27.6197418759;33.9987943076
5069;236572;40856;100418;-52.7171834468;41.7101408459
5070;236591;40865;100410;-43.3566417206;33.7189497259
5071;236595;40847;100246;-61.0504051756;-129.6766980812
5072;236615;40882;100409;-26.1171208234;32.5020637249
5073;236631;40861;100402;-46.3857046827;25.6260169742
5074;236651;40883;100393;-23.8453979708;16.6393552593
5075;236671;40870;100394;-36.2576730421;17.6291554081
5076;236695;40863;100394;-42.9229583406;17.5688949581
5077;236715;40855;100396;-50.8762774311;19.4366341154
5078;236747;40860;100388;-44.8310731418;11.2367028519
5079;236763;40853;100391;-51.8242288889;14.3531210965
5080;236779;40861;100392;-44.245735637;15.0554795467
5081;236807;40846;100387;-59.2573451629;9.9312501032
5082;236827;40862;100370;-43.186772697;-7.0534767052
5083;236847;40855;100378;-50.0822641749;0.9216646062
5084;236871;40863;100387;-41.8609282488;9.9030041351
5085;236889;40856;100398;-48.4569246566;20.9532994919
5086;236906;40830;100389;-73.5475915387;11.7486056946
5087;236923;40864;100395;-39.5723917912;18.1125804629
5088;236949;40867;100403;-36.7976333521;25.9237670701
5089;236969;40868;100402;-35.9247635168;24.6629187134
5090;236990;40868;100403;-35.9612634748;25.42585994
5091;237010;40855;100262;-48.7882758942;-115.0567431673
5092;237027;40850;100405;-53.0282601065;27.9518784267
5093;237044;40875;100412;-27.9118673565;34.8332680934
5094;237060;40861;100397;-41.846472889;19.5964111724
5095;237076;40857;100417;-45.4051012197;39.3486630556
5096;237090;40866;100423;-35.9983665637;45.0256813042
5097;237110;40863;100416;-38.4808567051;37.6853630818
5098;237146;40862;100402;-39.6952000092;23.7009717532
5099;237166;40867;100444;-34.9662609672;65.528768033
5100;237182;40867;100430;-34.9866992589;51.3537667748
5101;237198;40862;100434;-39.5785540715;54.4287679141
5102;237214;40861;100451;-39.8215733224;71.3366360133
5103;237252;40867;100458;-33.685518489;78.6517353676
5104;237272;40875;100450;-24.672855775;70.0672548465
5105;237285;40870;100459;-29.5739633618;78.7517481254
5106;237305;40854;100517;-45.5986354397;136.2598973313
5107;237324;40871;100449;-28.0656513361;67.7987263968
5108;237340;40857;100457;-42.7688404401;75.2943395114
5109;237356;40863;100472;-36.1472200655;89.8059295949
5110;237379;40875;100447;-23.8001248842;64.0375876768
5111;237399;40910;100472;11.071679149;88.7943734999
5112;237415;40872;100446;-26.9264786929;62.6082102345
5113;237435;40862;100453;-37.5626481742;69.1326787421
5114;237455;40862;100462;-38.1997376468;77.6139213997
5115;237486;40872;100462;-27.5688750638;77.0082474078
5116;237510;40868;100438;-30.8366565204;52.907412887
5117;237534;40861;100445;-37.2101896374;59.91435595
5118;237545;40862;100432;-36.2165354793;46.7289115147
5119;237565;40848;100426;-50.4619664059;40.5828205446
5120;237585;40858;100434;-40.7586419164;48.3977794265
5121;237605;40862;100439;-37.0763057876;53.188982911
5122;237629;40858;100437;-40.1120711061;50.6519403084
5123;237645;40856;100423;-41.8931088917;36.5294240923
5124;237661;40860;100432;-37.5200602565;45.2524602294
5125;237677;40871;100450;-26.6413985978;63.1264791998
5126;237697;40863;100442;-34.3291609196;54.8396886983
5127;237717;40869;100439;-27.6044999613;51.3251778506
5128;237737;40845;100439;-50.7605210165;50.8119913274
5129;237762;40873;100431;-22.8314097807;42.8414265176
5130;237778;40844;100423;-51.3291845262;34.3546795899
5131;237809;40854;100420;-41.5338139886;31.4032032914
5132;237825;40861;100388;-34.5567126509;-0.4635477746
5133;237830;40857;100415;-38.3942697403;26.3914706371
5134;237850;40851;100433;-44.2418076277;44.0227731876
5135;237893;40849;100428;-47.0021681489;38.7115983325
5136;237913;40849;100406;-47.4242718612;16.6127606811
5137;237931;40854;100408;-42.5524634784;18.5499157805
5138;237947;40826;100450;-70.1136084409;60.0920288701
5139;237963;40856;100408;-39.9431168982;17.7048272382
5140;237979;40850;100416;-45.2043318242;25.6189549842
5141;237998;40842;100410;-52.7459761105;19.7640743344
5142;238018;40863;100418;-31.4467502276;27.8991267871
5143;238043;40844;100417;-49.5818426743;26.5967622992
5144;238072;40849;100423;-43.6054830365;32.351387156
5145;238075;40850;100426;-42.4120445618;35.1882503074
5146;238095;40858;100425;-34.6902118001;34.2466872006
5147;238126;40852;100416;-39.8477991485;25.0506640183
5148;238140;40837;100429;-54.5259734117;37.8255991156
5149;238160;40850;100430;-41.3382401172;38.5956725372
5150;238175;40857;100437;-34.2947780381;45.3846660549
5151;238195;40850;100427;-41.4865771662;35.3246046987
5152;238215;40847;100419;-44.6644066336;27.3054648803
5153;238251;40858;100432;-32.5957452177;39.6530274325
5154;238270;40856;100426;-34.6611361389;33.7642503019
5155;238282;40809;100428;-81.3861007937;35.5812893809
5156;238302;40839;100425;-51.2864340671;32.2722222583
5157;238320;40839;100421;-51.189154484;28.087376409
5158;238340;40847;100405;-43.1796505926;12.1354670923
5159;238360;40846;100414;-44.1662100512;21.1388989001
5160;238377;40849;100410;-40.5102059299;16.972490544
5161;238408;40848;100417;-41.12558352;23.5759464028
5162;238424;40871;100430;-18.0448625744;36.5166849451
5163;238438;40844;100417;-44.8050317698;23.3889412104
5164;238458;40837;100424;-51.5114913652;30.18739236
5165;238480;40829;100428;-59.4572830664;33.9690314997
5166;238511;40838;100427;-49.9820093708;32.92820029
5167;238516;40837;100418;-50.6858695439;23.8245043782
5168;238536;40862;100428;-25.224599145;33.4242512209
5169;238567;40842;100426;-44.6573944548;31.307259996
5170;238583;40838;100418;-48.8751052754;23.3009006444
5171;238595;40848;100418;-38.8923213186;23.1871585525
5172;238615;40856;100435;-30.9327060185;39.9362311322
5173;238635;40847;100429;-39.9288542717;33.7163461825
5174;238664;40838;100430;-48.6402721536;34.4445333908
5175;238684;40843;100420;-43.2737593989;24.2412118277
5176;238700;40844;100425;-42.5217322259;29.2489544762
5177;238716;40838;100421;-48.2789068858;25.0256720937
5178;238748;40840;100429;-45.5345036502;32.7132075857
5179;238764;40832;100429;-53.0940082154;32.5585711039
5180;238784;40805;100424;-79.5954635104;27.5386878294
5181;238804;40845;100419;-39.298913772;22.5445386843
5182;238820;40835;100437;-49.5329248064;40.2050696317
5183;238836;40834;100440;-50.1172225294;42.8470545794
5184;238867;40825;100448;-59.4795866791;50.9342923083
5185;238883;40838;100431;-45.6821734458;33.8253021415
5186;238908;40841;100426;-41.831647411;28.4613796067
5187;238928;40842;100421;-40.1382314491;23.1460428622
5188;238954;40838;100423;-45.0943627403;25.2254767059
5189;238969;40853;100425;-30.2369879167;27.1559041415
5190;238989;40838;100409;-44.6742670186;11.0833178388
5191;239005;40828;100421;-54.05694827;22.69124691
5192;239021;40823;100410;-58.3918455186;11.4066860158
5193;239044;40834;100397;-47.6184064334;-1.0417651937
5194;239058;40829;100401;-52.343013364;2.8914467428
5195;239078;40837;100401;-44.0187562644;2.7029594026
5196;239098;40838;100391;-42.7006019535;-7.4354182148
5197;239123;40842;100387;-38.3917973797;-11.1191151799
5198;239139;40811;100381;-69.4164594768;-16.865264269
5199;239170;40828;100381;-51.8680150502;-17.1675633837
5200;239189;40828;100411;-51.9014867918;12.7879098718
5201;239209;40816;100379;-63.9401342219;-19.0521782178
5202;239232;40828;100367;-51.6433071549;-30.9430979066
5203;239252;40814;100391;-64.7736798884;-7.0869086004
5204;239269;40810;100373;-68.7233560639;-24.7192480692
5205;239285;40819;100380;-59.2913802379;-17.5179393513
5206;239301;40818;100383;-60.0376676164;-14.6333884377
5207;239317;40817;100361;-60.7623094919;-36.5088201065
5208;239340;40818;100367;-59.4296730884;-30.3504293493
5209;239354;40812;100357;-65.0064634032;-40.1363929121
5210;239374;40817;100357;-59.5510010277;-39.9122267831
5211;239394;40818;100361;-58.102034852;-35.709021671
5212;239414;40804;100356;-71.5845323951;-40.4816727707
5213;239448;40808;100346;-67.8593091928;-50.3021353347
5214;239464;40811;100347;-64.2383972424;-49.1732418671
5215;239480;40814;100355;-60.9063100205;-40.7050353427
5216;239510;40816;100358;-58.7271880296;-37.5162880771
5217;239530;40814;100355;-60.504684686;-40.344569835
5218;239550;40814;100346;-60.2836971344;-49.1288271238
5219;239570;40813;100345;-60.6997266452;-49.8329993602
5220;239586;40808;100356;-65.3705418052;-38.7410901855
5221;239603;40792;100345;-81.1652441026;-49.5711206566
5222;239626;40800;100352;-72.6749964593;-42.3260403282
5223;239646;40788;100345;-84.0648247225;-49.0290634758
5224;239658;40808;100332;-63.631594729;-61.6916462095
5225;239678;40791;100332;-80.256837399;-61.4370528423
5226;239698;40790;100324;-80.8791019976;-69.1439637513
5227;239730;40800;100326;-70.5111829572;-66.7529307511
5228;239746;40781;100304;-88.9459708265;-88.5071667988
5229;239762;40796;100316;-73.7613221057;-76.1430459255
5230;239787;40792;100297;-77.3570231919;-94.5156591452
5231;239813;40797;100297;-71.95960829;-94.0358201081
5232;239833;40788;100285;-80.5338461688;-105.5803672948
5233;239853;40785;100280;-83.0951125041;-110.1025260249
5234;239873;40781;100287;-86.706963915;-102.6212762031
5235;239889;40809;100279;-58.4566494901;-109.9359699683
5236;239905;40778;100283;-88.9050353958;-105.3430100624
5237;239921;40785;100282;-81.7147214075;-105.7946145513
5238;239934;40771;100276;-95.3072017012;-111.2278511678
5239;239954;40762;100288;-103.8539726226;-98.7157626639
5240;239974;40769;100288;-96.4383496873;-98.2061178102
5241;240013;40785;100283;-79.4696887229;-102.8188775356
5242;240029;40773;100271;-91.0778949259;-114.3070961779
5243;240045;40775;100278;-89.009495232;-106.7227558192
5244;240061;40770;100274;-93.3739083555;-110.0773403763
5245;240077;40767;100277;-95.6064155426;-106.6949577548
5246;240106;40768;100271;-94.2766136867;-112.147381321
5247;240126;40773;100274;-88.9634512949;-108.5987451651
5248;240146;40763;100269;-98.6025265701;-113.0277974577
5249;240173;40768;100278;-93.1085796115;-103.4085809341
5250;240191;40767;100268;-93.5159646326;-112.8508597243
5251;240209;40770;100277;-90.0818145311;-103.3767770768
5252;240228;40781;100274;-78.4757070157;-105.8766230139
5253;240252;40778;100283;-81.1566969887;-96.3567838598
5254;240272;40772;100271;-86.8267003637;-107.7812906381
5255;240292;40772;100277;-86.4988879307;-101.2384688069
5256;240299;40769;100280;-89.1150846914;-97.7702203042
5257;240319;40789;100281;-69.051903446;-96.4541633923
5258;240350;40780;100281;-76.3072057649;-96.1287023434
5259;240366;40803;100285;-53.7822665031;-91.39909208
5260;240382;40764;100285;-92.5088934834;-90.8903288333
5261;240399;40771;100293;-85.0863549383;-82.5345178463
5262;240419;40776;100292;-79.6789133395;-83.1972631736
5263;240439;40774;100291;-81.2634754973;-83.8570603924
5264;240470;40777;100304;-77.8119965788;-70.3331262892
5265;240486;40775;100286;-79.2259912525;-88.1706799676
5266;240502;40767;100278;-86.7804672229;-95.6772749802
5267;240518;40768;100301;-85.5339757614;-72.2113680629
5268;240541;40779;100290;-74.1114910732;-82.8256620424
5269;240561;40771;100296;-81.8647356049;-76.4867470534
5270;240581;40766;100278;-86.5950378268;-94.0597129544
5271;240601;40777;100274;-75.3825124504;-97.6150003408
5272;240631;40760;100266;-92.3041365795;-105.0906010657
5273;240650;40773;100271;-78.1783976104;-99.5854889436
5274;240666;40759;100269;-91.2647871893;-101.0109453218
5275;240691;40763;100271;-86.9458157355;-98.4121151993
5276;240714;40753;100262;-96.507597632;-106.9909092582
5277;240734;40766;100280;-83.1202847127;-88.6655795622
5278;240754;40771;100276;-77.7600678954;-92.3224345041
5279;240772;40774;100287;-74.0283379045;-80.5732575138
5280;240788;40763;100345;-84.9111481399;-22.2840002864
5281;240804;40772;100292;-75.4911144396;-75.0597707345
5282;240820;40768;100295;-79.0789113141;-71.9001563499
5283;240832;40780;100305;-66.6955782043;-61.6115905807
5284;240852;40777;100308;-69.252842708;-58.3037299497
5285;240887;40774;100313;-71.8594088297;-52.9725362553
5286;240907;40767;100311;-78.5019268924;-54.6499057058
5287;240923;40769;100319;-76.4838236139;-46.6735922054
5288;240940;40769;100328;-75.8231987796;-37.5017981181
5289;240971;40776;100314;-68.4071930668;-50.8703499441
5290;240993;40740;100325;-103.976092169;-39.7171049403
5291;241013;40770;100351;-73.7339082025;-13.7304441358
5292;241033;40778;100341;-65.5335832768;-23.6940910674
5293;241040;40768;100342;-75.1388993834;-22.5862866651
5294;241060;40790;100339;-52.5904292;-25.3521425054
5295;241091;40754;100347;-87.7127195703;-17.4919206176
5296;241107;40744;100348;-97.3106060422;-16.2347985344
5297;241123;40775;100338;-66.3252051925;-26.0826775787
5298;241147;40767;100341;-73.8388257099;-22.9043984999
5299;241167;40770;100355;-70.3371350485;-8.8030341136
5300;241187;40782;100353;-57.8972285908;-10.6918578563
5301;241211;40774;100362;-65.7853730442;-1.9784384526
5302;241227;40786;100363;-53.2067169521;-1.13698036
5303;241243;40779;100361;-60.0722671256;-3.0917264366
5304;241259;40766;100359;-73.2787726125;-5.0041252124
5305;241278;40768;100369;-70.8204107667;4.9653852054
5306;241298;40781;100364;-57.6070496005;0.022398103
5307;241318;40775;100358;-63.3651404093;-5.8905502307
5308;241338;40778;100349;-60.139825933;-14.7586099896
5309;241365;40772;100355;-65.4832745959;-8.8365017248
5310;241381;40769;100333;-68.0108259809;-30.7499886261
5311;241412;40764;100343;-72.8974279802;-20.4840559241
5312;241428;40765;100383;-71.1608936117;19.1539373719
5313;241454;40770;100334;-65.5922675787;-29.7340590924
5314;241474;40767;100321;-68.096973696;-42.5232490088
5315;241494;40766;100309;-68.598415573;-54.2534652186
5316;241498;40756;100317;-78.170123097;-46.029443731
5317;241518;40663;100308;-170.2563063638;-54.8087239206
5318;241550;40754;100299;-79.202373838;-63.0954127751
5319;241566;40769;100299;-63.7681389009;-62.8771757171
5320;241591;40756;100287;-76.3455133384;-74.8837126967
5321;241608;40768;100294;-64.0354425656;-67.5441898181
5322;241628;40751;100294;-80.6525855488;-67.1352073901
5323;241648;40758;100296;-73.3067792635;-64.7378693438
5324;241668;40750;100276;-80.9228384563;-84.2421174571
5325;241684;40754;100276;-76.8448990493;-83.990551715
5326;241700;40744;100285;-86.7239540341;-74.5406649536
5327;241718;40755;100285;-75.2213890192;-74.1414672626
5328;241738;40749;100272;-80.9034206402;-86.5897219884
5329;241762;40740;100274;-89.5772168722;-84.1638888791
5330;241782;40744;100266;-85.2537167336;-91.7123188239
5331;241802;40749;100290;-79.9573608227;-67.3830168995
5332;241822;40758;100286;-70.38275952;-71.0802971943
5333;241853;40752;100281;-75.9113253678;-75.7705690565
5334;241869;40761;100251;-66.2382976781;-105.2842931755
5335;241887;40737;100287;-89.9641059239;-68.9462852499
5336;241907;40740;100275;-86.8202717446;-80.5450284891
5337;241927;40746;100288;-80.7086228308;-67.2107556788
5338;241952;40748;100280;-77.5627931874;-74.8540689586
5339;241968;40752;100288;-73.4686875403;-66.5967938643
5340;241984;40745;100310;-80.3135411589;-44.2218116898
5341;242000;40740;100289;-84.4976637739;-65.0262569762
5342;242038;40746;100286;-78.5995365791;-67.575054017
5343;242059;40734;100294;-90.0040814085;-59.3964529304
5344;242079;40742;100267;-81.3959279015;-86.1061919867
5345;242099;40756;100304;-66.8598275489;-49.003050575
5346;242105;40748;100293;-74.5022011498;-59.6997770401
5347;242125;40752;100273;-70.734830486;-78.9166300937
5348;242141;40745;100295;-77.0242728492;-56.7587044954
5349;242173;40747;100299;-74.0579696315;-52.8288149378
5350;242178;40748;100291;-72.6961655639;-60.4874915236
5351;242198;40742;100284;-78.5119341189;-66.7967320079
5352;242238;40743;100289;-77.0983744022;-61.5859792833
5353;242258;40742;100291;-77.5969118126;-59.5162669629
5354;242274;40729;100283;-89.9298586219;-66.937798452
5355;242290;40726;100318;-92.794925159;-31.6904407169
5356;242306;40733;100294;-85.0881047148;-55.4906162069
5357;242322;40733;100306;-84.6478777507;-43.195897524
5358;242345;40742;100286;-75.1977654179;-63.0661514495
5366;242499;40742;100311;-75.3790218022;-37.641479804
5367;242519;40740;100317;-76.934825239;-31.6435508582
5368;242539;40742;100321;-74.5025731271;-27.6663779622
5359;242370;40739;100295;-77.2729004344;-52.9620612761
5360;242390;40738;100298;-77.8797896875;-49.7185586172
5361;242410;40756;100309;-59.5786444943;-38.5312734716
5362;242431;40741;100311;-74.2040050271;-36.3549247517
5363;242447;40734;100300;-80.7962387572;-47.1244577755
5364;242463;40751;100299;-63.4755113186;-47.8901431341
5365;242479;40734;100312;-80.0713875173;-34.7220000659
5366;242499;40742;100311;-71.6595086371;-35.6876506499
5367;242519;40740;100317;-73.2339096398;-29.6994908499
5368;242539;40742;100321;-70.8201621059;-25.732038254
5369;242565;40740;100322;-72.5054159731;-24.5306025898
5370;242581;40748;100321;-63.6409646513;-25.0115502164
5371;242599;40748;100331;-62.7422414723;-15.7733157429
5372;242619;40760;100335;-50.0637942884;-11.3400621173
5373;242648;40733;100341;-78.661035783;-5.3265971713
5374;242672;40753;100325;-58.6551192503;-21.3800848112
5375;242692;40739;100334;-71.8999517712;-12.4947992567
5376;242712;40754;100319;-56.2215934173;-27.5347776296
5377;242728;40750;100321;-58.7535301697;-25.2249616918
5378;242744;40754;100324;-55.0729136372;-21.3286516991
5379;242760;40747;100319;-63.0457157978;-25.7308718063
5380;242796;40735;100314;-74.4201606208;-31.2364699461
5381;242816;40754;100304;-54.1923692762;-41.7225036149
5382;242826;40744;100318;-64.8397150586;-25.5548185769
5383;242846;40754;100329;-54.5655164833;-14.482044484
5384;242866;40748;100326;-60.2626889009;-17.3946342616
5385;242883;40742;100330;-65.9313754563;-13.3276610903
5386;242914;40765;100334;-43.1856460087;-11.1218862123
5387;242930;40740;100303;-68.1956787261;-41.8220940273
5388;242938;40765;100342;-43.1580962064;-2.7675024034
5389;242958;40753;100332;-53.8954130897;-11.0188484846
5390;242978;40755;100338;-51.6359360242;-4.9937542422
5391;242998;40751;100317;-55.3577563441;-25.863785471
5392;243023;40745;100314;-63.0305101863;-30.2823151099
5393;243054;40759;100331;-44.1228580028;-14.3812672081
5394;243070;40753;100305;-43.826068567;-39.7298814071
5395;243094;40755;100329;-45.3804732424;-15.6762939483
5396;243114;40721;100316;-83.1388611764;-28.6259735418
5397;243134;40742;100307;-66.0043565824;-37.5313132653
5398;243140;40747;100321;-61.2912594733;-23.1940443667
5399;243160;40741;100323;-66.6264536902;-19.4721498136
5400;243192;40760;100306;-45.8468259416;-38.018112134
5401;243208;40757;100315;-46.3193923191;-29.974035874
5402;243224;40733;100313;-71.2190356427;-29.9561252157
5403;243245;40755;100303;-49.3554218032;-38.4821774555
5404;243263;40749;100312;-54.4454304013;-29.273234918
5405;243283;40733;100286;-69.1359413774;-55.207445738
5406;243303;40744;100296;-56.8831934151;-45.1930341065
5407;243334;40749;100281;-50.5202007026;-59.0513600462
5408;243350;40729;100282;-71.2393061285;-57.3402047583
5409;243366;40723;100279;-75.395644554;-61.0697879403
5410;243389;40749;100293;-47.0660669163;-47.7162660956
5411;243414;40730;100282;-64.754227919;-58.2851345634
5412;243434;40724;100263;-69.9167872606;-76.534712229
5413;243454;40709;100242;-84.0062558194;-96.6811945645
5414;243472;40716;100252;-76.3858501456;-85.8635784807
5415;243490;40718;100221;-74.2273381087;-115.447273768
5416;243508;40707;100207;-84.6339855447;-128.2538640438
5417;243526;40697;100188;-95.3158043324;-146.37572583
5418;243545;40695;100162;-97.1065950713;-172.0582430535
5419;243565;40693;100157;-98.7513632488;-176.8264967772
5420;243585;40695;100161;-96.4087371803;-172.6192015363
5421;243617;40683;100163;-108.9290162491;-169.1483956765
5422;243638;40696;100166;-96.2406478971;-164.7376012535
5423;243654;40695;100137;-96.1831584264;-193.7618182732
5424;243670;40662;100191;-129.4999394214;-139.9169744791
5425;243693;40685;100182;-108.0016745044;-147.1068410904
5426;243720;40698;100186;-94.9641318074;-141.2980619062
5427;243740;40703;100204;-89.7217783833;-121.8906362881
5428;243760;40706;100186;-86.4966737201;-138.3963225473
5429;243760;40699;100187;-93.0313328331;-136.6956052705
5430;243780;40694;100045;-99.0923897216;-277.7648048687
5431;243812;40690;100164;-97.6906948607;-159.8555662303
5432;243828;40682;100175;-104.2326541751;-148.613117967
5433;243857;40691;100157;-95.8419002519;-164.6924779062
5434;243877;40685;100147;-102.1987026252;-172.9655527574
5435;243891;40693;100129;-93.9285074048;-189.6173018906
5436;243911;40689;100108;-95.6055596033;-210.1024747347
5437;243927;40676;100100;-106.5560869564;-217.7217172928
5438;243943;40670;100100;-109.4227194737;-217.8452861294
5439;243974;40668;100091;-109.0185552604;-226.5536746429
5440;243985;40637;100095;-139.8630045225;-221.2223158179
5441;244005;40670;100106;-107.0455626087;-208.8231286382
5442;244039;40668;100087;-110.5323487154;-224.8146770346
5443;244059;40663;100112;-116.2627695907;-197.5136899953
5444;244075;40671;100107;-107.4150767252;-201.3018598868
5445;244093;40666;100171;-112.5435045646;-135.5972992084
5446;244110;40673;100102;-104.7117571324;-203.9975160062
5447;244136;40679;100120;-95.1435632258;-186.7847925162
5448;244145;40684;100133;-89.4532049741;-173.0555996472
5449;244165;40676;100117;-97.0889718525;-188.1227232074
5450;244185;40685;100103;-87.7723664471;-201.1246100987
5451;244205;40662;100102;-110.3431506193;-201.1265865046
5452;244225;40675;100108;-97.1720029338;-193.9716538219
5453;244241;40656;100091;-115.5259326597;-210.1629092935
5454;244272;40667;100088;-104.8038269306;-212.0701730618
5455;244283;40670;100073;-101.9702802606;-225.7054658483
5456;244303;40675;100090;-97.9691628005;-207.1990152025
5457;244339;40658;100099;-116.0067179158;-196.3072867987
5458;244359;40674;100095;-100.1698843692;-198.7810889779
5459;244375;40674;100089;-99.9285851911;-203.9270228911
5460;244391;40635;100132;-137.0041491891;-161.3529063018
5461;244407;40662;100088;-110.3699790396;-204.5687262055
5462;244423;40664;100086;-109.4848858175;-205.6178133666
5463;244447;40659;100098;-113.1819884621;-192.3519642803
5464;244461;40670;100104;-101.8624913702;-185.6899627059
5465;244481;40677;100135;-95.2960768553;-154.6811950301
5466;244508;40675;100143;-95.5396986081;-145.8706944908
5467;244535;40694;100136;-73.6244784175;-152.1974545802
5468;244551;40692;100144;-74.6189569126;-142.9990437371
5469;244567;40688;100146;-79.8163030538;-140.8928939845
5470;244590;40682;100161;-85.781089495;-125.3155615386
5471;244610;40683;100148;-84.506627072;-137.5819837353
5472;244622;40684;100138;-82.9473411363;-147.1441690658
5473;244642;40683;100153;-82.9156871773;-132.5322885383
5474;244662;40692;100149;-72.9311783366;-136.9037220651
5475;244684;40689;100165;-76.5330812526;-120.2468456119
5476;244701;40682;100173;-82.7171293092;-111.1794034883
5477;244733;40700;100167;-69.8163419826;-113.7416986186
5478;244748;40686;100165;-83.2411363197;-114.8761942834
5479;244768;40684;100169;-84.3931822535;-109.9460355131
5480;244788;40685;100154;-82.5522889582;-123.9436993139
5481;244808;40685;100158;-81.71342113;-118.9645465729
5482;244830;40677;100152;-88.6043670616;-124.920060495
5483;244851;40670;100130;-92.2904564641;-147.2550741848
5484;244869;40665;100124;-95.3942187895;-152.7672837086
5485;244884;40664;100114;-95.2725581568;-162.2280299659
5486;244904;40657;100080;-101.0028585149;-195.6684163736
5487;244924;40658;100092;-98.7408163767;-183.1737304642
5488;244957;40652;100076;-106.7017838543;-196.2770452734
5489;244974;40665;100055;-93.2657852409;-217.1629319361
5490;244990;40647;100040;-109.095171898;-232.7185596396
5491;245006;40649;100037;-105.7514538654;-234.6061795803
5492;245022;40644;100023;-113.5568339831;-246.545608515
5493;245049;40647;100016;-110.6388935709;-252.5836925824
5494;245069;40646;100011;-111.1937216971;-256.633289018
5495;245093;40646;100033;-112.9904228345;-232.8788417667
5496;245113;40643;100059;-119.9661756986;-204.2054053423
5497;245129;40642;100018;-122.2241715858;-243.053882284
5498;245145;40645;100010;-115.6145118193;-249.922200756
5499;245177;40622;100014;-129.9977283015;-247.4621462059
5500;245183;40620;99952;-131.6771530153;-307.8014268921
5501;245203;40610;99956;-143.7977027188;-301.0279962401
5502;245223;40608;99944;-147.9118713019;-310.2021526906
5503;245245;40613;99919;-142.6336807263;-333.0267007845
5504;245265;40602;99932;-150.3141226206;-318.9434283039
5505;245296;40603;99922;-153.6304182003;-323.6573719313
5506;245312;40599;99878;-158.7157544665;-364.4300683865
5507;245335;40589;99887;-172.4640393466;-346.6542038584
5508;245358;40602;99911;-156.747515582;-322.7660725418
5509;245378;40604;99920;-151.067272483;-315.3904682775
5510;245398;40616;99975;-135.4506493241;-262.2980159371
5511;245419;40629;99998;-127.2054854792;-233.4269279413
5512;245435;40606;100036;-149.5829745898;-190.9918988589
5513;245451;40629;99978;-123.1145467024;-248.2662433046
5514;245467;40618;99949;-130.5370120883;-279.3773762513
5515;245499;40606;99930;-140.4902011227;-298.4121447163
5516;245519;40611;99924;-134.1646082969;-303.5735708931
5517;245536;40615;99914;-129.541369904;-312.4599463795
5518;245556;40595;99884;-150.075937228;-341.0230527327
5519;245572;40587;99884;-156.9194561522;-339.9733155351
5520;245588;40586;99856;-157.9047690612;-366.0674608463
5521;245607;40593;99845;-152.0795785019;-374.0901764614
5522;245627;40585;99840;-159.085365096;-376.3379839967
5523;245640;40593;99843;-149.1714817196;-371.4319628339
5524;245660;40581;99843;-158.4545113351;-369.6530871263
5525;245680;40577;99852;-159.7214748477;-358.9286930147
5526;245700;40585;99832;-149.032452588;-377.1135080913
5527;245722;40574;99825;-156.3351484292;-382.2198344898
5528;245754;40582;99809;-144.6902229389;-397.2457931979
5529;245770;40583;99798;-142.7471695325;-405.1280156159
5530;245794;40572;99786;-152.5006684427;-414.4532106284
5531;245814;40551;99798;-172.204823214;-400.039050189
5532;245821;40558;99801;-164.0717069147;-394.992235631
5533;245841;40571;99781;-149.3725452051;-412.9403404677
5534;245868;40558;99789;-161.7753000326;-402.3663064944
5535;245888;40559;99769;-159.9881837039;-419.8489265301
5536;245905;40560;99765;-158.369798458;-421.0557207923
5537;245922;40548;99758;-168.0535175017;-426.3180378389
5538;245943;40551;99727;-162.4783274836;-454.9159197284
5539;245972;40549;99743;-165.0266922482;-435.6912293829
5540;245999;40543;99730;-170.6825540791;-446.3609302677
5541;246019;40542;99718;-170.8132487795;-456.3344382838
5542;246039;40546;99743;-165.9684974051;-429.4446655423
5543;246059;40530;99732;-182.6107785561;-439.3577984884
5544;246066;40540;99732;-172.4221114816;-437.1176861954
5545;246086;40548;99739;-165.8179973133;-426.9789340896
5546;246116;40543;99746;-167.0148521434;-417.5680589098
5547;246136;40533;99753;-173.6722332303;-408.3761728381
5548;246156;40561;99747;-142.4742579573;-412.1647964283
5549;246175;40542;99745;-158.2373408452;-411.9912679486
5550;246194;40546;99731;-150.9992983188;-424.5681910798
5551;246210;40543;99752;-152.2149922302;-401.4643062621
5552;246226;40546;99725;-148.8430423547;-425.6112973708
5553;246248;40532;99721;-163.5972126528;-426.1241094416
5554;246275;40522;99708;-172.0833175824;-437.0443238446
5555;246282;40536;99711;-157.0619686262;-431.8870108614
5556;246302;40527;99709;-164.7655656121;-431.8507583526
5557;246322;40534;99677;-156.5087591701;-461.6656291665
5558;246346;40521;99681;-167.5785823103;-455.3469183683
5559;246368;40533;99675;-155.3450135021;-458.5009263665
5560;246384;40515;99656;-172.5022657337;-474.6681135269
5561;246404;40518;99631;-169.0263684845;-497.2391529023
5562;246424;40513;99662;-173.5847851736;-464.044255024
5563;246444;40520;99614;-166.1830104937;-509.6212979944
5564;246471;40510;99627;-173.8491489329;-494.2169601683
5565;246490;40522;99623;-160.5213718225;-495.406823496
5566;246506;40500;99597;-180.9594852835;-518.4375316834
5567;246524;40506;99589;-173.5479853033;-523.1412803719
5568;246544;40508;99633;-170.3735145488;-476.7247345408
5569;246566;40506;99572;-171.0710292155;-535.1601199106
5570;246586;40496;99575;-179.7450018119;-529.6203064092
5571;246606;40496;99568;-178.4240166488;-534.0590926364
5572;246633;40491;99552;-185.7525544353;-546.8644241529
5573;246649;40482;99558;-193.4237084796;-538.5457375101
5574;246665;40499;99557;-175.5155650774;-537.239463421
5575;246686;40488;99548;-185.9269747081;-543.2123604792
5576;246716;40488;99553;-185.1095876451;-534.8202757024
5577;246725;40487;99531;-185.04183881;-553.8066665318
5578;246745;40501;99542;-168.1152287937;-540.1001221337
5579;246767;40466;99518;-199.9748855902;-561.8566267927
5580;246793;40483;99520;-180.6973890731;-557.0398581725
5581;246809;40486;99525;-177.0593288211;-548.5469069608
5582;246828;40482;99503;-180.6448940999;-567.3874060327
5583;246846;40460;99497;-201.025583675;-570.8086901464
5584;246866;40481;99464;-178.3134944311;-601.1890745581
5585;246886;40478;99481;-179.5914636547;-581.6698504239
5586;246914;40472;99456;-185.3429527558;-603.2555781212
5587;246930;40466;99470;-190.9914358662;-586.1636627569
5588;246946;40465;99448;-191.1201194058;-604.9114754714
5589;246978;40459;99455;-197.3662232001;-594.300460349
5590;247002;40429;99438;-226.7011412312;-608.2299791331
5591;247022;40460;99438;-195.0118948528;-605.2366738882
5592;247042;40454;99425;-200.2980429975;-615.1938748914
5593;247047;40450;99425;-203.2309300909;-612.1035648096
5594;247067;40439;99418;-212.5224873152;-616.4110643647
5595;247084;40461;99420;-188.831221282;-612.1630493172
5596;247115;40464;99416;-185.6888306433;-612.8118948378
5597;247138;40464;99414;-186.0911382676;-611.2968686635
5598;247160;40444;99403;-205.8373720288;-619.0355903113
5599;247180;40445;99410;-204.316405737;-608.9425486906
5600;247200;40437;99398;-211.7609915218;-617.8050859037
5601;247218;40452;99392;-195.8848455809;-620.8632528104
5602;247237;40431;99374;-215.8299419845;-636.1360902529
5603;247253;40435;99382;-209.3055095263;-625.6761494845
5604;247269;40446;99363;-196.7382208315;-641.5011787466
5605;247297;40439;99359;-200.8950744636;-642.3865987214
5606;247323;40428;99350;-210.0861647004;-647.8972457282
5607;247343;40437;99335;-200.7613538891;-658.9662533861
5608;247363;40438;99340;-199.4470711082;-650.0770713535
5609;247379;40425;99313;-211.9018547582;-673.4912356799
5610;247397;40405;99385;-232.5299837253;-598.5949335399
5611;247415;40421;99315;-217.4655821641;-665.5496030448
5612;247440;40425;99298;-215.4703474623;-678.7034835671
5613;247448;40414;99298;-225.7196952228;-675.2594676095
5614;247468;40453;99303;-185.9531464514;-667.1086688646
5615;247488;40419;99299;-219.0215234713;-667.9548931894
5616;247508;40422;99285;-215.1106516535;-678.7481554686
5617;247532;40414;99279;-221.6608943596;-681.4634132953
5618;247548;40414;99282;-220.0161025897;-676.2281889127
5619;247564;40412;99293;-220.8279530954;-662.3080183891
5620;247585;40409;99285;-224.8991909506;-666.1977012329
5621;247605;40406;99271;-227.1212320454;-676.0708697356
5622;247625;40419;99275;-213.4141759225;-667.9812626228
5623;247645;40418;99303;-213.707668068;-636.0486937726
5624;247673;40427;99298;-201.8917557779;-637.9877353588
5625;247689;40422;99325;-203.2648772451;-609.1089915675
5626;247705;40427;99327;-196.4211088292;-604.1867649332
5627;247728;40426;99327;-195.358514872;-601.4568447966
5628;247748;40434;99321;-185.3320854018;-604.3386376798
5629;247777;40439;99336;-179.2047293216;-586.304646994
5630;247797;40430;99341;-187.3245872308;-578.3256765539
5631;247808;40437;99364;-180.4399114397;-552.0920449007
5632;247828;40433;99351;-186.4846247272;-561.0581672459
5633;247859;40439;99384;-178.4741404138;-526.7773444716
5634;247875;40455;99395;-161.5284678532;-513.5509430718
5635;247889;40456;99420;-159.4765099848;-486.4736755813
5636;247909;40449;99448;-165.2865160608;-456.751560628
5637;247936;40466;99459;-147.4336834981;-443.704878595
5638;247956;40476;99470;-136.7586822562;-430.4784523792
5639;247972;40477;99497;-134.4116616882;-399.6809854395
5640;247988;40469;99465;-141.4230797284;-427.8731412275
5641;248019;40469;99469;-136.8270342236;-422.4918773529
5642;248035;40470;99433;-132.8989136221;-457.193966993
5643;248051;40467;99462;-133.9707382713;-426.5674234227
5644;248071;40517;99442;-83.6967086392;-444.0520757072
5645;248098;40471;99433;-129.0173772047;-450.9934926331
5646;248118;40468;99418;-131.2413734787;-463.9554604647
5647;248139;40465;99397;-136.1957717308;-481.2926648081
5648;248155;40447;99387;-156.7295425319;-487.5797669624
5649;248171;40442;99364;-162.1302275964;-507.5547001002
5650;248195;40451;99351;-151.9383242967;-517.9646911936
5651;248221;40433;99330;-166.9169639006;-536.0528333002
5652;248241;40442;99340;-154.8065656114;-523.1251715328
5653;248251;40432;99322;-162.6065174109;-538.6178652066
5654;248271;40434;99317;-157.0910136212;-541.4378113505
5655;248287;40428;99325;-160.9847889927;-530.2959112618
5656;248319;40433;99327;-154.4732788218;-525.1882793557
5657;248339;40420;99340;-165.2949681139;-509.8275664422
5658;248348;40428;99329;-156.347377751;-518.022944334
5659;248368;40419;99311;-164.6410587606;-532.7922913782
5660;248396;40423;99319;-158.5945617965;-521.8012284668
5661;248420;40430;99302;-149.8997077455;-535.5274971525
5662;248440;40400;99278;-178.2322471687;-556.2080336603
5663;248456;40428;99290;-148.833179484;-540.911499495
5664;248472;40415;99278;-160.5361376559;-549.367087917
5665;248499;40423;99269;-149.5619155471;-555.0761497748
5666;248522;40414;99268;-155.9404687129;-553.5649488612
5667;248542;40416;99282;-151.5689816361;-537.1473021153
5668;248562;40427;99282;-138.257109499;-534.7435015547
5669;248578;40418;99293;-145.7908134887;-521.522744801
5670;248594;40474;99298;-88.4664099743;-513.9461670645
5671;248618;40408;99287;-153.7306625882;-522.012375588
5672;248638;40416;99307;-145.2240018292;-498.8727240103
5673;248660;40424;99305;-136.4817266256;-498.0998256265
5674;248675;40430;99312;-130.0168608075;-488.7367678853
5675;248695;40412;99303;-147.6473006285;-495.4506767019
5676;248715;40420;99310;-139.322284434;-486.2123760738
5677;248742;40436;99300;-121.5949012262;-494.2892109884
5678;248760;40415;99297;-140.9395452342;-495.0471785914
5679;248777;40424;99312;-130.5780349471;-476.9407246333
5680;248804;40411;99289;-142.0176530946;-496.9600309223
5681;248820;40407;99268;-145.391228896;-515.0861218037
5682;248840;40420;99290;-132.5531564939;-490.2525594197
5683;248860;40399;99267;-153.6142764235;-510.3166663253
5684;248877;40404;99268;-149.9132920541;-506.263896687
5685;248894;40417;99246;-138.0012064434;-525.2016679215
5686;248910;40406;99241;-148.7247956232;-527.374936548
5687;248926;40403;99249;-151.4215770043;-516.6108894995
5688;248961;40406;99243;-146.2129110409;-521.0882416513
5689;248981;40409;99236;-141.1385925104;-526.2764538908
5690;248992;40406;99256;-142.5775240144;-504.085613214
5691;249012;40427;99237;-119.5407436559;-521.053919748
5692;249029;40405;99225;-139.9761848985;-530.3127175021
5693;249060;40414;99231;-130.0360131508;-520.9472867492
5694;249069;40396;99192;-147.0800940395;-556.9516095346
5695;249089;40407;99201;-135.3368165457;-544.6468652225
5696;249107;40389;99202;-152.9238158103;-540.4671741014
5697;249127;40389;99192;-153.1654664382;-547.2854205556
5698;249147;40392;99175;-150.4267574576;-561.0327752651
5699;249180;40383;99163;-159.2023909694;-570.1817415507
5700;249197;40389;99196;-153.5094523439;-534.3738244481
5701;249215;40383;99155;-158.6595413448;-572.9130878386
5702;249239;40379;99170;-162.1848319639;-555.6659398743
5703;249245;40383;99166;-157.0472189971;-557.0448296064
5704;249265;40378;99158;-159.8157691758;-563.1308211292
5705;249285;40389;99158;-146.6440716424;-561.2312687657
5706;249305;40376;99163;-157.4118276355;-554.3711002354
5707;249328;40388;99164;-145.4325418399;-550.6428701172
5708;249360;40381;99155;-153.6419331431;-556.2531951113
5709;249376;40369;99136;-165.4264608143;-572.3662436368
5710;249391;40381;99151;-153.8974298383;-553.6352224418
5711;249411;40383;99136;-152.9697025431;-564.3525251606
5712;249436;40375;99151;-161.4407202846;-545.9819828406
5713;249456;40370;99151;-166.1357791317;-543.2629380999
5714;249472;40368;99133;-168.5888647677;-558.414320287
5715;249488;40372;99134;-164.4501196094;-554.7496707696
5716;249520;40385;99162;-154.7116014936;-524.5672680568
5717;249543;40386;99207;-152.7659355061;-478.3778921098
5718;249563;40401;99248;-136.7458029847;-436.3395322166
5719;249583;40410;99282;-126.7745267335;-401.4823924022
5720;249593;40439;99308;-97.3597466613;-373.4932342848
5721;249613;40358;99310;-178.2687311106;-368.1180034496
5722;249634;40425;99307;-109.3237773529;-369.1812231523
5723;249651;40437;99307;-96.1102886129;-367.1791431824
5724;249669;40435;99314;-97.6234219255;-357.9642263067
5725;249696;40430;99306;-102.7929744156;-364.5493083917
5726;249715;40425;99286;-107.4492130803;-383.1168253777
5727;249735;40417;99287;-114.8108764486;-380.8720469558
5728;249755;40415;99263;-116.1658446267;-403.5170722546
5729;249778;40422;99262;-107.9635396158;-402.6829389318
5730;249794;40411;99255;-118.8713797805;-407.7118517405
5731;249812;40402;99235;-126.2464288603;-426.1334225
5732;249829;40395;99236;-133.1335532009;-422.4921010874
5733;249861;40408;99217;-121.6183918213;-438.0789908758
5734;249881;40398;99215;-132.4294835587;-437.0704877193
5735;249889;40406;99222;-124.2712688948;-427.6327997753
5736;249909;40495;99237;-34.8316979449;-411.1082856008
5737;249935;40392;99221;-137.6780334617;-424.553704782
5738;249951;40406;99205;-122.2656527143;-439.0505560355
5739;249967;40400;99216;-126.8643802594;-426.1430107784
5740;249984;40409;99216;-117.5141478721;-423.8030495547
5741;250004;40394;99224;-132.3053918685;-413.4279826748
5742;250033;40391;99188;-134.6106786968;-446.8469403017
5743;250053;40398;99192;-126.7540243821;-440.4062683127
5744;250069;40392;99200;-131.8283166487;-430.3298807366
5745;250100;40392;99199;-131.7149874212;-428.5980843526
5746;250116;40377;99192;-144.9981257738;-433.4057855482
5747;250143;40402;99189;-117.6590744609;-434.9421046277
5748;250162;40391;99181;-127.8910708524;-440.7258813252
5749;250182;40385;99179;-133.7824679661;-440.1850830912
5750;250202;40391;99173;-127.7075931464;-443.6255894264
5751;250220;40384;99159;-134.0009324692;-455.2030659209
5752;250236;40407;99166;-110.599276933;-446.4345363484
5753;250252;40372;99150;-144.7639035324;-459.9797525761
5754;250268;40357;99144;-160.3196736849;-462.268107183
5755;250291;40368;99140;-148.4322676525;-463.9076076969
5756;250317;40363;99127;-152.2276604018;-474.5444017578
5757;250337;40361;99134;-153.102322435;-465.1987918449
5758;250366;40365;99138;-146.5062292433;-459.680736511
5759;250369;40378;99134;-132.5663134482;-461.4180690217
5760;250389;40415;99263;-94.0033297011;-331.3822579174
5761;250421;40365;99130;-140.7169731702;-462.7431910782
5762;250422;40381;99112;-123.9177382154;-478.2997863142
5763;250442;40350;99127;-153.5491447513;-460.1884926326
5764;250462;40366;99110;-136.3258524177;-473.9614172825
5765;250482;40351;99103;-150.0314768622;-477.7115029929
5766;250508;40360;99097;-141.4796809687;-478.1067836924
5767;250539;40345;99102;-155.4198441359;-470.3304988304
5768;250555;40345;99106;-156.0439474524;-464.7943273603
5769;250571;40365;99144;-132.9225704438;-427.5221798712
5770;250594;40356;99158;-141.3642255786;-412.1279398997
5771;250617;40376;99177;-121.455366898;-391.2990618928
5772;250637;40387;99201;-110.5574849189;-365.4977948473
5773;250657;40393;99209;-104.6928329342;-355.7459504941
5774;250675;40377;99252;-119.5395020569;-310.6581963993
5775;250696;40387;99244;-107.7184217715;-316.4079005195
5776;250712;40394;99248;-101.0437066605;-310.0098615869
5777;250729;40390;99234;-104.0893113776;-322.183491057
5778;250748;40391;99224;-102.0090295545;-330.6103716215
5779;250768;40407;99213;-85.496577335;-339.9285053712
5780;250799;40371;99198;-120.1166893525;-353.6366125275
5781;250815;40385;99191;-105.7710130699;-358.8875553431
5782;250836;40378;99191;-112.3404801897;-356.4629594237
5783;250858;40378;99187;-112.1478769491;-358.2783950429
5784;250875;40374;99189;-115.9206298236;-354.4399733337
5785;250895;40375;99178;-115.00748909;-363.7314770702
5786;250910;40372;99164;-117.5443670121;-376.0952201376
5787;250930;40373;99175;-115.9151980225;-363.73690881
5788;250962;40362;99170;-126.5104688877;-366.2623719059
5789;250983;40367;99148;-120.543807454;-386.2169947427
5790;251000;40373;99154;-112.6793986896;-378.7397866117
5791;251016;40366;99153;-117.7268753624;-378.0219604619
5792;251032;40364;99152;-118.6894230439;-376.8271440429
5793;251057;40362;99143;-119.940774615;-383.6602858252
5794;251077;40365;99123;-116.2761327603;-401.5004893061
5795;251094;40347;99132;-134.0347859139;-390.2946311709
5796;251113;40343;99131;-138.436709212;-388.9272349388
5797;251128;40351;99128;-129.5553503284;-390.0518669378
5798;251148;40351;99138;-128.4015372938;-378.3725935215
5799;251184;40351;99155;-128.2770061101;-359.5434714882
5800;251204;40355;99158;-123.793500852;-355.1202277734
5801;251220;40356;99151;-121.5711253514;-360.3631122054
5802;251236;40351;99149;-126.0661537928;-360.2666135063
5803;251254;40359;99143;-117.520281496;-364.0678842791
5804;251274;40344;99147;-131.8847330202;-357.8636430454
5805;251291;40355;99134;-119.845554424;-369.0984590423
5806;251311;40340;99138;-133.8319106968;-363.6562279399
5807;251329;40342;99128;-131.0124758505;-371.5905764411
5808;251349;40327;99128;-145.6563959702;-369.7642873448
5809;251384;40347;99124;-124.5841677055;-371.78507487
5810;251404;40334;99134;-136.866366983;-360.0511421617
5811;251420;40335;99113;-135.7910695153;-378.7082511848
5812;251437;40338;99112;-131.5026791287;-378.0702832976
5813;251458;40332;99118;-136.2106878334;-370.470272487
5814;251478;40339;99111;-128.3067233124;-375.650021426
5815;251498;40335;99112;-131.3864568453;-372.8444704062
5816;251515;40323;99109;-144.2963777339;-372.6456709351
5817;251538;40336;99105;-129.7920786374;-375.7961357717
5818;251556;40338;99114;-126.5650682032;-364.7365295271
5819;251573;40325;99113;-139.1694829343;-363.8241119955
5820;251590;40340;99098;-123.3780199335;-377.3392034425
5821;251608;40337;99120;-125.4990695119;-353.1174617764
5822;251619;40338;99112;-124.3398280963;-359.0891672865
5823;251639;40333;99105;-129.0499566984;-364.1886387681
5824;251676;40334;99113;-126.7124853321;-354.3976633004
5825;251693;40338;99104;-121.4222579892;-361.355007147
5826;251714;40333;99119;-125.8770883706;-344.5495140558
5827;251729;40326;99100;-132.3395795627;-361.6933467969
5828;251749;40345;99100;-113.3671317711;-360.1006078154
5829;251783;40322;99104;-134.9388444253;-354.4487243488
5830;251803;40316;99107;-140.2879120609;-349.3107873845
5831;251815;40323;99102;-132.6751787058;-352.3874919049
5832;251835;40327;99102;-128.2773396815;-350.573573365
5833;251855;40329;99093;-125.893164996;-357.723736873
5834;251876;40324;99115;-130.4909647686;-333.9914183014
5835;251897;40313;99110;-140.4621045681;-337.5105049017
5836;251916;40322;99104;-130.0521010463;-341.5201296729
5837;251933;40328;99108;-123.0933973186;-335.7215075881
5838;251953;40335;99113;-115.1596710435;-328.9628667401
5839;251978;40335;99089;-114.5217793392;-351.1328020225
5840;251998;40326;99087;-122.9079848639;-351.3144724516
5841;252018;40326;99098;-122.2977353582;-338.560245146
5842;252044;40324;99092;-123.8766408749;-342.8386155808
5843;252062;40320;99099;-127.5185675865;-334.1938735532
5844;252079;40332;99097;-114.9669406355;-334.2946582827
5845;252088;40322;99103;-124.2344584339;-326.5470469624
5846;252108;40329;99100;-116.2966092522;-328.0205000971
5847;252133;40324;99089;-120.4110943124;-337.3872257138
5848;252153;40331;99090;-112.7237857382;-334.654074683
5849;252173;40329;99087;-114.0297571796;-335.9146016274
5850;252204;40321;99078;-121.5496010925;-343.0553675479
5851;252220;40312;99036;-130.0285923318;-382.8050312886
5852;252232;40317;99088;-124.0778759165;-329.1320426475
5853;252252;40306;99083;-133.7646224294;-332.5518948057
5854;252288;40302;99064;-137.889570846;-349.8090056683
5855;252308;40305;99072;-135.0360108899;-340.0431248643
5856;252325;40310;99065;-128.8273264836;-345.4992209606
5857;252341;40297;99017;-140.468243242;-391.5115658076
5858;252357;40303;99069;-133.4209806342;-337.5799018693
5859;252373;40299;99072;-136.4871397238;-332.7424232356
5860;252408;40302;99066;-132.3406314303;-337.0861582191
5861;252414;40302;99066;-131.524479883;-335.374202367
5862;252434;40307;99068;-125.5972222958;-331.7584340893
5863;252454;40315;99065;-116.7135860666;-333.1362682981
5864;252474;40303;99060;-128.502593073;-336.4318969439
5865;252490;40300;99070;-131.3820957549;-324.5290637658
5866;252522;40282;99055;-148.6447247254;-337.921238625
5867;252529;40293;99061;-136.893480729;-330.1226972977
5868;252549;40311;99059;-118.2117151;-330.167817592
5869;252570;40314;99063;-114.4544418883;-324.4391979002
5870;252590;40307;99054;-120.5715690497;-331.8958029589
5871;252610;40293;99054;-133.6221714111;-330.361017061
5872;252634;40292;99054;-133.9637943425;-328.3992986431
5873;252650;40301;99049;-124.4802440838;-331.8438358709
5874;252681;40284;99052;-140.9544889552;-326.763236279
5875;252707;40303;99054;-120.5781207452;-323.4818860214
5876;252717;40292;99038;-130.9752896472;-337.5014466002
5877;252737;40289;99063;-133.6175314969;-310.3163023808
5878;252759;40285;99037;-136.235209925;-335.303070991
5879;252788;40296;99040;-124.7688734199;-330.2797355252
5880;252789;40294;99027;-126.0631176685;-341.4872267161
5881;252809;40281;99010;-138.4051795712;-356.6547166273
5882;252832;40285;99027;-132.951062152;-338.2152431133
5883;252851;40276;99014;-141.3524265225;-349.3255775725
5884;252871;40272;99011;-144.8793455129;-350.3760490822
5885;252891;40278;99015;-138.4403523725;-344.4555986132
5886;252920;40281;99012;-134.7681617344;-345.5832826151
5887;252936;40284;99007;-130.2100745095;-349.3704492054
5888;252952;40282;99007;-130.6517949417;-347.6793458384
5889;252972;40271;98996;-141.3294438936;-356.6315629468
5890;252992;40251;98998;-160.9746249942;-352.5582785441
5891;253015;40270;98990;-141.4297130179;-358.7236381762
5892;253035;40269;99001;-141.6430282805;-346.1217012266
5893;253055;40272;98985;-137.8753472715;-360.4487289951
5894;253075;40272;98997;-137.009529829;-346.6275304966
5895;253091;40266;98976;-142.4837440754;-365.5059231281
5896;253123;40268;98982;-139.0118438716;-357.7751281942
5897;253148;40266;98985;-140.828935104;-352.6519829449
5898;253156;40265;98974;-141.2460292777;-361.6771864597
5899;253176;40254;98997;-151.2541100725;-337.1164004736
5900;253196;40256;98977;-148.2764309167;-355.4643568727
5901;253218;40265;98984;-138.2036726694;-346.7099807334
5902;253238;40249;98969;-152.9993053561;-359.7818053029
5903;253254;40266;98989;-135.0483827218;-338.1702371644
5904;253270;40256;98977;-144.609367715;-348.3707958054
5905;253291;40259;98981;-141.3378101651;-342.5394663436
5906;253311;40258;98971;-142.0329384235;-350.6665733117
5907;253333;40257;98983;-142.7647095738;-336.9204174588
5908;253353;40256;98993;-143.4315907352;-325.3161984493
5909;253384;40257;98974;-141.0119454185;-342.7291233502
5910;253400;40254;98975;-142.9803375776;-339.6480503271
5911;253416;40258;98976;-138.2605128357;-336.8042245926
5912;253432;40254;98980;-141.3327415179;-331.3396816601
5913;253448;40249;98976;-145.544998154;-333.6475697883
5914;253468;40264;98988;-129.8783232731;-319.9868638638
5915;253500;40262;98990;-132.7147940143;-316.1722097746
5916;253520;40277;98992;-118.294098998;-312.4102180362
5917;253537;40271;98990;-123.6535766633;-312.73608025
5918;253553;40257;99007;-136.6858922212;-293.7848725093
5919;253581;40262;99023;-130.3011143193;-276.260120769
5920;253601;40265;99050;-125.6392510764;-247.9317979672
5921;253615;40273;99021;-116.3789157531;-275.5181069463
5922;253635;40268;99030;-120.1023127184;-265.3311775745
5923;253655;40279;99061;-107.8841545501;-233.3061948283
5924;253675;40281;99076;-104.4855768658;-217.758864719
5925;253691;40274;99084;-110.1907594032;-208.5524788716
5926;253722;40287;99105;-95.7204948646;-186.8409675762
5927;253743;40273;99110;-109.5224570341;-180.9103820456
5928;253763;40282;99122;-100.5491694564;-168.0316607017
5935;253900;40291;99122;-94.0000071011;-167.1224320752
5936;253920;40296;99125;-88.4698579722;-163.2210680611
5937;253940;40284;99133;-99.8823295311;-154.3640606835
5929;253773;40287;99125;-96.3370554831;-161.5928367993
5930;253793;40291;99136;-91.7962642306;-149.7893151555
5931;253813;40298;99132;-84.2931769344;-152.9698111199
5932;253845;40295;99124;-86.7776050747;-160.1144046044
5933;253861;40282;99109;-99.1996110742;-174.1882751216
5934;253877;40297;99146;-83.6995070438;-136.4517762861
5935;253900;40291;99122;-89.1655913979;-159.5674214085
5936;253920;40296;99125;-83.6596143475;-155.7038324477
5937;253940;40284;99133;-95.0961371245;-146.8844112482
5938;253952;40313;99137;-65.7893489098;-142.0940056646
5939;253972;40311;99135;-67.8981926911;-143.2576286396
5940;254003;40300;99141;-79.0376823841;-136.533639214
5941;254019;40302;99144;-76.7972619753;-132.9109160124
5942;254038;40302;99156;-75.9549733611;-120.4581535498
5943;254058;40310;99157;-67.0471279241;-119.0342008304
5944;254084;40315;99163;-61.9444047501;-112.0396385262
5945;254104;40315;99160;-62.2234629162;-113.7984702886
5946;254122;40307;99161;-69.3346395309;-112.4090169243
5947;254138;40295;99153;-80.2603793937;-120.0708968819
5948;254154;40297;99154;-77.901085397;-118.5928964921
5949;254183;40305;99161;-70.0072257232;-110.6987669807
5950;254203;40306;99132;-68.6714769629;-139.0670765332
5951;254213;40321;99174;-53.1831675228;-96.5153402055
5952;254233;40313;99161;-60.3485790262;-108.8219928606
5953;254253;40305;99161;-67.4758900628;-108.1316389578
5954;254272;40304;99164;-67.3061438825;-104.9666229453
5955;254303;40303;99170;-67.3379097002;-98.2469251108
5956;254319;40309;99167;-60.7595574083;-100.5918617975
5957;254337;40311;99178;-59.4280502525;-89.1405787973
5958;254357;40306;99172;-65.3646641699;-94.6839209894
5959;254388;40305;99165;-67.4449046307;-101.307896642
5960;254408;40310;99145;-62.7844194732;-120.7999943864
5961;254424;40291;99149;-79.5333174687;-115.7056988799
5962;254440;40360;99128;-9.6543650179;-135.7157361344
5963;254457;40292;99126;-76.2054566646;-137.1306210096
5964;254473;40289;99124;-78.2473690052;-138.5931050584
5965;254493;40287;99124;-79.7433522633;-137.763729322
5966;254513;40298;99124;-68.5626253739;-136.749188316
5967;254533;40289;99124;-77.3390324506;-135.7383478404
5968;254562;40297;99118;-69.0589286583;-141.0136103081
5969;254581;40297;99121;-68.6064556454;-137.6423299684
5970;254597;40283;99108;-82.3300236046;-150.0242432089
5971;254623;40290;99106;-75.5940511262;-151.0941436862
5972;254634;40288;99080;-77.2538091623;-176.0527878494
5973;254654;40276;99103;-88.800084801;-152.049817126
5974;254675;40287;99096;-76.964239287;-158.1914654261
5975;254695;40281;99078;-81.8019545898;-175.3798389834
5976;254715;40286;99101;-75.6671252274;-151.687883012
5977;254734;40280;99081;-80.8723591247;-170.6289475126
5978;254768;40275;99078;-85.1810808861;-173.1931777443
5979;254772;40277;99091;-82.8414776374;-159.3043950351
5980;254792;40290;99073;-70.3330335276;-176.0635501083
5981;254811;40287;99078;-73.4184983057;-170.1889272913
5982;254851;40281;99083;-78.4202455357;-164.1808398296
5983;254871;40289;99099;-69.4514607968;-147.2503565842
5984;254874;40286;99095;-71.9565599994;-150.4306567101
5985;254894;40282;98942;-75.5660947741;-301.9279223913
5986;254929;40273;99079;-84.0472778711;-164.4726470518
5987;254930;40269;99088;-87.5556232386;-154.6593728691
5988;254950;40360;99097;3.1195436792;-144.9513316101
5989;254970;40276;99091;-80.5956230954;-150.0329470877
5990;254990;40278;99091;-78.3232139943;-149.1185877798
5991;255013;40275;99100;-81.1121638048;-138.9302099581
5992;255044;40281;99078;-73.963727483;-160.4257451714
5993;255060;40272;99088;-83.0231686357;-149.5643035022
5994;255076;40282;99093;-72.2095696602;-143.8970365638
5995;255103;40281;99068;-72.631885641;-167.8620513592
5996;255123;40277;99091;-76.1146845361;-143.9607291825
5997;255144;40283;99097;-69.6095984128;-137.286246541
5998;255164;40269;99175;-83.0276805804;-59.1445097979
5999;255181;40282;99101;-69.2571200947;-132.6963701431
6000;255197;40273;99093;-77.6091174225;-139.954045498
6001;255213;40276;99108;-74.2792144556;-123.9755613744
6002;255240;40295;99110;-55.5133797755;-120.7749340771
6003;255260;40281;99103;-69.1946852354;-127.268071711
6004;255280;40283;99099;-66.8881299542;-130.7446753873
6005;255296;40282;99098;-67.4354459896;-131.1306682712
6006;255316;40279;99079;-69.8433384417;-149.3990648909
6007;255332;40274;99096;-73.9010665528;-131.754881649
6008;255363;40281;99097;-66.4372906745;-129.9640094101
6009;255386;40274;99074;-73.0461663111;-151.9328739956
6010;255410;40268;99081;-79.2522363314;-144.0664361295
6011;255430;40276;99072;-71.4973768492;-152.1992998875
6012;255450;40274;99063;-73.7346943;-160.2912564518
6013;255469;40251;99061;-95.9488083268;-161.7763966465
6014;255485;40252;99199;-94.1158789045;-23.6025511672
6015;255501;40267;99060;-77.8313662643;-161.6282664334
6016;255517;40272;99060;-71.9501162047;-160.9117061222
6017;255543;40266;99067;-76.3481477391;-152.9908803243
6018;255566;40281;99063;-61.3189774788;-156.1722370876
6019;255586;40271;99059;-71.4511983165;-159.360186303
6020;255606;40285;99075;-57.655627066;-142.6324008666
6021;255626;40254;99055;-88.4057300876;-161.8046505566
6022;255642;40270;99084;-71.5922505275;-132.1833893156
6023;255658;40267;99073;-73.5017840509;-142.4802890635
6024;255674;40281;99070;-56.9514229536;-145.1967222343
6025;255694;40269;99069;-69.3634076994;-145.1318950067
6026;255714;40270;99086;-69.208350877;-127.0468824706
6027;255734;40273;99088;-67.0704508385;-123.9753221059
6028;255764;40276;99075;-64.0055427318;-136.9149412275
6029;255781;40260;99085;-79.3008455886;-126.1010066599
6030;255797;40262;99081;-76.5002925192;-129.1915117945
6031;255813;40260;99085;-76.9513652851;-124.7709869086
6032;255839;40273;99095;-63.2171080193;-114.2127903048
6033;255859;40278;99068;-57.9865649896;-140.4131530519
6034;255879;40273;99088;-62.7329023899;-119.7172980966
6035;255895;40274;99087;-61.6533191545;-119.9057172461
6036;255915;40277;99073;-58.9140934595;-132.8348356638
6037;255935;40275;99086;-60.0156809957;-119.4096305263
6038;255966;40284;99088;-50.6382643482;-116.8958425322
6039;255987;40272;99086;-61.9298006335;-118.1493772581
6040;255992;40275;99102;-58.4483020094;-101.5581952528
6041;256012;40273;99091;-59.9833827079;-111.8526952006
6042;256032;40283;99093;-49.5703929577;-109.1602703103
6043;256052;40271;99096;-61.099073111;-105.485855206
6044;256088;40281;99100;-51.1033390915;-101.6427155769
6045;256103;40267;99062;-65.292259211;-138.504678835
6046;256119;40273;99106;-58.7626983749;-94.0028657254
6047;256145;40283;99098;-47.7556824103;-101.6407528965
6048;256166;40263;99089;-67.3198056587;-109.9389644231
6049;256186;40278;99070;-52.3578952518;-127.9622795143
6050;256206;40278;99062;-52.3977147556;-134.9490747529
6051;256224;40264;99052;-65.9129782909;-144.4184602741
6052;256240;40269;99053;-60.4229464368;-142.8813581519
6053;256256;40261;99062;-68.367538221;-132.9335327284
6054;256283;40269;99063;-59.3888464562;-131.4897155137
6055;256303;40264;99054;-64.0082609208;-139.5688430716
6056;256323;40263;99069;-64.6246979662;-123.7267404986
6057;256334;40264;99052;-63.1664223802;-139.9945898005
6058;256354;40274;99084;-52.6841629109;-107.493472868
6059;256387;40276;99085;-50.4118453138;-106.0884090038
6060;256403;40258;99027;-67.4760979114;-163.2680691529
6061;256419;40267;99084;-58.0696777214;-105.5986513811
6062;256442;40267;99071;-57.9632827356;-117.7319472164
6063;256464;40277;99081;-47.737839617;-107.1266537611
6064;256484;40269;99087;-55.3893879329;-100.6426042842
6065;256504;40269;99079;-55.0427488118;-108.1213482861
6066;256524;40260;99093;-63.8075834384;-93.4809429734
6067;256540;40261;99084;-62.4132988531;-101.9614212214
6068;256556;40274;99074;-49.1715506337;-111.4145158161
6069;256592;40262;99085;-60.8895992675;-99.9098491518
6070;256612;40276;99110;-46.365898522;-74.6156792427
6071;256623;40267;99097;-54.8995750746;-87.0901138918
6072;256643;40262;99102;-59.3341422905;-81.3974783478
6073;256663;40270;99087;-50.8106241158;-95.6321531354
6074;256683;40262;99090;-58.2104652549;-92.3683228741
6075;256699;40262;99092;-57.6103939272;-90.037256742
6076;256715;40275;99079;-44.8520743681;-102.3820378893
6077;256731;40259;99086;-61.0636628698;-94.6758813764
6078;256762;40273;99075;-46.5895542803;-105.0868674173
6079;256782;40261;99099;-57.768820808;-80.7159065952
6080;256802;40266;99101;-51.9749645166;-78.3572387044
6081;256825;40284;99093;-34.7165196233;-85.7661815438
6082;256841;40267;99092;-51.3458328189;-86.4282049769
6083;256857;40268;99088;-49.5894284261;-90.0154794947
6084;256873;40266;99089;-51.0087595631;-88.6928525166
6085;256897;40271;99072;-45.7362572455;-104.991951516
6086;256917;40272;99092;-44.489995924;-84.3836663587
6087;256943;40261;99098;-55.4227538094;-77.9039119675
6088;256963;40267;99097;-49.4397705732;-78.5062178694
6089;256979;40262;99094;-54.1751023652;-80.9043018743
6090;256995;40254;99085;-61.5004272193;-89.5340881082
6091;257026;40265;99078;-49.0971898146;-95.8868911662
6092;257032;40292;99069;-21.9266506556;-104.2808791452
6093;257052;40265;99059;-48.8893290882;-113.649299444
6094;257072;40243;99062;-70.7436698505;-110.035840276
6095;257096;40247;99062;-66.3558022281;-109.5853348114
6096;257116;40255;99039;-57.8701384125;-132.0646933393
6097;257148;40251;99063;-60.829439995;-107.5146153941
6098;257164;40243;99033;-69.5374821387;-136.1317775126
6099;257181;40254;99058;-58.8009239927;-110.308550612
6100;257206;40254;99055;-58.4276908439;-112.8802754913
6101;257226;40252;99073;-59.7970701687;-94.6307093768
6102;257246;40261;99058;-50.2133582044;-109.3087860665
6103;257271;40259;99075;-51.465771352;-91.8468887842
6104;257287;40257;99074;-52.6616800888;-91.9296629045
6105;257303;40311;99073;1.5865176819;-92.2248770876
6106;257319;40260;99081;-49.3177030076;-83.7084050649
6107;257341;40255;99097;-54.3574088018;-67.4682790397
6108;257361;40260;99089;-49.3876078985;-75.1933553832
6109;257388;40264;99073;-44.941704159;-90.8733290766
6110;257408;40268;99087;-40.054923913;-76.5595203818
6111;257426;40267;99076;-40.618961272;-86.6488738296
6112;257444;40255;99091;-52.151294419;-71.3226086133
6113;257461;40264;99106;-42.6216256694;-56.0726078459
6114;257480;40261;99103;-45.6875906055;-58.6853962095
6115;257504;40265;99090;-41.3860795051;-71.3743172701
6116;257524;40250;99113;-55.9584088799;-48.1781321075
6117;257553;40268;99103;-38.0643189708;-57.4523210003
6118;257573;40265;99120;-41.1406952731;-39.816944991
6119;257589;40266;99112;-39.8203858978;-47.9434646867
6120;257609;40245;99177;-59.7440360191;16.91523908
6121;257629;40262;99099;-42.1810897126;-60.6491840261
6122;257641;40264;99126;-39.9356281664;-33.4653829106
6123;257661;40256;99107;-47.7145501291;-52.2497008033
6124;257676;40259;99088;-44.5579040475;-70.9254623376
6125;257696;40255;99090;-48.5829650415;-68.660991482
6126;257716;40259;99109;-44.6296722614;-49.49350414
6127;257748;40266;99113;-37.2177529825;-44.9459622446
6128;257764;40260;99122;-42.7650907486;-35.3222945638
6129;257780;40258;99106;-44.9779729505;-50.5744493848
6130;257795;40249;99107;-53.3952458003;-49.4564334014
6131;257815;40252;99107;-49.5852063715;-49.5235955782
6132;257835;40254;99115;-46.7868414816;-41.6322707373
6133;257857;40254;99102;-47.2473062154;-54.0029717432
6134;257879;40255;99106;-45.52832056;-49.7445142504
6135;257896;40250;99100;-49.6631614555;-55.8043972297
6136;257932;40253;99099;-47.0854626748;-55.9293481007
6137;257937;40284;99093;-16.0333261756;-61.5267574332
6138;257957;40247;99090;-52.8842658465;-64.114535354
6139;257983;40255;99104;-44.3825483978;-49.924563822
6140;258003;40264;99076;-34.8672946354;-77.6068353166
6141;258023;40251;99075;-47.2883459882;-78.2863222277
6142;258040;40253;99086;-45.7001240182;-66.955936801
6143;258056;40250;99090;-48.6369610478;-62.3176501898
6144;258075;40244;99088;-54.1506458111;-64.0211933244
6145;258095;40257;99093;-39.7298078656;-58.9472184672
6146;258112;40254;99097;-42.7636692284;-54.5944308865
6147;258132;40257;99102;-40.343243789;-49.1696721944
6148;258152;40253;99083;-44.9042442133;-67.6514115842
6149;258188;40249;99093;-47.9107384182;-57.0144592211
6150;258204;40230;99083;-65.5592346077;-67.1140003912
6151;258220;40261;99092;-33.5048030322;-58.1001913693
6152;258245;40254;99090;-41.3886805114;-59.3665313905
6153;258265;40245;99092;-51.1590221466;-56.6628859412
6154;258291;40257;99087;-39.2494520743;-61.2969367244
6155;258311;40286;99109;-9.7966050077;-39.3089777584
6156;258327;40266;99104;-29.7547656821;-43.7889408461
6157;258343;40271;99099;-25.1111884329;-47.9874778306
6158;258359;40252;99119;-43.6736452403;-28.0023660835
6159;258375;40248;99128;-47.0386954166;-19.0276147505
6160;258395;40262;99134;-33.6139320886;-12.9681690412
6161;258421;40271;99131;-23.423844604;-15.2998817547
6162;258441;40269;99151;-23.81132082;4.5922191059
6163;258469;40276;99156;-14.956672919;9.377900227
6164;258478;40270;99161;-20.4243952702;14.2367916921
6165;258498;40271;99177;-18.8311085219;29.7723699486
6166;258524;40270;99170;-19.0622666216;22.2122271058
6167;258548;40274;99171;-14.8420850582;22.9590189215
6168;258570;40274;99178;-14.7057376457;30.0097913672
6169;258586;40268;99172;-20.6515016574;24.437887223
6170;258605;40276;99184;-12.3616176329;36.5450125541
6171;258629;40268;99173;-20.2758741216;25.0038613084
6172;258645;40266;99189;-22.2046516935;41.0552332314
6173;258661;40261;99192;-27.5873622927;43.6962178366
6174;258677;40264;99178;-25.0899437655;29.4363776147
6175;258696;40274;99193;-15.0678849566;44.1953118305
6176;258716;40269;99190;-19.9404966407;40.9797569087
6177;258751;40282;99191;-6.4109813372;41.7954672619
6178;258767;40282;99186;-5.4526173393;36.8690378565
6179;258787;40277;99196;-9.1481121145;46.9839064387
6180;258807;40272;99178;-12.8193518796;29.1896926237
6181;258823;40263;99153;-21.1416140459;3.9973729559
6182;258842;40258;99142;-26.8735328703;-6.9777873151
6183;258862;40250;99133;-35.796352299;-15.8766180293
6184;258893;40254;99135;-33.8594884005;-13.3118239467
6185;258913;40259;99133;-30.3381286744;-14.6659411769
6186;258929;40268;99121;-20.705984041;-25.8744118033
6187;258945;40187;99132;-99.7935109145;-14.7805095515
6188;258961;40249;99136;-34.5270219399;-11.4035205549
6189;258984;40246;99126;-35.4550174033;-21.2638575154
6190;259002;40258;99144;-22.8966543551;-3.2263031768
6191;259022;40251;99120;-29.4575272645;-27.0958129805
6192;259042;40263;99111;-17.0797170012;-35.9212826022
6193;259065;40243;99123;-37.4378182718;-23.5829583507
6194;259081;40245;99126;-36.60057008;-19.4194318896
6195;259097;40223;99108;-58.4176607558;-37.0644120282
6196;259128;40237;99112;-42.3934884756;-33.3823472265
6197;259133;40231;99118;-47.751628463;-27.2047254507
6198;259153;40252;99098;-25.1410301606;-46.8312795814
6199;259173;40236;99107;-39.4516703196;-37.5043077153
6200;259200;40235;99094;-38.9456016145;-50.2620010258
6201;259220;40246;99115;-27.2576316797;-29.2291874525
6202;259237;40235;99105;-37.2122494516;-38.7919469589
6203;259272;40244;99119;-26.746950405;-23.9967679735
6204;259276;40239;99129;-31.4231003947;-13.8113034399
6205;259296;40300;99110;30.3031904399;-32.769143391
6206;259316;40243;99117;-25.6855049897;-25.7631165764
6207;259336;40239;99110;-28.6556117521;-32.7230423297
6208;259362;40237;99099;-61.5608417337;-55.4092069408
6209;259379;40240;99103;-58.268037525;-51.1521609061
6210;259410;40244;99090;-21.1769365549;-51.2781323192
6211;259426;40242;99089;-22.5670005261;-51.8067784163
6212;259443;40222;99097;-41.8378423808;-43.367845492
6213;259463;40230;99097;-67.00143963;-55.9435833512
6214;259483;40231;99104;-65.6714324319;-48.6988654344
6215;259509;40221;99092;-75.2930752697;-60.3953711073
6216;259517;40231;99101;-29.9402914854;-37.6007471847
6217;259537;40232;99113;-29.2992179512;-24.9575766302
6218;259572;40225;99086;-34.282080533;-52.141187783
6219;259575;40193;99087;-65.4076650219;-50.9595299967
6220;259595;40238;99079;-19.6243046169;-57.70456514
6221;259615;40240;99074;-16.8523637637;-61.4264075314
6222;259649;40212;99070;-42.5676628914;-64.3981616175
6223;259669;40229;99065;-23.9245341717;-68.7937001358
6224;259689;40214;99058;-37.886219698;-75.4199673948
6225;259707;40213;99054;-39.3222628496;-78.6619483733
6226;259724;40206;99050;-46.3770512744;-82.0328452888
6227;259749;40212;99055;-41.0855045518;-77.1010296563
6228;259769;40212;99046;-41.6128907903;-86.065965269
6229;259782;40202;99051;-51.5088754119;-80.7360124155
6230;259802;40215;99062;-38.4798018178;-69.4380765567
6231;259828;40217;99052;-35.7244554608;-79.0201444723
6232;259850;40206;99056;-46.3162155796;-74.3614409116
6233;259867;40192;99040;-60.2418046171;-89.6456593837
6234;259872;40201;99038;-50.7750323671;-91.1172593367
6235;259892;40205;99041;-45.8430818883;-87.7830222829
6236;259934;40174;99033;-75.4550495087;-95.5412203265
6237;259954;40201;99042;-47.6760957926;-86.1713362622
6238;259970;40189;99041;-58.4959331668;-86.6304704875
6239;259986;40152;99033;-93.7113914315;-94.6270310706
6240;260002;40190;99010;-54.1409643626;-117.0012877349
6241;260018;40190;99008;-53.5451268095;-118.0741508818
6242;260038;40168;99018;-74.9959379486;-107.2669304353
6243;260058;40179;98995;-63.5059792293;-129.3665943593
6244;260078;40187;98985;-55.0586647399;-138.4198795423
6245;260110;40174;98996;-69.1007534435;-126.9920633966
6246;260126;40187;98995;-56.5759828896;-127.2877503261
6247;260142;40198;98998;-45.3079101888;-123.7493474473
6248;260160;40177;99006;-65.5913926949;-115.3219941966
6249;260173;40185;99002;-58.2899383865;-118.5785606843
6250;260193;40155;99013;-88.1921927058;-107.0387091466
6251;260213;40182;99022;-60.9754298453;-97.5851178428
6252;260233;40183;99020;-59.7661334574;-99.1243342176
6253;260264;40180;99009;-63.8750747964;-109.3501687963
6254;260280;40175;99002;-69.4326413409;-115.9453910857
6255;260311;40183;99006;-62.1105869477;-111.5020791086
6256;260327;40176;98959;-69.4733432821;-158.0285008696
6257;260349;40174;99004;-71.2036297838;-112.8679109121
6258;260370;40181;99016;-64.9651478025;-99.9833633507
6259;260390;40174;98998;-72.7455601971;-116.9510432097
6260;260415;40175;98993;-72.657484833;-121.3463604488
6261;260435;40181;99001;-67.2966313312;-112.8297303165
6262;260451;40182;99004;-66.3956586144;-109.5596481164
6263;260467;40160;99097;-88.2861441849;-16.9183124139
6264;260489;40182;98999;-65.8658856729;-115.2376835954
6265;260505;40175;99029;-72.2422633351;-85.238749151
6266;260525;40197;99030;-49.6321023767;-84.2391910435
6267;260547;40190;99040;-57.1720367119;-73.9109255512
6268;260567;40191;99049;-57.1440020826;-64.4391212506
6269;260583;40204;99050;-45.5026485358;-62.9572677498
6270;260601;40200;99058;-50.6248718937;-55.0559302452
6271;260622;40207;99050;-44.9578284088;-63.1099462675
6272;260655;40183;99065;-70.4132932368;-47.4830252886
6280;260811;40199;99060;-56.5586600154;-52.3784750224
6281;260831;40189;99081;-67.2546297232;-31.2564351781
6282;260851;40210;99111;-47.0576286114;-1.285430564
6273;260669;40187;99057;-82.0502646034;-64.8204234376
6274;260689;40187;99053;-65.9847372605;-58.364829353
6275;260709;40176;99063;-76.521537194;-48.0724477464
6276;260726;40187;99057;-65.115653128;-53.7515280478
6277;260745;40185;99042;-66.7017984822;-68.3572129478
6278;260764;40174;99030;-77.2350131097;-79.9048694232
6279;260781;40173;99065;-77.7655616641;-44.6297876162
6280;260811;40199;99060;-52.4751729955;-49.4118371189
6281;260831;40189;99081;-63.1915601383;-28.3046304641
6282;260851;40210;99111;-43.0148743746;1.6516151264
6283;260875;40201;99123;-50.8048185365;13.4473336357
6284;260891;40209;99153;-42.4018658974;43.4595506733
6285;260907;40188;99148;-63.3625801263;38.1805253489
6286;260923;40214;99155;-37.6315037158;44.9854142139
6287;260953;40221;99160;-31.0498932801;49.9229788143
6288;260969;40230;99158;-22.1905648421;47.7999669236
6289;260989;40277;99157;24.4728913277;46.5986165737
6290;261009;40222;99162;-30.5883223839;51.3731884973
6291;261027;40222;99185;-29.7808605167;74.0473195986
6292;261043;40213;99171;-38.3264281905;59.8191106006
6293;261062;40236;99175;-15.2491427416;63.4252379862
6294;261078;40219;99190;-32.1464819853;78.4976627133
6295;261107;40226;99195;-25.4412895158;82.8187727439
6296;261120;40232;99201;-18.9352178631;87.9645761896
6297;261140;40240;99204;-10.1188299796;89.7717740185
6298;261162;40242;99216;-8.1268601537;101.1825006871
6299;261193;40236;99213;-14.9129270424;98.6522253077
6300;261210;40227;99191;-23.837369138;76.9993324554
6301;261232;40221;99199;-28.0724501742;84.8837984041
6302;261240;40224;99193;-24.2090280508;78.6786244715
6303;261260;40218;99199;-28.2642036135;84.7069216364
6304;261280;40216;99163;-28.3104687386;48.9170731853
6305;261313;40211;99136;-30.5063945779;20.3391133241
6306;261329;40213;99145;-28.6221295691;29.4246719457
6307;261345;40206;99133;-35.9477552574;17.6383198043
6308;261361;40214;99129;-27.1740540624;13.481125706
6309;261380;40203;99127;-37.6245993722;11.1130011401
6310;261400;40197;99099;-43.8357254538;-16.4301809863
6311;261424;40206;99140;-34.4952985872;24.8814916083
6312;261444;40199;99108;-40.8403266559;-6.7123007811
6313;261464;40213;99116;-26.256861595;1.6534684137
6314;261484;40203;99118;-35.4139471488;3.5986669533
6315;261500;40201;99118;-36.9905936923;3.7883111271
6316;261521;40188;99097;-49.0304722303;-16.8372944045
6317;261541;40168;99098;-68.3220905816;-15.741842383
6318;261572;40195;99083;-41.0432571993;-30.2915495207
6319;261592;40185;99091;-50.8190345042;-21.8875702052
6320;261612;40189;99083;-46.6166134496;-29.4444368909
6321;261632;40175;99080;-59.8500724128;-32.8456652054
6322;261648;40183;99082;-51.8974777335;-30.0376397237
6323;261665;40180;99079;-54.5843141618;-33.1684255757
6324;261681;40184;99096;-49.4115958202;-16.7979863507
6325;261709;40184;99089;-49.5183822927;-23.2266944009
6326;261729;40187;99071;-46.6252743219;-40.5802632913
6327;261749;40184;99076;-49.5938592434;-34.9173522269
6328;261769;40182;99076;-51.429203619;-34.212829646
6329;261785;40189;99081;-44.307824665;-29.1724332623
6330;261801;40191;99078;-41.6419693197;-32.8928517225
6331;261828;40177;99080;-55.2247691584;-30.7485003643
6332;261848;40177;99092;-54.6728816684;-18.40703542
6333;261860;40174;99086;-57.3948214991;-24.1548003462
6334;261880;40187;99078;-44.9821745006;-31.9555901016
6335;261900;40189;99074;-43.5811444921;-35.7374744661
6336;261933;40177;99076;-55.4044768736;-32.6197899092
6337;261949;40181;99122;-51.4410135515;13.5618714439
6338;261965;40182;99074;-49.8427284796;-34.7029234576
6339;261988;40188;99089;-41.7276494334;-20.7526330812
6340;261999;40186;99102;-43.5713195917;-7.6652047681
6341;262019;40189;99116;-41.0023489531;6.5845636808
6342;262039;40205;99114;-25.5148872121;4.8442167036
6343;262058;40202;99139;-28.3132104095;29.6297206482
6344;262078;40210;99156;-19.1938309418;45.8355446278
6345;262109;40203;99166;-26.8178236746;56.0830843623
6346;262125;40204;99173;-25.6902548416;63.727667374
6347;262147;40212;99172;-17.4301776831;62.1444050532
6348;262167;40203;99184;-26.1259994935;73.3809724007
6349;262187;40210;99187;-18.8579407779;75.6041005254
6350;262211;40206;99182;-23.2324340725;70.3312494159
6351;262227;40204;99191;-24.9613254685;78.2415324854
6352;262243;40220;99210;-8.9562264197;96.7547692624
6353;262259;40215;99208;-13.944948377;94.4186235236
6354;262285;40220;99182;-8.4254138251;68.7570162736
6355;262305;40210;99190;-18.0354269591;76.8084143215
6356;262320;40215;99184;-12.6727763584;70.5338278001
6357;262340;40208;99175;-19.1484199077;61.0076583665
6358;262360;40221;99197;-5.690017916;82.3727482513
6359;262393;40221;99191;-5.8656709318;76.3306821514
6360;262409;40211;99159;-15.5286533239;43.8413108022
6361;262425;40214;99196;-12.5989692947;80.5059110574
6362;262456;40215;99199;-11.2712568304;83.1349964516
6363;262476;40214;99204;-11.8648849857;87.7167759235
6364;262496;40216;99207;-9.4692945078;90.2854941058
6365;262517;40215;99194;-11.1416765586;77.1136514184
6366;262533;40208;99205;-19.2579963709;87.5309428321
6367;262549;40183;99215;-45.7905645601;97.1896597214
6368;262565;40221;99208;-8.7654452764;89.9511288045
6369;262581;40218;99205;-12.1374148415;86.8170229413
6370;262612;40224;99192;-4.5082941044;73.6899607048
6371;262632;40216;99205;-11.2765848022;86.4190822599
6377;262749;40219;99202;-9.0216899114;82.5060981554
6378;262769;40210;99210;-17.7479465215;90.3991695395
6379;262789;40218;99206;-9.5150456128;86.3142352327
6372;262658;40209;99191;-18.6587714619;70.1384524642
6373;262678;40223;99205;-4.5576160219;83.769969211
6374;262694;40217;99203;-10.4269663592;81.413328374
6375;262710;40188;99165;-39.1519699448;43.2484707412
6376;262726;40211;99185;-15.9933485125;62.9844373966
6377;262749;40219;99202;-7.7702730651;79.9286574185
6378;262769;40210;99210;-16.5027867594;87.8346160063
6379;262789;40218;99206;-8.2761116495;83.7625044672
6380;262811;40220;99194;-4.9971884503;71.1606090284
6381;262832;40210;99202;-13.1134048985;78.0136549082
6382;262849;40231;99193;7.8215012371;68.6990721507
6383;262867;40213;99200;-11.4141173026;75.4526811605
6384;262890;40219;99192;-5.8549793197;67.1999005505
6385;262910;40224;99205;-1.1300223593;79.8747154721
6386;262937;40217;99192;-7.6136803899;66.6396521111
6387;262957;40210;99196;-13.935919018;70.3775017551
6388;262974;40200;99191;-23.6175543134;65.124572087
6389;262992;40204;99158;-19.7190109416;31.9332143974
6390;263009;40206;99198;-18.1160576996;71.5387160541
6391;263027;40212;99189;-12.9793090467;62.3596583849
6392;263044;40212;99189;-12.7515685513;62.139623481
6393;263064;40199;99194;-25.2717236;66.8919536023
6394;263084;40200;99181;-23.7979127172;53.7107024357
6395;263104;40213;99187;-10.3901057325;59.5005378878
6396;263125;40194;99201;-28.2837159578;73.1298303178
6397;263143;40211;99172;-11.0155070418;43.8825909483
6398;263161;40201;99173;-20.5634070582;44.8963015392
6399;263182;40207;99180;-14.8652909893;51.5572527148
6400;263202;40219;99170;-3.6077925646;41.7233044906
6401;263227;40202;99162;-20.7659870893;33.6680405424
6402;263247;40194;99163;-28.548970831;34.4674686774
6403;263267;40197;99170;-25.3480748063;41.2324935082
6404;263286;40195;99155;-26.7421996766;26.1521914188
6405;263303;40195;99162;-26.2385860179;32.8567838441
6406;263321;40187;99147;-33.3132733444;17.6319396587
6407;263346;40192;99170;-28.0486960273;40.6291367322
6408;263378;40201;99157;-19.4822752535;27.7997320285
6409;263398;40204;99171;-16.8200177232;41.8035113258
6410;263418;40193;99150;-28.1035921729;20.9130688545
6411;263434;40195;99155;-25.1930293758;25.7157159127
6412;263451;40080;99165;-138.1896228814;35.039048991
6413;263469;40188;99162;-29.550375143;31.8939775057
6414;263490;40197;99152;-20.5600751686;21.718531253
6415;263510;40197;99152;-20.6317043511;21.5135435011
6416;263520;40187;99148;-30.5248281051;17.4928711183
6417;263540;40202;99156;-15.6361954284;25.7204996485
6418;263560;40188;99174;-29.6783885734;43.8585147507
6419;263594;40189;99155;-28.0211910281;25.2400578231
6420;263620;40186;99168;-30.4460054014;37.3893789868
6421;263624;40178;99160;-38.1674496631;29.2449561642
6422;263644;40182;99135;-34.0037603852;4.1657673608
6423;263673;40192;99158;-23.8479784622;27.1997797446
6424;263693;40201;99154;-14.7151154113;23.2394591187
6425;263713;40186;99141;-29.5080627311;10.3444600534
6426;263734;40186;99136;-29.6453048359;5.5829902294
6427;263752;40186;99140;-29.9200432083;9.6638319756
6428;263770;40188;99149;-27.4748705547;17.9447891953
6429;263782;40188;99134;-27.1908247756;2.8250109117
6430;263802;40185;99122;-29.9755431016;-9.0412163472
6431;263840;40179;99132;-35.71355508;1.5719030665
6432;263860;40183;99130;-31.4618970374;0.0615336108
6433;263878;40172;99118;-42.0601000786;-11.6396775437
6434;263895;40172;99091;-42.1027206872;-38.0466022043
6435;263914;40152;99143;-61.9254607246;13.7973246323
6436;263932;40175;99117;-38.0353074605;-12.7019431145
6437;263942;40167;99122;-45.5415149628;-7.7299542291
6438;263962;40177;99131;-35.1335783041;1.3027173442
6439;263982;40182;99106;-29.7519611942;-23.5398464033
6440;264002;40187;99129;-24.3965320353;-0.498269295
6441;264028;40177;99123;-33.5920531502;-6.342505546
6442;264045;40173;99119;-37.8382164433;-9.9386985261
6443;264062;40163;99122;-46.9450337987;-7.1096385678
6444;264095;40172;99125;-37.5660854455;-4.1721845249
6445;264111;40176;99154;-33.3445035392;24.7267527566
6446;264131;40180;99136;-29.0601079465;6.6798172682
6447;264151;40179;99118;-29.7719038887;-11.2772145723
6448;264168;40175;99141;-33.9455874897;11.8640900113
6449;264184;40173;99159;-36.0611998037;30.0263403782
6450;264215;40187;99140;-21.2951934055;10.8336109597
6451;264231;40178;99117;-30.2240362829;-12.036860929
6452;264252;40174;99131;-34.1764696473;2.1104070835
6453;264272;40172;99128;-36.1014259766;-0.7254940399
6454;264285;40177;99137;-30.9039817808;8.3260810276
6455;264305;40281;99159;73.160855836;30.1333393554
6456;264325;40184;99150;-23.2879174414;20.9860826816
6457;264343;40184;99147;-23.1672593563;17.8760948514
6458;264362;40183;99152;-23.706893399;22.8031451384
6459;264386;40180;99166;-26.6627118327;36.9657957132
6460;264406;40159;99164;-47.2011546823;34.6204038558
6461;264426;40182;99156;-23.8562440463;26.3156125813
6462;264446;40176;99178;-29.4823966921;47.9012188869
6463;264472;40175;99155;-30.7580933946;24.8114883124
6464;264490;40184;99165;-21.743398081;35.1668877032
6465;264506;40178;99160;-27.6387599283;30.3369523823
6466;264522;40188;99149;-17.2776719552;19.0863729987
6467;264542;40188;99149;-17.0730181456;19.2964929395
6468;264570;40185;99152;-20.0946053448;22.2659235948
6469;264592;40179;99128;-25.7758390021;-1.8814166419
6470;264612;40178;99142;-26.4368735667;11.9013857877
6471;264621;40172;99159;-32.1363081814;28.7798456237
6472;264641;40178;99144;-25.8117773121;13.7686304986
6473;264672;40170;99143;-32.9194838113;12.9170092713
6474;264688;40175;99142;-27.9167862057;11.995497603
6475;264713;40182;99152;-21.0012569794;21.8411959236
6476;264733;40173;99156;-29.971151353;25.6715885499
6482;264843;40170;99158;-32.7639727306;27.8357391169
6483;264863;40186;99170;-16.6869652769;39.4838866508
6484;264883;40179;99162;-23.5758267908;31.1727571808
6477;264755;40184;99148;-18.1132622194;17.7404347223
6478;264775;40175;99156;-26.8872867019;25.6672446563
6479;264792;40175;99154;-26.6624410619;23.6044205406
6480;264807;40176;99167;-25.4437196502;36.4769105454
6481;264823;40184;99170;-17.2660918455;39.3350381003
6482;264843;40170;99158;-31.1064596509;27.0673471026
6483;264863;40186;99170;-15.0377397626;38.7193365966
6484;264883;40179;99162;-21.9348474042;30.4120298769
6485;264908;40173;99161;-27.7921687033;29.4814657881
6486;264924;40169;99181;-31.2790579707;49.2921133049
6487;264955;40179;99179;-20.4579703023;46.9592304112
6488;264971;40187;99195;-12.1937684963;62.7107988264
6489;264980;40177;99178;-22.1966263574;45.6505957137
6490;265000;40169;99167;-30.5753044044;34.8472285007
6491;265022;40168;99153;-31.7627730321;20.9044494908
6492;265042;40179;99177;-20.8098334307;44.6801208469
6493;265062;40190;99176;-9.9128491497;43.4616379883
6494;265097;40186;99197;-12.3371968577;63.8921628237
6495;265113;40188;99173;-10.2396820263;39.8120675446
6496;265129;40181;99180;-16.7532336534;46.6332602479
6497;265143;40179;99183;-18.7328403236;49.4469859535
6498;265163;40181;99179;-16.912263255;45.2898829146
6499;265183;40165;99174;-33.0125667752;40.1586476342
6500;265217;40172;99148;-26.5997350599;14.1328732803
6501;265233;40178;99164;-20.2653416621;29.8927810598
6502;265249;40165;99158;-32.1864123269;23.653153807
6503;265265;40161;99152;-35.3661384417;17.4479063515
6504;265285;40167;99155;-29.3445932334;21.0638144868
6505;265312;40166;99156;-30.7471005154;21.8207649705
6506;265339;40164;99150;-32.6948913125;15.8108856348
6507;265352;40159;99152;-37.5304692612;17.8766917332
6508;265372;40173;99156;-23.5407556724;22.0851956121
6509;265395;40156;99124;-39.6301301943;-10.1794081161
6510;265411;40157;99129;-37.9603578122;-5.5397848709
6511;265429;40140;99122;-54.8386588632;-12.2497843822
6512;265455;40155;99114;-39.9060163564;-19.8102260998
6513;265475;40149;99123;-45.8230535456;-10.5142132937
6514;265495;40156;99129;-38.776676348;-4.2487403909
6515;265515;40147;99116;-47.0937941813;-17.4087454592
6516;265531;40151;99112;-42.0691295792;-21.7092243033
6517;265547;40140;99099;-52.5446169619;-34.4699248497
6518;265563;40156;99113;-37.1129532117;-19.6702783677
6519;265587;40150;99090;-42.6612400076;-42.4519209144
6520;265607;40161;99110;-31.1747583184;-22.5948253861
6521;265642;40144;99101;-47.9849315595;-31.4366640253
6522;265662;40148;99103;-43.9034426398;-29.1385031856
6523;265670;40147;99111;-44.6823171921;-20.9400009223
6524;265690;40160;99104;-30.7727863431;-27.9231669811
6525;265706;40161;99112;-29.8073536137;-19.5176357992
6526;265722;40155;99101;-35.5705340536;-30.0962265936
6527;265753;40152;99092;-38.3382015302;-38.8235324817
6528;265773;40142;99101;-48.043778158;-29.621184619
6529;265790;40143;99105;-46.7639917382;-25.5094428527
6530;265810;40141;99090;-48.5012114393;-40.428831163
6531;265827;40132;99101;-56.1080773063;-29.6452109775
6532;265843;40136;99085;-51.981008554;-45.2878598174
6533;265874;40136;99081;-52.1764122414;-48.8156652573
6534;265888;40126;99087;-61.6697965871;-42.5897992953
6535;265908;40127;99077;-60.1638168246;-52.344341967
6536;265939;40139;99088;-48.2028937483;-41.0451656523
6537;265959;40134;99088;-53.3095453727;-40.7005765104
6538;265979;40140;99084;-47.3794113634;-44.3580578327
6539;265995;40129;99067;-57.7132021489;-60.9238280376
6540;266011;40120;99074;-66.1931235402;-53.7320351038
6541;266027;40129;99082;-56.2146053595;-45.5778130301
6542;266054;40117;99082;-69.3425730903;-45.59964243
6543;266074;40137;99078;-50.3295354509;-49.5300588161
6544;266096;40127;99099;-61.3019209685;-27.5778073934
6545;266116;40132;99091;-57.1278335845;-34.1297727377
6546;266133;40128;99105;-62.7260481352;-21.3104175905
6547;266149;40139;99098;-52.006524866;-29.3816593993
6548;266165;40142;99074;-47.9812359362;-52.4386896056
6549;266185;40131;99061;-59.1159363621;-63.3969800182
6550;266204;40140;99063;-50.8110801587;-61.2493359551
6551;266224;40126;99070;-65.5938017382;-54.6711664074
6552;266244;40131;99093;-61.403370786;-32.2096400602
6553;266266;40146;99096;-49.8776640182;-28.7805190587
6554;266285;40159;99111;-38.781870184;-12.5790859791
6555;266306;40146;99099;-49.9693995991;-23.391797742
6556;266325;40151;99113;-44.0051492726;-11.1460604857
6557;266346;40154;99119;-42.3627537404;-5.4740166819
6558;266366;40173;99131;-25.0569416808;6.5916244428
6559;266386;40174;99147;-25.7567545977;22.5771779237
6560;266417;40178;99164;-17.5192719164;38.8211422744
6561;266435;40179;99195;-17.7605717845;69.3433886634
6562;266452;40179;99192;-22.4039731552;65.7232507611
6563;266469;40185;99206;-15.0777116885;77.5036323613
6564;266498;40214;99199;25.2363338423;68.3029519739
6565;266503;40195;99236;7.8435320778;104.5332974048
6566;266523;40201;99252;12.0945934061;119.1783735282
6567;266550;40204;99245;16.1635766356;110.832193286
6568;266570;40221;99292;34.0659277182;156.4771571196
6569;266589;40229;99325;43.4632054091;186.5738961588
6570;266610;40230;99325;47.5359910104;184.232140449
6571;266635;40244;99362;59.5076930591;221.3177930307
6572;266656;40248;99374;62.3610845273;231.389866406
6573;266676;40257;99400;70.4461005991;254.9330537828
6574;266684;40255;99439;67.6330493704;292.0310438415
6575;266704;40297;99440;107.7127960785;290.5075921226
6576;266733;40285;99460;89.2535087198;309.4567150671
6577;266752;40292;99487;98.1232462832;330.8604798004
6578;266768;40308;99526;114.5929315909;366.8470422981
6579;266797;40311;99544;109.2316889712;384.645106096
6580;266818;40311;99568;108.607054313;406.6164306864
6581;266838;40323;99602;121.2873977047;438.1140652867
6582;266858;40344;99659;142.8657653404;492.3378526764
6583;266878;40350;99692;148.6549837296;522.0462990443
6584;266896;40388;99717;177.3087489059;546.7394802747
6585;266914;40380;99754;158.8323135572;582.2026419456
6586;266938;40396;99765;170.095483586;590.7669846392
6587;266957;40384;99814;156.7144627597;636.863749948
6588;266977;40414;99858;185.3932949355;677.7662810353
6589;266997;40412;99833;182.0872844513;649.8108826517
6590;267017;40404;99812;166.3690533372;627.1379663208
6591;267033;40404;99827;168.6795804844;637.9071604804
6592;267052;40414;99832;179.8391009327;638.2969750661
6593;267068;40432;99845;195.8466007639;647.8490148338
6594;267086;40417;99855;180.5808310284;653.5513728527
6595;267106;40419;99874;182.6623981065;667.9442838476
6596;267133;40425;99852;187.3627795694;642.4066195083
6597;267153;40416;99846;177.0759515061;633.0703193809
6598;267169;40415;99837;174.825302018;623.2634715422
6599;267185;40439;99825;192.3737332109;607.5263708267
6600;267216;40424;99829;177.0846358833;608.5148639657
6601;267232;40449;99792;201.6600845396;567.7411362332
6602;267255;40416;99775;172.2101486995;548.5296963204
6603;267275;40393;99750;152.5932463309;521.5413275839
6604;267302;40401;99739;159.7575066354;507.8783762733
6605;267322;40383;99724;139.2366419548;490.025557535
6606;267339;40396;99727;148.4484564374;491.8600463231
6607;267355;40401;99717;153.8043470915;479.376743974
6608;267371;40404;99746;156.729923503;504.6667484318
6609;267394;40398;99730;151.0487552613;486.0538137002
6610;267414;40400;99737;153.2272178088;490.5781114717
6611;267435;40397;99743;149.7949561025;494.4278707823
6612;267455;40404;99761;155.447087643;510.6185974079
6613;267471;40413;99756;168.0470751395;502.2315220596
6614;267487;40425;99762;178.6829369482;504.4822916119
6615;267518;40425;99770;181.510472352;512.7302856952
6616;267534;40403;99746;150.8436506991;487.0216698343
6617;267557;40409;99803;152.2971507938;540.9288527802
6618;267568;40426;99813;168.7594817122;547.6114096392
6619;267588;40444;99839;188.3323777253;569.3781490354
6620;267608;40463;99859;208.8154457505;585.0592740643
6621;267637;40461;99891;207.6661620049;615.9316594962
6622;267645;40460;99921;206.2716219304;643.006489675
6623;267665;40483;99988;230.1232192419;706.7737734293
6624;267692;40508;100059;249.3057577734;775.7233346287
6625;267718;40507;100083;248.1879253401;795.9602180225
6626;267738;40524;100113;265.6100849624;821.7731384109
6627;267758;40537;100123;278.9742112387;827.5567032168
6628;267781;40523;100107;265.2494749578;805.4927098193
6629;267798;40491;100089;229.7716963952;783.9430385294
6630;267817;40524;100017;257.1291506392;711.6424767195
6631;267840;40473;99996;202.1684394869;687.0584608195
6632;267850;40476;99999;203.7116156634;685.7266941887
6633;267870;40497;100008;223.2371683598;689.107248384
6634;267890;40491;100020;215.7987874488;695.4451533441
6635;267918;40489;100021;218.3766454262;697.3524647175
6636;267934;40490;100009;219.4527409827;680.3092124926
6637;267950;40502;100006;242.7156508861;667.9543914948
6638;267966;40494;100019;228.5098107156;676.9441557306
6639;267986;40496;100042;226.1202394828;699.3388392959
6640;268006;40550;100062;275.0571706227;716.7270615824
6641;268028;40515;100082;236.600145701;733.430786961
6642;268048;40507;100099;226.3176389071;746.6659030727
6643;268068;40515;100097;232.0011745012;740.9298551693
6644;268091;40529;100131;243.2998728853;772.9918642197
6645;268107;40550;100169;262.7034122732;807.8687884518
6646;268128;40563;100246;267.5642326814;881.1425388065
6647;268156;40590;100317;296.878158857;946.1909031862
6648;268179;40607;100327;314.273522989;950.633066011
6649;268199;40596;100312;302.6146509231;930.3979943331
6650;268219;40600;100256;305.9437991888;869.4663480859
6651;268241;40584;100238;293.4954383718;845.598782071
6652;268257;40593;100246;303.3146521678;848.2375105655
6653;268273;40583;100286;292.2841699646;881.64134575
6654;268293;40597;100314;315.6835275535;903.6750846507
6655;268320;40606;100343;333.4574584587;933.6286089836
6656;268341;40620;100346;349.4473450092;932.4090702386
6657;268361;40673;100373;402.467211661;953.3873295769
6658;268379;40599;100367;326.5996412089;943.5805298949
6659;268399;40718;100385;441.6436743224;959.255136599
6660;268416;40626;100405;344.2119315677;978.4701784587
6661;268426;40636;100397;352.8991207133;966.3467013707
6662;268446;40642;100415;359.3477955365;979.9343439563
6663;268478;40639;100416;350.8236595659;973.3000019208
6664;268498;40619;100416;325.9962032599;966.3141166417
6665;268514;40626;100386;325.4808214994;934.6163620401
6666;268530;40600;100380;296.0226919394;926.2759193847
6667;268546;40625;100368;318.3284203104;907.8848836926
6668;268578;40612;100385;307.6034376698;914.5339993884
6669;268586;40635;100384;329.0832400193;909.5207945696
6670;268606;40618;100362;310.0041067647;885.7496881188
6671;268626;40622;100409;311.9126806742;930.7658103114
6672;268654;40616;100419;306.8086941918;933.853521426
6673;268674;40609;100387;300.9623676701;894.0548096849
6674;268691;40620;100373;307.135584056;878.4703602699
6675;268707;40603;100364;285.6544522906;865.6054070054
6676;268734;40618;100393;300.9884829043;889.5035596951
6677;268754;40579;100388;263.0590465918;878.796516092
6678;268774;40605;100384;287.416848243;870.04648742
6679;268794;40605;100397;283.1925055134;879.1682632241
6680;268814;40600;100381;274.0002139163;859.3921351088
6681;268830;40609;100387;282.2301188531;861.6308323869
6682;268846;40603;100401;277.7505331973;871.1925399776
6683;268877;40606;100403;280.0787518175;866.6033400275
6684;268887;40603;100419;275.2267121951;878.136767484
6685;268907;40605;100408;274.4989091077;862.9550599743
6686;268927;40617;100407;283.7179487387;857.800068094
6687;268953;40610;100418;273.722171713;864.5838023836
6688;268973;40606;100418;267.3454459677;860.2476274784
6689;268991;40616;100413;275.3292631181;850.916399446
6690;269010;40619;100424;275.9237941791;856.9317150199
6691;269036;40634;100435;290.3119342625;862.3571921636
6699;269193;40608;100348;260.9016488411;772.1146487437
6700;269213;40612;100350;263.680865137;770.2240362808
6701;269233;40587;100350;237.5918209282;766.3528350953
6692;269055;40630;100430;283.5906748735;844.4624658351
6693;269075;40618;100424;265.4592215532;831.939974497
6694;269095;40609;100424;255.1530579457;827.7686237295
6695;269122;40609;100395;253.8534251562;794.7631297158
6696;269140;40613;100365;256.5402905307;760.9276631722
6697;269160;40609;100349;251.2537215784;741.1913739613
6698;269176;40596;100354;237.0385854707;742.4487661964
6707;269346;40620;100369;258.6329370347;752.8471184436
6708;269366;40601;100363;237.7644712565;743.1843587574
6709;269386;40604;100358;238.8871425539;734.5653485725
6699;269193;40608;100348;248.7692351563;723.8863794784
6700;269213;40612;100350;251.5053889805;722.256947581
6701;269233;40587;100350;219.8112468747;715.4735175526
6702;269255;40603;100352;234.6043825645;713.8702892384
6703;269280;40612;100348;242.3585525759;706.3050770657
6704;269297;40612;100360;241.1189517372;714.697690954
6705;269312;40613;100368;240.8805489027;719.0683417727
6706;269328;40604;100345;230.6933380824;692.5721393374
6707;269346;40620;100369;245.1435905222;713.0126311691
6708;269366;40601;100363;224.3425714765;703.5490439192
6709;269386;40604;100358;225.5323522728;695.1282103085
6710;269415;40606;100361;225.002792636;695.1851859271
6711;269431;40603;100372;220.9668946341;701.969191517
6712;269447;40612;100375;230.8932604606;701.5755334345
6713;269466;40616;100382;233.8619367295;705.1686800631
6714;269486;40610;100387;224.8327930754;707.0417090185
6715;269504;40620;100377;233.1091631394;693.5153930419
6716;269524;40629;100408;241.1127945569;720.5489205766
6717;269544;40623;100409;234.1526899185;717.5956200926
6718;269566;40634;100406;244.4611765224;711.1917335847
6719;269597;40625;100388;233.156662579;689.8187448089
6720;269620;40620;100385;226.8055574805;683.4321444492
6721;269630;40623;100393;228.8044007801;687.8594260646
6722;269650;40623;100415;228.1227155839;706.0196699199
6723;269670;40627;100394;230.9086823656;681.611842901
6724;269690;40632;100398;234.2516039918;682.4541285282
6725;269710;40616;100394;216.680621801;675.3336299921
6726;269728;40622;100387;222.0613671637;664.7196469277
6727;269759;40625;100363;223.5604018641;637.2046635164
6728;269775;40592;100377;189.6138051725;648.3497227942
6729;269801;40627;100369;223.6094771431;637.0740634553
6730;269821;40619;100367;214.6132520369;631.7887593546
6731;269841;40618;100354;212.6276271569;615.5843984413
6732;269865;40609;100339;202.6251751934;598.2860135975
6733;269881;40593;100339;185.8548001063;595.3084422417
6734;269897;40603;100352;193.8483283103;604.9042139626
6735;269913;40598;100309;188.1681923206;558.7213405694
6736;269937;40586;100309;176.4797563034;555.7761970673
6737;269956;40595;100286;184.0247206206;530.1605028777
6738;269976;40599;100268;186.4408410458;509.6598904882
6739;269996;40591;100259;176.9018577687;498.2171543922
6740;270020;40583;100247;169.2221798323;483.7165059231
6741;270036;40596;100251;181.2346051128;485.5591083712
6742;270052;40590;100233;175.1331534388;465.2290393025
6743;270068;40579;100221;161.9265548667;451.01524884
6744;270091;40585;100239;166.5508828388;466.7210208016
6745;270108;40575;100237;155.7743788289;462.3518510202
6746;270128;40578;100235;158.039987804;457.9863361106
6747;270148;40573;100245;152.3347872311;465.5823897089
6748;270177;40581;100233;161.6026070372;451.1216671084
6749;270193;40579;100231;158.5647765519;447.1094325209
6750;270209;40571;100211;148.7801921013;424.7156435885
6751;270225;40579;100221;156.3841965577;433.0262219724
6752;270245;40586;100236;162.3574128844;445.106072021
6753;270270;40581;100206;156.1535346286;412.9544722494
6754;270290;40567;100199;141.0799476937;404.0345252976
6755;270311;40579;100208;152.2778009937;411.0500071872
6756;270331;40576;100201;148.7922086879;402.0752039346
6757;270347;40577;100205;149.1066384513;404.417272617
6758;270378;40568;100192;138.5739530169;389.2562958364
6759;270398;40567;100185;137.2212573971;380.1042070892
6760;270418;40575;100199;144.9030197891;391.8294508141
6761;270438;40567;100196;136.6286173555;386.5796137255
6762;270463;40586;100182;153.6265908549;371.7492496492
6763;270479;40576;100206;143.4053167893;393.7228206668
6764;270495;40553;100185;119.5847271377;370.1825642226
6765;270511;40584;100181;149.9519614654;363.9105086487
6766;270533;40585;100224;149.2620794762;405.8949341297
6767;270563;40587;100281;151.2249259262;460.3114739294
6768;270583;40603;100303;166.959649686;479.6258420459
6769;270604;40600;100298;162.9090747994;472.3405127159
6770;270624;40529;100289;90.6303914542;461.3760182242
6771;270641;40603;100281;163.5588140606;451.6540459992
6772;270657;40653;100260;213.0839685455;427.5127830599
6773;270673;40609;100257;169.0176772776;421.7562620654
6774;270693;40593;100228;151.9994680085;391.1637585536
6775;270713;40593;100224;150.8459181539;385.7189528557
6776;270733;40587;100226;143.7263537156;386.2739011331
6777;270761;40581;100201;137.0612353378;358.7841771691
6778;270777;40578;100202;133.2391225631;357.2282358471
6779;270793;40578;100212;132.6409241303;365.5912510806
6780;270809;40584;100208;137.5081341965;360.0442507534
6781;270836;40582;100197;134.136388811;347.6278455713
6782;270856;40558;100202;109.3926250391;350.6820535359
6783;270876;40573;100212;123.7331932649;358.7516791305
6784;270896;40581;100210;131.5061547746;355.010003621
6785;270916;40595;100211;145.2126410709;354.2723180832
6786;270933;40587;100211;135.0156907008;352.3346597641
6787;270949;40584;100217;131.6645160272;356.5204547752
6788;270980;40588;100216;135.5172472031;354.007682284
6789;270988;40598;100213;144.9321047064;349.2082564923
6790;271008;40596;100216;142.8049171439;350.3700994402
6791;271028;40585;100222;131.7365191166;354.5108137762
6792;271048;40597;100229;143.6116166767;359.6255051434
6793;271073;40593;100206;138.8951999451;333.8216317774
6794;271089;40592;100203;137.5121493102;329.2823490123
6795;271120;40596;100211;136.1890684923;337.3879198243
6796;271129;40621;100205;159.5393236979;329.5780203757
6797;271149;40581;100221;117.547311698;343.5234813107
6798;271170;40599;100229;134.5447435224;349.4380414688
6799;271190;40601;100211;137.7252544006;329.497339103
6800;271210;40602;100207;139.9045131147;323.5849920455
6801;271241;40580;100190;118.0178397718;305.6602494289
6802;271257;40583;100220;120.7163527224;333.1208706981
6803;271273;40580;100184;117.2827459857;294.663895326
6804;271290;40583;100186;119.6513406012;295.7227724351
6805;271310;40571;100175;107.0626434348;284.1921518725
6806;271342;40561;100143;97.2846545726;251.9656929725
6807;271362;40569;100125;105.3753710882;233.3416017677
6808;271378;40559;100117;93.2240392457;222.2629308482
6809;271394;40545;100109;77.8886712825;212.4980414254
6810;271410;40565;100116;96.9325122651;218.1885325878
6811;271430;40568;100105;99.0576980781;207.8246083479
6812;271450;40554;100088;84.9298395339;189.4441733298
6813;271468;40548;100087;78.6581560945;187.3344739407
6814;271488;40554;100064;84.2520647983;163.5227268556
6815;271508;40540;100040;69.9183292899;138.8351654993
6816;271538;40545;100033;77.7040853773;130.8948778183
6817;271554;40545;100027;78.0802793128;123.8943997217
6818;271570;40524;99979;54.6729517925;76.0106667585
6819;271591;40518;99950;45.6252400435;47.3322128593
6820;271614;40522;99948;49.2477688899;45.7345251442
6821;271634;40515;99939;42.1569354913;37.1031232375
6822;271654;40523;99928;50.0274177621;26.5276882161
6823;271675;40517;99933;46.3435608548;29.8268108986
6824;271696;40522;99942;52.4851248299;36.7951590052
6825;271717;40531;99954;55.1848972461;47.0896141104
6826;271738;40554;100005;75.3885158915;97.8151621638
6827;271758;40563;100052;82.0975137821;144.4620466793
6828;271776;40574;100081;94.1652215759;172.6190089663
6829;271796;40598;100097;120.0130797196;187.6372535883
6830;271812;40585;100124;104.7455455464;213.9629712623
6831;271828;40588;100130;106.1196428999;219.8590031731
6832;271860;40591;100129;108.4065299203;218.0725965623
6833;271876;40599;100155;112.9229661428;240.2756809899
6834;271896;40611;100191;128.7982581906;275.0300935315
6835;271916;40620;100229;142.608531566;311.9994368357
6836;271940;40618;100240;146.0808118877;321.3432067838
6837;271953;40601;100203;125.9755835055;284.1782904702
6838;271973;40613;100195;131.8748631954;277.1268752251
6839;271995;40616;100195;133.5950753106;277.285579347
6840;272011;40610;100187;126.647022172;267.171625326
6841;272043;40612;100177;125.1465805517;252.2322842553
6842;272063;40610;100211;119.0659239417;284.9287606878
6843;272070;40619;100174;126.4441713448;246.6781808863
6844;272090;40615;100191;121.241884426;262.0632954171
6845;272112;40602;100152;112.7968331656;221.9449110323
6846;272137;40604;100139;118.2399777004;208.9135308594
6847;272155;40596;100095;110.2179676093;164.970543575
6848;272171;40572;100062;86.1277900901;130.7241856843
6849;272198;40567;100051;77.2609217225;118.2262074911
6850;272221;40569;100011;78.1970357725;78.0524619761
6851;272241;40558;99998;66.8941728112;65.1471935799
6852;272261;40569;100016;77.5382735287;83.1536427968
6853;272278;40559;100018;70.7770955981;83.0148377224
6854;272294;40555;100000;66.8704897813;64.4576603406
6855;272310;40556;99983;65.1158716146;49.246004287
6856;272333;40544;99970;49.2442229981;37.1776568098
6857;272353;40572;99972;77.3076527606;38.1550690349
6858;272373;40544;99992;49.9111838109;56.8542486439
6859;272393;40562;100013;68.4262599783;76.4499403417
6860;272417;40563;99986;67.7233049857;49.6849237142
6861;272436;40544;99992;47.8349520906;56.4447072913
6862;272458;40553;99989;57.5146048536;52.6792087323
6863;272480;40564;99959;70.0514729436;22.2762546307
6864;272490;40548;99967;53.6569884385;30.0952630551
6865;272510;40544;99976;47.896353534;38.971647661
6866;272530;40549;99973;51.1122018484;35.8640979956
6867;272550;40556;99953;56.2946509657;15.8575337303
6868;272582;40550;99970;52.9350010084;32.7788317952
6869;272601;40572;99977;76.9914340093;39.2218099967
6870;272620;40551;99986;55.3121369636;48.3142076521
6871;272634;40556;99980;59.3687887417;42.320199852
6872;272654;40561;99977;63.0940912023;39.4298814911
6873;272669;40565;99984;66.3512886869;46.3099061668
6874;272689;40564;99984;66.2240016073;45.6169316711
6875;272709;40550;99981;53.1686190139;41.9401768044
6876;272740;40558;99976;55.1626998513;37.0385866261
6877;272756;40568;99984;66.221372964;45.0433304499
6878;272772;40561;99989;60.1044409201;49.4761894068
6879;272803;40571;99990;70.3212542888;49.8384060723
6880;272812;40568;100002;67.1802291252;61.4140059204
6881;272832;40598;100012;97.6377889467;70.8316911035
6882;272860;40587;99995;84.0423537112;54.671462079
6883;272886;40585;99986;80.7149254488;44.3223851767
6884;272902;40564;99990;59.3332630044;48.1492212486
6885;272918;40603;99984;98.4380328985;42.6550886497
6886;272941;40585;99988;80.8608294748;46.0850567316
6887;272963;40581;99991;76.0186680164;48.9971115533
6888;272983;40583;99983;76.7855286364;41.1450733004
6889;273003;40584;99977;76.549621529;35.3241377379
6890;273023;40580;99988;74.283883324;44.94587104
6891;273039;40569;99991;63.9977005076;47.4054081436
6892;273055;40578;99987;72.2502780074;43.4705885839
6893;273071;40588;99986;81.2708540849;43.0349849707
6894;273097;40581;99998;73.9034955648;54.420483291
6895;273124;40597;100002;89.2933591445;57.9233982262
6896;273144;40592;99989;83.5704838542;44.746311149
6897;273164;40606;99996;96.7799785479;51.5354274525
6898;273181;40590;99966;79.3131019844;21.6860871281
6899;273198;40594;99973;82.034942761;28.5681395159
6900;273214;40592;99958;80.1881705426;13.3285257475
6901;273234;40591;99954;81.7255700978;8.428508817
6902;273265;40583;99955;71.5758103056;10.3806160306
6903;273273;40590;99967;78.0166833435;22.2747152554
6904;273293;40585;99947;72.6972558482;2.0606423332
6905;273316;40584;99971;71.4054060656;25.7089017269
6906;273336;40600;99991;87.0240489527;45.2932858868
6907;273352;40602;100017;89.6614663906;70.7331754864
6908;273372;40618;100070;104.3873624671;123.2735754733
6909;273392;40621;100111;105.3610717395;163.737911126
6910;273417;40655;100129;139.1084592886;180.7856141946
6911;273437;40636;100120;120.5696957771;170.7622210928
6912;273457;40641;100118;126.0092153036;167.7531984936
6913;273472;40656;100128;138.1737825968;177.2823348
6914;273504;40655;100114;137.5662774668;163.0529031138
6915;273520;40608;100117;89.3993616704;163.9612049571
6916;273536;40656;100101;134.3909729994;146.7551550598
6917;273561;40652;100105;129.8582941729;150.5447216482
6918;273581;40639;100099;116.6407707306;144.3277678083
6919;273595;40649;100092;126.1760002578;136.7557322374
6920;273615;40637;100087;113.498938501;130.0266373068
6921;273635;40662;100115;137.7000316099;156.1609057719
6922;273651;40679;100154;153.9158107279;194.4913602644
6923;273684;40662;100162;137.6735705695;204.2042529728
6924;273690;40680;100165;154.2441454711;206.595589007
6925;273710;40687;100203;159.6735825834;242.7516688593
6926;273730;40703;100210;174.3487445833;247.3616949276
6927;273750;40687;100232;157.1085950516;266.8680145794
6928;273772;40701;100218;170.4857437322;252.9766134138
6929;273804;40706;100234;175.234673066;266.85836551
6930;273820;40681;100239;150.0696833969;269.0447783306
6931;273843;40707;100238;174.1516156435;266.7683323885
6932;273867;40704;100223;170.1072418238;250.635781974
6933;273887;40718;100243;183.1009547301;269.3723600404
6934;273907;40720;100251;184.0895733756;276.0758243778
6935;273928;40711;100243;173.4430789061;267.1119438639
6936;273944;40791;100245;252.2462587395;268.0277757562
6937;273960;40688;100276;148.4311025697;297.6321174357
6938;273976;40720;100234;179.7745510127;253.9429157396
6939;274000;40725;100225;183.9457366525;243.6352394999
6940;274020;40718;100204;175.9032831;221.8246925136
6941;274040;40729;100234;185.810560354;250.8698174282
6942;274060;40730;100249;184.8711884722;263.8554063373
6943;274076;40740;100231;193.8167599713;244.3967653602
6944;274092;40731;100238;183.7477266944;249.8778035382
6945;274124;40735;100236;187.0991870668;247.8745859902
6946;274128;40769;100255;220.0118727293;265.4114363728
6947;274148;40729;100246;179.0305043916;253.6966785305
6948;274168;40741;100237;189.9939631269;242.0334199677
6949;274194;40760;100265;205.2382629496;269.0673848609
6950;274214;40750;100268;190.8867823887;272.0815939655
6951;274230;40754;100278;196.4454945941;282.2848913537
6952;274265;40758;100255;206.6507326286;255.1499789781
6953;274281;40741;100252;185.7330412199;251.0336981668
6954;274303;40743;100243;186.764063649;241.1203046499
6955;274323;40753;100240;196.167470635;237.2005757318
6956;274346;40746;100258;188.4610381503;253.6677497585
6957;274366;40762;100286;203.4677521387;279.574349006
6958;274382;40772;100297;211.3548935813;289.5590115673
6959;274398;40769;100292;209.668413306;281.1395734348
6960;274414;40769;100273;212.3847954247;258.3520162147
6961;274443;40751;100244;183.8535457139;237.3372615952
6962;274458;40738;100196;166.1573020096;191.7837026856
6963;274478;40735;100205;166.843366526;194.3229795516
6964;274498;40749;100234;184.4639910909;216.7222064642
6965;274516;40740;100217;178.613689364;196.4665727343
6966;274532;40736;100193;173.8352040233;177.0478099514
6967;274563;40747;100171;175.0466077042;159.0530439608
6968;274584;40746;100188;176.7381215302;173.5329957885
6969;274594;40740;100182;170.5807308599;165.9909035813
6970;274614;40733;100187;163.6322011945;168.8700132267
6971;274634;40757;100215;187.5680184295;194.6134579134
6976;274749;40720;100172;148.634706132;152.0341621757
6972;274653;40749;100192;177.099268031;171.3162959473
6973;274673;40740;100203;167.2128162253;181.3869431253
6974;274693;40744;100201;170.3107966785;178.4722370675
6975;274725;40762;100206;187.3232872295;182.5371045399
6976;274749;40720;100172;144.1500209606;147.6157673485
6977;274768;40740;100154;163.2117891404;128.8322397787
6978;274788;40720;100173;142.4066238911;146.9528791821
6979;274808;40750;100129;171.4552804692;102.297310192
6980;274829;40723;100124;143.4163353554;97.4036853409
6981;274845;40811;100111;229.2531184533;84.2660387513
6982;274861;40690;100089;108.3958761508;62.0336338044
6983;274884;40713;100079;131.0204960548;52.0745494231
6984;274892;40714;100060;131.2452029989;32.8599554996
6985;274912;40722;100054;138.2139984106;26.4958492046
6986;274932;40702;100046;117.2865239789;18.1724839972
6987;274956;40717;100050;130.6150669199;22.7160338616
6988;274976;40701;100029;114.5115627254;1.1694258332
6989;274992;40703;100022;115.5864303596;-6.2248017985
6990;275023;40713;100008;126.0351662011;-19.6002672084
6991;275035;40714;100021;126.7176237135;-6.1561120649
6992;275055;40709;100023;121.7293218229;-3.370689488
6993;275080;40727;100028;138.1206030756;0.8065700896
6994;275100;40711;100048;120.7118409225;19.9858508129
6995;275118;40738;100067;147.8036184946;38.2322250523
6996;275134;40735;100051;144.277419112;21.5897543215
6997;275165;40735;100073;144.2496734228;44.1372247661
6998;275181;40732;100105;138.3008965642;75.6143020153
6999;275202;40738;100093;144.2609017886;62.7273186653
7000;275214;40752;100101;157.513042378;70.4466681787
7001;275234;40751;100113;155.3666230938;82.5275546592
7002;275254;40766;100107;169.149371319;76.6406046477
7003;275286;40759;100113;161.7161663097;82.2108011949
7004;275305;40770;100121;171.6888551809;89.7517271115
7005;275326;40766;100124;165.9692131814;92.7033644981
7006;275333;40778;100133;177.3953335632;100.8368167098
7007;275353;40767;100136;167.4344546546;101.6835936649
7008;275388;40766;100112;165.5756542288;77.977323608
7009;275408;40760;100115;158.5637583791;81.1454884997
7010;275426;40761;100106;160.6388910412;71.1942559449
7011;275442;40765;100089;162.2792355034;53.6774304142
7012;275458;40757;100091;152.8340878719;55.3178410948
7013;275474;40762;100080;156.5261576501;44.0357952853
7014;275493;40767;100085;159.0149994159;49.8257686968
7015;275513;40756;100080;145.3413505253;45.8341648877
7016;275551;40760;100048;153.6575249908;11.8926065178
7017;275567;40764;100060;156.7657287497;23.3509722051
7018;275583;40756;99984;147.282921748;-51.9669742415
7019;275600;40746;100023;135.9531020781;-12.372094896
7020;275623;40754;100023;141.3124672115;-11.8567161448
7021;275643;40753;100014;140.5058075125;-21.1708292249
7022;275663;40755;100046;143.1837472443;10.2197714498
7023;275679;40774;100070;161.7840727645;33.7086332588
7024;275699;40789;100112;174.5088790782;75.210402375
7025;275719;40792;100138;175.2233209012;100.5841634028
7026;275736;40798;100135;182.0585737321;97.6951407063
7027;275756;40788;100117;171.5930592441;81.5500761162
7028;275774;40775;100091;156.7080586517;55.2490123009
7029;275802;40766;100057;144.2527860284;18.2692875061
7030;275822;40774;100078;149.4492340995;36.8002519999
7031;275846;40787;100101;161.7114433862;60.1942425884
7032;275866;40818;100129;192.6638460633;89.5050864739
7033;275882;40812;100152;189.1729224647;112.7357634843
7034;275898;40799;100151;177.1624149018;110.8045864536
7035;275914;40803;100151;179.3859392314;107.4434833735
7036;275930;40807;100158;179.7595832701;112.4895132862
7037;275950;40807;100163;179.5392892093;117.4107370334
7038;275970;40819;100163;191.4917793536;117.4361237677
7039;275999;40808;100183;182.9063144097;137.0801668304
7040;276031;40819;100170;198.6118333844;122.8729765549
7041;276032;40817;100171;195.8086366463;123.1987703635
7042;276052;40812;100172;179.0203598196;131.178561316
7043;276084;40824;100221;184.484566975;178.0719297362
7044;276104;40857;100297;217.9599233991;246.7534623893
7045;276131;40870;100279;231.6842089677;228.2876375166
7046;276151;40848;100266;209.9477588311;217.009192928
7047;276169;40862;100220;225.6359789631;170.9476834352
7048;276188;40849;100078;211.5708934685;29.1566068469
7049;276204;40841;100191;200.5608193997;139.4568259332
7050;276222;40851;100200;208.3777814677;145.9317532768
7051;276246;40866;100219;219.2218743672;165.4651227409
7052;276267;40873;100239;225.856955158;184.9853398666
7053;276287;40856;100236;209.3719460178;181.2383067124
7054;276307;40848;100208;201.9325172637;152.6359088705
7055;276324;40862;100201;214.8140806257;144.9218262043
7056;276340;40852;100178;203.7876816921;120.7091763006
7057;276361;40858;100167;208.2640993345;108.9911844447
7058;276379;40845;100164;194.0701838433;105.3398475881
7059;276399;40859;100155;206.8484825156;95.7162202399
7060;276423;40842;100150;188.9215888903;90.5023965746
7061;276443;40843;100155;188.9985820442;95.2534649293
7062;276459;40839;100138;183.987959232;78.2208116857
7063;276475;40846;100143;190.1513496977;82.3689405054
7064;276507;40832;100140;175.2504205021;78.0117134443
7065;276523;40817;100125;158.2354177243;63.1821888811
7066;276542;40840;100115;180.7606170755;53.3802319739
7067;276564;40845;100123;185.8776351243;60.4072284723
7068;276580;40828;100106;167.2314164024;43.3756198348
7069;276596;40848;100115;185.6976102418;52.8890904869
7070;276627;40833;100114;170.915929276;50.591455086
7071;276648;40827;100085;164.9042918806;21.4750522643
7072;276658;40824;100079;161.2863468679;15.4696004281
7073;276678;40834;100084;169.9800432132;20.7170733847
7074;276698;40833;100067;167.6832711603;4.0501594517
7075;276718;40834;100061;167.3859830513;-1.5865694361
7076;276738;40822;100061;154.1531814664;-1.2232642042
7077;276754;40821;100054;153.1771955407;-8.7823609662
7078;276774;40815;100065;147.6557547619;1.2988128096
7079;276807;40817;100048;147.137349608;-14.0279011947
7080;276823;40797;100025;125.5124449589;-37.3552772755
7081;276841;40812;100031;139.7403630268;-31.6536089481
7082;276850;40825;100015;152.0519879208;-47.8402677093
7083;276870;40800;100014;126.712313799;-49.6512697052
7084;276904;40800;100003;125.8546560603;-57.7014332889
7085;276917;40807;99991;133.0824473763;-70.1583160565
7086;276937;40810;99992;137.1201002362;-70.7035324299
7087;276955;40799;99985;125.7688251025;-77.7915847892
7088;276976;40805;99968;125.843183367;-93.2256053799
7089;276996;40831;99977;150.627895278;-81.4356014702
7090;277021;40810;99987;130.7176990641;-71.9891271793
7091;277041;40809;99975;130.9126502991;-85.0818109651
7092;277065;40812;99971;132.27046077;-86.9028585825
7093;277084;40795;99956;113.7294860394;-101.3601547231
7094;277100;40784;99974;103.3272948608;-84.3712532987
7095;277116;40802;99958;121.0608145641;-100.2485904966
7096;277131;40802;99950;120.3602114085;-107.6617460813
7097;277151;40801;99983;118.4176461795;-73.6975469504
7098;277171;40801;99945;117.4582899838;-110.4925434493
7099;277196;40789;99932;104.9142071518;-123.1068389126
7100;277216;40804;99939;119.5190927984;-116.2743019969
7101;277235;40813;99948;129.2791123094;-108.4152816634
7102;277267;40803;99954;116.5402250226;-98.587596107
7103;277283;40804;99977;117.9405030043;-75.2936857384
7104;277299;40802;99947;115.5341432671;-105.037412572
7105;277319;40815;99954;127.8967931832;-97.8871278884
7106;277339;40823;99967;135.2229215042;-84.8042340338
7107;277367;40811;99945;120.7729543832;-105.108784117
7108;277383;40809;99956;119.8764968508;-94.3204200848
7109;277399;40806;99956;116.4832675113;-95.1294051678
7110;277415;40825;99981;134.6586073481;-71.2656513519
7111;277448;40810;99966;118.4259626112;-83.8213825408
7112;277468;40809;99958;117.5732454457;-91.5112294242
7113;277476;40833;99969;140.9353939088;-80.1565738865
7114;277496;40787;99970;93.2510047167;-78.6895523925
7115;277516;40831;99974;135.3492397331;-74.2444244152
7116;277548;40812;99968;116.2508620777;-79.8392326529
7117;277566;40834;99940;138.1714505342;-106.8280434221
7118;277582;40833;99973;138.0222745625;-73.4775956727
7119;277595;40823;99953;127.7566016264;-93.1397018337
7120;277615;40823;99955;125.9214825502;-90.9907571335
7121;277635;40841;99951;141.9997854268;-94.8240196293
7122;277667;40830;99971;132.0567230421;-74.2102164537
7123;277685;40836;99963;137.5296780174;-82.1173430243
7124;277709;40829;99955;128.8211886933;-89.3270939159
7125;277725;40815;99954;111.6567854573;-89.8651777389
7126;277747;40813;99963;110.8995391667;-80.7959127393
7127;277764;40825;99955;122.3844784765;-88.3479860023
7128;277784;40838;99972;134.5653403135;-70.9377871807
7129;277804;40831;99956;126.7848612124;-86.4492871137
7130;277822;40832;99966;127.2473600774;-76.4101884317
7131;277844;40836;99967;129.4633288435;-74.5157829979
7132;277860;40836;99950;128.7189046624;-91.0327466389
7133;277876;40834;99958;126.8517873908;-83.0204121447
7134;277902;40824;99940;117.1516736492;-100.7642195955
7135;277918;40836;99930;128.328596552;-110.2135727798
7136;277938;40831;99913;122.1191441875;-126.5013616905
7137;277965;40811;99928;101.092090552;-110.5067554126
7138;277983;40814;99900;103.9046152257;-138.3761513091
7139;277999;40823;99898;112.7606679514;-139.3302954632
7140;278018;40810;99890;99.0829303948;-146.1121195229
7141;278043;40823;99897;112.0767231123;-139.5351347097
7142;278061;40827;99900;114.7104177177;-135.4689240821
7143;278093;40833;99923;119.9215583026;-111.3625417038
7144;278098;40853;100000;139.0480657808;-34.3025247445
7145;278118;40861;100012;145.4069792521;-23.0543977254
7146;278138;40881;100049;163.941746231;13.331367196
7147;278158;40882;100051;165.0167124448;16.5385942778
7148;278174;40868;100041;151.0622087092;7.1482263476
7149;278194;40869;100026;152.0359900753;-8.5122872783
7150;278211;40872;100018;153.3656166582;-16.7794630622
7151;278231;40881;100045;159.9670002341;9.8988942141
7152;278254;40880;100052;158.3003052298;16.7243967049
7153;278274;40880;100063;159.820369168;27.7532481048
7154;278305;40883;100018;159.8252520009;-16.5379376896
7155;278325;40879;100029;154.2204287845;-5.8966062748
7156;278341;40878;100034;153.0623365434;-1.0841727194
7157;278361;40885;100053;160.2440074912;17.6191322916
7158;278393;40881;100042;155.4381241216;6.8339048967
7159;278409;40885;100051;156.4286815961;15.6686119119
7160;278420;40873;100101;143.0670098309;65.0727312111
7161;278440;40878;100010;148.5951088357;-26.6461546462
7162;278456;40865;100024;136.4774234624;-11.8725610957
7163;278494;40879;100009;148.7794788703;-25.6225709214
7164;278505;40874;99994;142.6522064756;-40.773754407
7165;278525;40868;99957;135.5518034451;-78.8560839625
7166;278541;40870;100007;137.2245696893;-28.6096598625
7167;278561;40858;99974;125.270762236;-60.7957817385
7168;278581;40875;99974;142.2353815796;-59.9833352367
7169;278597;40865;99960;131.3413753989;-73.8491314028
7170;278616;40856;99951;120.4343607799;-82.1841601766
7171;278639;40845;99965;110.1229542552;-67.3340272142
7172;278659;40832;99940;95.1141299239;-93.4521083499
7173;278681;40862;99928;124.0533132298;-105.0286851792
7174;278701;40849;99908;110.7404376673;-123.6481613658
7175;278721;40862;99914;123.3879732712;-116.8629809749
7176;278741;40867;99899;128.0411909182;-131.6929404349
7177;278760;40846;99901;106.755331755;-129.0911272804
7178;278776;40848;99911;107.7517872931;-118.0090404169
7179;278810;40861;99921;119.1813862178;-107.9045482233
7180;278821;40880;99953;137.501564989;-75.4515366193
7181;278841;40881;99998;138.0552663117;-30.0336011807
7182;278865;40878;100008;134.8070374491;-20.4552341558
7183;278887;40899;100031;155.6192942414;2.6961000216
7184;278907;40904;100035;160.4729536809;7.2620335198
7185;278924;40904;100063;157.8060384171;35.2234100082
7186;278940;40922;100049;175.2691568031;20.6953320831
7187;278972;40931;100091;183.2032019761;61.8756170866
7188;278978;40930;100100;181.1979011361;70.4160667866
7189;278998;40937;100118;187.270457772;88.1384104779
7190;279018;40923;100129;172.4393518095;98.8603365681
7191;279035;40949;100143;197.7465694229;112.0049120464
7192;279066;40933;100131;180.0998769117;99.5078281334
7193;279082;40937;100143;183.2290199186;110.5323084086
7194;279098;40941;100154;186.0796792448;121.3429172364
7195;279118;40951;100150;194.7931744922;117.4377263156
7196;279143;40940;100163;183.1567409957;129.8130714796
7197;279163;40937;100134;179.5426348388;100.237393465
7198;279183;40938;100132;179.857161301;97.7299812208
7199;279201;40931;100140;172.302987067;104.9437976919
7200;279217;40943;100137;182.5184083272;101.4358764101
7201;279233;40945;100147;183.1123119322;110.7913239985
7202;279260;40933;100150;170.510942185;113.2956901711
7203;279277;40941;100161;177.9404851833;123.6321402805
7204;279310;40955;100159;191.3270773839;120.801825584
7205;279330;40946;100134;180.9822930945;95.1417820569
7206;279350;40937;100127;170.6873406678;87.5192206426
7207;279367;40946;100139;178.8023408418;99.1233656889
7208;279383;40945;100148;177.639888099;107.6732635255
7209;279412;40949;100155;180.771304982;114.0574699502
7210;279432;40945;100163;175.4324822748;121.3463427374
7211;279452;40956;100168;185.0433476933;125.613357079
7212;279472;40961;100175;188.4711156916;131.5171091035
7213;279488;40961;100165;187.8827089242;121.3837951518
7214;279504;40958;100167;184.8200982775;123.1993665425
7215;279520;40960;100177;184.8650738025;132.3779287846
7216;279541;40966;100167;190.3344350712;120.766470733
7217;279557;40953;100174;176.984844795;127.3793209202
7218;279585;40961;100179;183.6392690346;132.1800406134
7219;279605;40963;100174;184.4924483449;126.7655610905
7220;279621;40974;100195;194.6493049891;146.7510771778
7221;279641;40980;100221;199.8862535019;171.4652370338
7222;279661;40975;100215;194.1534936698;164.2138062495
7223;279682;40997;100262;214.1975549429;210.4070845965
7224;279702;40988;100259;202.9942459663;206.8148700354
7225;279718;40989;100293;202.673369835;238.386944816
7226;279746;41017;100297;231.439582815;241.3601169746
7227;279766;41047;100288;260.6362642369;232.0186836208
7228;279785;40995;100287;207.4162377562;230.3617200115
7229;279801;40994;100295;205.3377497046;237.4434318291
7230;279817;41003;100281;212.0770014058;221.903801619
7231;279842;41017;100316;225.3792551316;255.1770766058
7232;279862;41024;100309;231.5503001498;246.6275464369
7233;279880;41027;100316;232.2394337189;252.8565976133
7234;279902;41024;100326;228.3712187142;261.4869234619
7235;279934;41025;100330;228.6482901262;264.519062922
7236;279954;41018;100311;220.7370370703;244.6068902534
7237;279972;41021;100291;223.573471635;222.7701723024
7238;279977;41099;100301;299.9026057719;231.5654788891
7239;279997;41023;100282;221.1019213494;211.9996325652
7240;280017;41017;100275;212.3370740236;204.4741926454
7241;280037;40999;100279;194.078369467;207.1220219679
7242;280057;41011;100289;206.5683394846;215.4544845972
7243;280088;41013;100292;208.2662786151;216.4167690346
7244;280104;41020;100284;212.2333956692;208.9238292889
7245;280120;41006;100295;195.5950123598;219.1142139074
7246;280151;41015;100318;204.6254284863;238.9066163678
7247;280159;41010;100307;198.9395151824;226.3654337668
7248;280179;40996;100254;184.9800633843;172.815661544
7249;280199;40994;100221;183.0355276226;139.4353469192
7250;280222;40997;100194;181.7105005752;110.8647965738
7251;280238;40974;100144;159.2301076648;60.0637325378
7252;280270;40959;100112;147.0086463083;28.8371101159
7253;280292;40974;100109;157.0511852623;26.6072578227
7254;280312;40943;100066;120.865018414;-15.1721454695
7255;280329;40935;100031;111.4796436555;-49.7194903945
7256;280349;40921;100094;100.1178681152;12.4372364408
7257;280369;40945;100052;126.6389646885;-30.1956428596
7258;280386;40936;100070;121.7306631063;-12.9360703879
7259;280404;40938;100054;121.9425326466;-27.1580483559
7260;280421;40932;100047;111.008350877;-32.6482086138
7261;280449;40943;100075;120.0280089978;-4.035420453
7262;280469;40945;100082;123.0642668925;1.7650458599
7263;280489;40962;100089;142.2894983535;6.5774082828
7264;280510;40941;100104;120.1032817193;22.0594312549
7265;280530;40959;100099;135.7638686406;18.3864544164
7266;280549;40944;100096;118.5555250421;16.1474646545
7267;280565;40969;100095;143.9931436993;13.956860289
7268;280588;40959;100111;134.7728266845;28.5694978991
7269;280610;40937;100109;111.5192179782;26.5592667597
7270;280630;40948;100088;120.4185209513;6.1706850598
7271;280650;40948;100100;118.3211353564;18.7223368314
7272;280675;40953;100090;123.5369530406;9.3164355237
7273;280693;40911;100111;84.027412829;29.6842855222
7274;280709;40916;100091;85.8934266234;6.4597800802
7275;280725;40932;100087;102.0233142763;2.6631085579
7276;280738;40934;100062;104.5696995425;-22.1234578057
7277;280758;40938;100062;109.7239276521;-21.9840115105
7278;280778;40936;100043;107.7646404588;-40.3747906711
7279;280798;40912;100018;82.2385360667;-64.0786678275
7280;280818;40921;100009;89.6697113091;-71.7390644736
7281;280849;40906;100006;73.812294039;-73.8428351866
7282;280865;40915;99996;83.0793263514;-84.7746661993
7283;280881;40914;100006;82.463270285;-74.9560974907
7284;280912;40902;100008;69.3787537437;-72.4637922458
7285;280932;40909;100010;74.970851187;-69.826300154
7286;280952;40918;100010;82.5200859911;-69.190474488
7287;280972;40905;100010;69.0999354245;-69.7246836195
7288;280988;40911;100019;76.2449247657;-60.3670615879
7289;281004;40897;100028;62.85310804;-49.8291674829
7290;281020;40924;100068;90.3021605385;-9.5829661005
7291;281043;40960;100162;119.2945409159;83.9097378949
7292;281060;40980;100188;139.1208296667;109.6727351577
7293;281080;40980;100204;139.968425994;125.476737049
7294;281100;40978;100201;138.8298342229;122.2989363649
7295;281126;40961;100183;122.1193851524;103.6101011234
7296;281142;40980;100186;138.8097756458;105.6445299235
7297;281158;40970;100196;120.5860250059;114.1434828977
7298;281190;40981;100190;142.2574271965;105.5500899397
7299;281203;40983;100204;144.712404735;117.0544131313
7300;281223;40975;100161;135.3601527016;73.9056567311
7301;281243;40972;100167;131.0264594479;79.7289203967
7302;281263;40966;100175;123.7262321799;87.5143440276
7303;281283;40980;100169;139.5016673834;83.7866019296
7304;281301;40961;100154;120.935360483;66.8925859844
7305;281318;40970;100152;128.2194877205;62.0354631958
7306;281343;40966;100157;119.046049052;67.5974296413
7307;281363;40963;100180;111.5097975656;91.3754852547
7308;281383;40981;100232;124.8866864865;143.8959653371
7309;281408;41004;100291;148.0051510226;203.1802094077
7310;281424;40986;100293;131.947841761;203.2365074468
7311;281440;40993;100273;142.1429918775;180.9462511334
7312;281471;40984;100242;126.1207221925;153.2973480393
7313;281493;40933;100212;78.6126733791;121.4567923081
7314;281513;40986;100221;135.2800353141;127.9760540654
7315;281533;40980;100217;129.0077256296;122.5189134904
7316;281553;40987;100224;133.5643914871;128.5685822547
7317;281571;40981;100237;119.4764706104;142.9398176332
7318;281587;41035;100236;174.3309607708;142.8851196648
7319;281606;40978;100250;122.7324688196;155.159779985
7320;281626;40995;100246;138.5925435521;146.6996365176
7321;281649;40996;100243;135.0489362014;144.8403750832
7322;281669;40984;100241;118.8626079395;144.2818426341
7323;281689;40984;100205;114.6796766982;109.9069757918
7324;281717;40982;100159;114.7847292866;62.1139726737
7325;281733;40983;100213;124.4565733932;110.4625099485
7326;281749;40974;100157;115.1672340708;52.4982368243
7327;281765;40954;100170;91.7766641652;67.1370759364
7328;281791;40956;100158;90.1271878483;57.5787817621
7329;281812;40951;100153;84.3668973963;52.7995829928
7330;281832;40956;100158;91.2989201914;55.8950071987
7331;281852;40942;100148;79.3035193982;44.0419361739
7332;281868;40948;100131;82.0274100279;28.6386876836
7333;281884;40932;100114;64.2689134055;12.226017082
7334;281900;40928;100100;60.5793525543;-1.9250875931
7335;281934;40940;100096;70.5318011073;-5.4115493278
7336;281950;40932;100115;64.1244516001;13.7194318516
7337;281970;40922;100090;57.4696829992;-11.1220464085
7338;281988;40924;100111;59.8453729421;9.0036562579
7339;282008;40934;100097;69.4287544705;-6.1814270132
7340;282028;40926;100100;61.0540709493;-4.3815526509
7341;282046;40939;100079;68.8049297345;-23.43353874
7342;282065;40930;100083;54.2963928984;-18.0710289531
7343;282091;40950;100133;72.5309768415;28.7347445798
7344;282110;40938;100142;60.7689159381;36.5017550579
7345;282130;40998;100160;122.2035430352;54.8414569052
7346;282150;40948;100143;73.8916461245;38.2676861199
7347;282168;40947;100144;72.6851066808;40.8160190789
7348;282184;40964;100140;89.7362819694;36.4521748526
7349;282202;40958;100171;83.5557122359;64.6176832692
7350;282223;40976;100179;101.1423871566;71.9984894826
7351;282243;40961;100151;86.4083800794;44.4589424236
7352;282265;40970;100192;94.6939421535;85.7221319286
7353;282285;40972;100196;94.8821936072;89.8315900967
7354;282305;40971;100198;92.0781666199;91.9334154726
7355;282323;40978;100220;97.1306338145;112.3222432045
7356;282339;40989;100228;107.1855105315;118.9727503948
7357;282374;40995;100221;113.1073811351;113.4934693346
7358;282378;40990;100233;107.8609812189;124.7518762403
7359;282398;40998;100296;118.0249850321;185.171956806
7360;282437;41015;100371;129.517195947;258.6824068567
7361;282457;41037;100403;146.8675824552;289.516255658
7362;282461;41050;100431;159.8669782814;315.796531384
7363;282481;41099;100470;215.0215199971;352.1783240081
7364;282513;41052;100442;168.6393942603;330.5611593025
7365;282536;41037;100377;145.3632608291;259.0260906038
7366;282546;41028;100392;134.7188888639;271.6836830264
7367;282566;40965;100417;71.44821192;294.8405509672
7368;282586;41031;100394;136.8498231158;270.1199378649
7369;282606;41042;100378;147.2003610104;252.4862311246
7370;282631;41017;100368;125.9616393716;245.2016321447
7371;282647;41019;100382;124.3671309132;254.6219611775
7372;282663;41037;100422;143.4906278457;291.4250215638
7373;282679;41056;100444;164.8452923825;309.9814521638
